#
# A fatal error has been detected by the Java Runtime Environment:
#
#  EXCEPTION_ACCESS_VIOLATION (0xc0000005) at pc=0x00007ffae53e2c4e, pid=13552, tid=7436
#
# JRE version: OpenJDK Runtime Environment (21.0.2+13) (build 21.0.2+13-58)
# Java VM: OpenJDK 64-Bit Server VM (21.0.2+13-58, mixed mode, sharing, tiered, compressed oops, compressed class ptrs, g1 gc, windows-amd64)
# Problematic frame:
# V  [jvm.dll+0x3c2c4e]
#
# No core dump will be written. Minidumps are not enabled by default on client versions of Windows
#
# If you would like to submit a bug report, please visit:
#   https://bugreport.java.com/bugreport/crash.jsp
#

---------------  S U M M A R Y ------------

Command Line: --add-opens=java.base/java.lang=ALL-UNNAMED --add-opens=java.base/java.lang.invoke=ALL-UNNAMED --add-opens=java.base/java.util=ALL-UNNAMED --add-opens=java.prefs/java.util.prefs=ALL-UNNAMED --add-exports=jdk.compiler/com.sun.tools.javac.api=ALL-UNNAMED --add-exports=jdk.compiler/com.sun.tools.javac.util=ALL-UNNAMED --add-opens=java.base/java.nio.charset=ALL-UNNAMED --add-opens=java.base/java.net=ALL-UNNAMED --add-opens=java.base/java.util.concurrent=ALL-UNNAMED --add-opens=java.base/java.util.concurrent.atomic=ALL-UNNAMED --add-opens=java.xml/javax.xml.namespace=ALL-UNNAMED --add-opens=java.base/java.time=ALL-UNNAMED -Xmx2048m -Dfile.encoding=UTF-8 -Duser.country=US -Duser.language=en -Duser.variant -javaagent:C:\Users\Risky\.gradle\wrapper\dists\gradle-9.5.1-bin\iq79hdu3mqx29lgffhp8bfmx\gradle-9.5.1\lib\agents\gradle-instrumentation-agent-9.5.1.jar org.gradle.launcher.daemon.bootstrap.GradleDaemon 9.5.1

Host: AMD Ryzen 5 5600X 6-Core Processor             , 12 cores, 31G,  Windows 11 , 64 bit Build 26100 (10.0.26100.8521)
Time: Wed Jun 24 19:52:33 2026 Central Daylight Time elapsed time: 4870.164058 seconds (0d 1h 21m 10s)

---------------  T H R E A D  ---------------

Current thread (0x000001fda6760350):  JavaThread "Execution worker Thread 10"        [_thread_in_vm, id=7436, stack(0x0000005277500000,0x0000005277600000) (1024K)]

Stack: [0x0000005277500000,0x0000005277600000],  sp=0x00000052775f94f0,  free space=997k
Native frames: (J=compiled Java code, j=interpreted, Vv=VM code, C=native code)
V  [jvm.dll+0x3c2c4e]
V  [jvm.dll+0x3c2d3b]
V  [jvm.dll+0x3c2d3b]
V  [jvm.dll+0x3c2d07]
V  [jvm.dll+0x3c2d07]
V  [jvm.dll+0x3c1f37]
V  [jvm.dll+0x3c1ed8]
V  [jvm.dll+0x3d3c4a]
C  0x000001fd6b16a7ff

The last pc belongs to new (printed below).
Java frames: (J=compiled Java code, j=interpreted, Vv=VM code)
j  org.jetbrains.kotlin.com.intellij.core.CoreApplicationEnvironment.createApplication(Lorg/jetbrains/kotlin/com/intellij/openapi/Disposable;)Lorg/jetbrains/kotlin/com/intellij/mock/MockApplication;+8
j  org.jetbrains.kotlin.cli.jvm.compiler.KotlinCoreApplicationEnvironment.createApplication(Lorg/jetbrains/kotlin/com/intellij/openapi/Disposable;)Lorg/jetbrains/kotlin/com/intellij/mock/MockApplication;+8
j  org.jetbrains.kotlin.com.intellij.core.CoreApplicationEnvironment.<init>(Lorg/jetbrains/kotlin/com/intellij/openapi/Disposable;Z)V+48
j  org.jetbrains.kotlin.com.intellij.core.JavaCoreApplicationEnvironment.<init>(Lorg/jetbrains/kotlin/com/intellij/openapi/Disposable;Z)V+11
j  org.jetbrains.kotlin.cli.jvm.compiler.KotlinCoreApplicationEnvironment.<init>(Lorg/jetbrains/kotlin/com/intellij/openapi/Disposable;Lorg/jetbrains/kotlin/cli/jvm/compiler/KotlinCoreApplicationEnvironmentMode;)V+9
j  org.jetbrains.kotlin.cli.jvm.compiler.KotlinCoreApplicationEnvironment.<init>(Lorg/jetbrains/kotlin/com/intellij/openapi/Disposable;Lorg/jetbrains/kotlin/cli/jvm/compiler/KotlinCoreApplicationEnvironmentMode;Lkotlin/jvm/internal/DefaultConstructorMarker;)V+3
j  org.jetbrains.kotlin.cli.jvm.compiler.KotlinCoreApplicationEnvironment$Companion.create(Lorg/jetbrains/kotlin/com/intellij/openapi/Disposable;Lorg/jetbrains/kotlin/cli/jvm/compiler/KotlinCoreApplicationEnvironmentMode;)Lorg/jetbrains/kotlin/cli/jvm/compiler/KotlinCoreApplicationEnvironment;+19
j  org.jetbrains.kotlin.cli.jvm.compiler.KotlinCoreEnvironment$Companion.createApplicationEnvironment(Lorg/jetbrains/kotlin/com/intellij/openapi/Disposable;Lorg/jetbrains/kotlin/config/CompilerConfiguration;Lorg/jetbrains/kotlin/cli/jvm/compiler/KotlinCoreApplicationEnvironmentMode;)Lorg/jetbrains/kotlin/cli/jvm/compiler/KotlinCoreApplicationEnvironment;+5
j  org.jetbrains.kotlin.cli.jvm.compiler.KotlinCoreEnvironment$Companion.getOrCreateApplicationEnvironment(Lorg/jetbrains/kotlin/com/intellij/openapi/Disposable;Lorg/jetbrains/kotlin/config/CompilerConfiguration;Lorg/jetbrains/kotlin/cli/jvm/compiler/KotlinCoreApplicationEnvironmentMode;)Lorg/jetbrains/kotlin/cli/jvm/compiler/KotlinCoreApplicationEnvironment;+66
j  org.jetbrains.kotlin.cli.jvm.compiler.KotlinCoreEnvironment$Companion.getOrCreateApplicationEnvironment(Lorg/jetbrains/kotlin/com/intellij/openapi/Disposable;Lorg/jetbrains/kotlin/config/CompilerConfiguration;)Lorg/jetbrains/kotlin/cli/jvm/compiler/KotlinCoreApplicationEnvironment;+62
j  org.jetbrains.kotlin.cli.jvm.compiler.KotlinCoreEnvironment$Companion.createForProduction(Lorg/jetbrains/kotlin/com/intellij/openapi/Disposable;Lorg/jetbrains/kotlin/config/CompilerConfiguration;Lorg/jetbrains/kotlin/cli/jvm/compiler/EnvironmentConfigFiles;)Lorg/jetbrains/kotlin/cli/jvm/compiler/KotlinCoreEnvironment;+27
j  com.pinterest.ktlint.rule.engine.core.api.KtlintKotlinCompilerKt.initPsiFileFactory()Lorg/jetbrains/kotlin/com/intellij/psi/PsiFileFactory;+79
j  com.pinterest.ktlint.rule.engine.core.api.KtlintKotlinCompilerKt.access$initPsiFileFactory()Lorg/jetbrains/kotlin/com/intellij/psi/PsiFileFactory;+0
j  com.pinterest.ktlint.rule.engine.core.api.KtlintKotlinCompiler.<clinit>()V+10
v  ~StubRoutines::call_stub 0x000001fd6b15100d
j  com.pinterest.ktlint.rule.engine.internal.RuleExecutionContext$Companion.createRuleExecutionContext$ktlint_rule_engine(Lcom/pinterest/ktlint/rule/engine/api/KtLintRuleEngine;Lcom/pinterest/ktlint/rule/engine/api/Code;)Lcom/pinterest/ktlint/rule/engine/internal/RuleExecutionContext;+72
j  com.pinterest.ktlint.rule.engine.internal.CodeFormatter.format(Lcom/pinterest/ktlint/rule/engine/api/Code;Lcom/pinterest/ktlint/rule/engine/internal/AutocorrectHandler;I)Lkotlin/Pair;+8
j  com.pinterest.ktlint.rule.engine.internal.CodeFormatter.format(Lcom/pinterest/ktlint/rule/engine/api/Code;Lcom/pinterest/ktlint/rule/engine/internal/AutocorrectHandler;Lkotlin/jvm/functions/Function2;I)Ljava/lang/String;+37
j  com.pinterest.ktlint.rule.engine.api.KtLintRuleEngine.format(Lcom/pinterest/ktlint/rule/engine/api/Code;Lkotlin/jvm/functions/Function2;)Ljava/lang/String;+25
j  com.diffplug.spotless.glue.ktlint.compat.KtLintCompat1Dot0Dot0Adapter.format(Ljava/lang/String;Ljava/nio/file/Path;Ljava/nio/file/Path;Ljava/util/Map;)Ljava/lang/String;+156
j  com.diffplug.spotless.glue.ktlint.KtlintFormatterFunc.applyWithFile(Ljava/lang/String;Ljava/io/File;)Ljava/lang/String;+34
j  com.diffplug.spotless.FormatterFunc$NeedsFile.apply(Ljava/lang/String;Ljava/io/File;)Ljava/lang/String;+7
j  com.diffplug.spotless.FormatterStepEqualityOnStateSerialization.format(Ljava/lang/String;Ljava/io/File;)Ljava/lang/String;+25
j  com.diffplug.spotless.Formatter.computeWithLint(Ljava/lang/String;Ljava/io/File;Lcom/diffplug/spotless/ValuePerStep;)Ljava/lang/String;+51
j  com.diffplug.spotless.DirtyState.of(Lcom/diffplug/spotless/Formatter;Ljava/io/File;[BLjava/lang/String;Lcom/diffplug/spotless/ValuePerStep;)Lcom/diffplug/spotless/DirtyState;+38
j  com.diffplug.spotless.LintState.of(Lcom/diffplug/spotless/Formatter;Ljava/io/File;[B)Lcom/diffplug/spotless/LintState;+29
j  com.diffplug.spotless.LintState.of(Lcom/diffplug/spotless/Formatter;Ljava/io/File;)Lcom/diffplug/spotless/LintState;+11
j  com.diffplug.gradle.spotless.SpotlessTaskImpl.processInputFile(Lcom/diffplug/spotless/extra/GitRatchet;Lcom/diffplug/spotless/Formatter;Ljava/io/File;Ljava/lang/String;)V+88
j  com.diffplug.gradle.spotless.SpotlessTaskImpl.performAction(Lorg/gradle/work/InputChanges;)V+316
J 18663 c1 java.lang.invoke.DirectMethodHandle$Holder.invokeVirtual(Ljava/lang/Object;Ljava/lang/Object;Ljava/lang/Object;)V java.base@21.0.2 (15 bytes) @ 0x000001fd64ca6e2c [0x000001fd64ca6a60+0x00000000000003cc]
J 14499 c1 java.lang.invoke.LambdaForm$MH+0x000001fd0103b000.invoke(Ljava/lang/Object;Ljava/lang/Object;Ljava/lang/Object;)Ljava/lang/Object; java.base@21.0.2 (57 bytes) @ 0x000001fd6531f84c [0x000001fd6531f0a0+0x00000000000007ac]
J 130881 c2 org.gradle.internal.reflect.JavaMethod.invoke(Ljava/lang/Object;[Ljava/lang/Object;)Ljava/lang/Object; (87 bytes) @ 0x000001fd6e89c790 [0x000001fd6e89c200+0x0000000000000590]
j  org.gradle.api.internal.project.taskfactory.IncrementalTaskAction.doExecute(Lorg/gradle/api/Task;Ljava/lang/String;)V+28
j  org.gradle.api.internal.project.taskfactory.StandardTaskAction.execute(Lorg/gradle/api/Task;)V+32
j  org.gradle.api.internal.project.taskfactory.IncrementalTaskAction.execute(Lorg/gradle/api/Task;)V+2
j  org.gradle.api.internal.project.taskfactory.StandardTaskAction.execute(Ljava/lang/Object;)V+5
j  org.gradle.api.internal.tasks.execution.TaskExecution$3.run(Lorg/gradle/internal/operations/BuildOperationContext;)V+23
J 191152 c2 org.gradle.internal.operations.DefaultBuildOperationRunner$1.execute(Lorg/gradle/internal/operations/BuildOperation;Lorg/gradle/internal/operations/BuildOperationContext;)V (10 bytes) @ 0x000001fd6efd6a94 [0x000001fd6efd6a20+0x0000000000000074]
J 61686 c2 org.gradle.internal.operations.DefaultBuildOperationRunner.execute(Lorg/gradle/internal/operations/BuildOperation;Lorg/gradle/internal/operations/BuildOperationWorker;)V (22 bytes) @ 0x000001fd6d257fc8 [0x000001fd6d255fa0+0x0000000000002028]
J 14083 c1 org.gradle.internal.operations.DefaultBuildOperationRunner.run(Lorg/gradle/internal/operations/RunnableBuildOperation;)V (9 bytes) @ 0x000001fd63f003dc [0x000001fd63f00340+0x000000000000009c]
j  org.gradle.api.internal.tasks.execution.TaskExecution.executeAction(Ljava/lang/String;Lorg/gradle/api/internal/TaskInternal;Lorg/gradle/api/internal/tasks/InputChangesAwareTaskAction;Lorg/gradle/internal/execution/history/changes/InputChangesInternal;Z)V+30
j  org.gradle.api.internal.tasks.execution.TaskExecution.executeActions(Lorg/gradle/api/internal/TaskInternal;Lorg/gradle/internal/execution/history/changes/InputChangesInternal;)V+131
j  org.gradle.api.internal.tasks.execution.TaskExecution.executeWithPreviousOutputFiles(Lorg/gradle/internal/execution/history/changes/InputChangesInternal;)Lorg/gradle/internal/execution/WorkOutput$WorkResult;+46
j  org.gradle.api.internal.tasks.execution.TaskExecution.execute(Lorg/gradle/internal/execution/ExecutionContext;)Lorg/gradle/internal/execution/WorkOutput;+61
j  org.gradle.internal.execution.steps.ExecuteStep.executeInternal(Lorg/gradle/internal/execution/UnitOfWork;Lorg/gradle/internal/execution/steps/WorkspaceContext;)Lorg/gradle/internal/execution/steps/Result;+13
j  org.gradle.internal.execution.steps.ExecuteStep.access$000(Lorg/gradle/internal/execution/steps/ExecuteStep;Lorg/gradle/internal/execution/UnitOfWork;Lorg/gradle/internal/execution/steps/WorkspaceContext;)Lorg/gradle/internal/execution/steps/Result;+3
j  org.gradle.internal.execution.steps.ExecuteStep$1.call(Lorg/gradle/internal/operations/BuildOperationContext;)Lorg/gradle/internal/execution/steps/Result;+12
j  org.gradle.internal.execution.steps.ExecuteStep$1.call(Lorg/gradle/internal/operations/BuildOperationContext;)Ljava/lang/Object;+2
J 190998 c2 org.gradle.internal.operations.DefaultBuildOperationRunner$CallableBuildOperationWorker.execute(Lorg/gradle/internal/operations/BuildOperation;Lorg/gradle/internal/operations/BuildOperationContext;)V (10 bytes) @ 0x000001fd6efb4218 [0x000001fd6efb41a0+0x0000000000000078]
J 61686 c2 org.gradle.internal.operations.DefaultBuildOperationRunner.execute(Lorg/gradle/internal/operations/BuildOperation;Lorg/gradle/internal/operations/BuildOperationWorker;)V (22 bytes) @ 0x000001fd6d257fc8 [0x000001fd6d255fa0+0x0000000000002028]
J 11725 c1 org.gradle.internal.operations.DefaultBuildOperationRunner.call(Lorg/gradle/internal/operations/CallableBuildOperation;)Ljava/lang/Object; (20 bytes) @ 0x000001fd64f4ea84 [0x000001fd64f4e8e0+0x00000000000001a4]
j  org.gradle.internal.execution.steps.ExecuteStep.execute(Lorg/gradle/internal/execution/UnitOfWork;Lorg/gradle/internal/execution/steps/WorkspaceContext;)Lorg/gradle/internal/execution/steps/Result;+28
j  org.gradle.internal.execution.steps.ExecuteStep$Mutable.execute(Lorg/gradle/internal/execution/UnitOfWork;Lorg/gradle/internal/execution/steps/Context;)Lorg/gradle/internal/execution/steps/Result;+6
j  org.gradle.internal.execution.steps.CancelExecutionStep.execute(Lorg/gradle/internal/execution/UnitOfWork;Lorg/gradle/internal/execution/steps/Context;)Lorg/gradle/internal/execution/steps/Result;+35
j  org.gradle.internal.execution.steps.TimeoutStep.executeWithoutTimeout(Lorg/gradle/internal/execution/UnitOfWork;Lorg/gradle/internal/execution/steps/Context;)Lorg/gradle/internal/execution/steps/Result;+6
j  org.gradle.internal.execution.steps.TimeoutStep.execute(Lorg/gradle/internal/execution/UnitOfWork;Lorg/gradle/internal/execution/steps/Context;)Lorg/gradle/internal/execution/steps/Result;+92
j  org.gradle.internal.execution.steps.PreCreateOutputParentsStep.execute(Lorg/gradle/internal/execution/UnitOfWork;Lorg/gradle/internal/execution/steps/WorkspaceContext;)Lorg/gradle/internal/execution/steps/Result;+24
j  org.gradle.internal.execution.steps.PreCreateOutputParentsStep.execute(Lorg/gradle/internal/execution/UnitOfWork;Lorg/gradle/internal/execution/steps/Context;)Lorg/gradle/internal/execution/steps/Result;+6
j  org.gradle.internal.execution.steps.RemovePreviousOutputsStep.executeMutable(Lorg/gradle/internal/execution/MutableUnitOfWork;Lorg/gradle/internal/execution/steps/InputChangesContext;)Lorg/gradle/internal/execution/steps/Result;+49
j  org.gradle.internal.execution.steps.RemovePreviousOutputsStep.executeMutable(Lorg/gradle/internal/execution/MutableUnitOfWork;Lorg/gradle/internal/execution/steps/Context;)Lorg/gradle/internal/execution/steps/Result;+6
J 100056 c1 org.gradle.internal.execution.steps.MutableStep.execute(Lorg/gradle/internal/execution/UnitOfWork;Lorg/gradle/internal/execution/steps/Context;)Lorg/gradle/internal/execution/steps/Result; (10 bytes) @ 0x000001fd68ad0a4c [0x000001fd68ad0840+0x000000000000020c]
j  org.gradle.internal.execution.steps.BroadcastChangingOutputsStep.execute(Lorg/gradle/internal/execution/UnitOfWork;Lorg/gradle/internal/execution/steps/WorkspaceContext;)Lorg/gradle/internal/execution/steps/Result;+27
j  org.gradle.internal.execution.steps.BroadcastChangingOutputsStep.execute(Lorg/gradle/internal/execution/UnitOfWork;Lorg/gradle/internal/execution/steps/Context;)Lorg/gradle/internal/execution/steps/Result;+6
j  org.gradle.internal.execution.steps.CaptureOutputsAfterExecutionStep.execute(Lorg/gradle/internal/execution/UnitOfWork;Lorg/gradle/internal/execution/steps/WorkspaceContext;)Lorg/gradle/internal/execution/steps/AfterExecutionResult;+6
j  org.gradle.internal.execution.steps.CaptureOutputsAfterExecutionStep.execute(Lorg/gradle/internal/execution/UnitOfWork;Lorg/gradle/internal/execution/steps/Context;)Lorg/gradle/internal/execution/steps/Result;+6
j  org.gradle.internal.execution.steps.ResolveInputChangesStep.executeMutable(Lorg/gradle/internal/execution/MutableUnitOfWork;Lorg/gradle/internal/execution/steps/MutableCachingContext;)Lorg/gradle/internal/execution/steps/Result;+22
j  org.gradle.internal.execution.steps.ResolveInputChangesStep.executeMutable(Lorg/gradle/internal/execution/MutableUnitOfWork;Lorg/gradle/internal/execution/steps/Context;)Lorg/gradle/internal/execution/steps/Result;+6
J 100056 c1 org.gradle.internal.execution.steps.MutableStep.execute(Lorg/gradle/internal/execution/UnitOfWork;Lorg/gradle/internal/execution/steps/Context;)Lorg/gradle/internal/execution/steps/Result; (10 bytes) @ 0x000001fd68ad0a4c [0x000001fd68ad0840+0x000000000000020c]
j  org.gradle.internal.execution.steps.BuildCacheStep.executeWithoutCache(Lorg/gradle/internal/execution/UnitOfWork;Lorg/gradle/internal/execution/steps/WorkspaceContext;)Lorg/gradle/internal/execution/steps/AfterExecutionResult;+6
j  org.gradle.internal.execution.steps.BuildCacheStep.lambda$execute$1(Lorg/gradle/internal/execution/UnitOfWork;Lorg/gradle/internal/execution/steps/WorkspaceContext;Lorg/gradle/internal/execution/caching/CachingState$Disabled;)Lorg/gradle/internal/execution/steps/AfterExecutionResult;+3
j  org.gradle.internal.execution.steps.BuildCacheStep$$Lambda+0x000001fd019d9aa0.apply(Ljava/lang/Object;)Ljava/lang/Object;+16
J 130090 c1 org.gradle.internal.Either$Right.fold(Ljava/util/function/Function;Ljava/util/function/Function;)Ljava/lang/Object; (11 bytes) @ 0x000001fd6889a8b4 [0x000001fd6889a840+0x0000000000000074]
j  org.gradle.internal.execution.caching.CachingState.fold(Ljava/util/function/Function;Ljava/util/function/Function;)Ljava/lang/Object;+6
j  org.gradle.internal.execution.steps.BuildCacheStep.execute(Lorg/gradle/internal/execution/UnitOfWork;Lorg/gradle/internal/execution/steps/WorkspaceContext;)Lorg/gradle/internal/execution/steps/AfterExecutionResult;+25
j  org.gradle.internal.execution.steps.BuildCacheStep.execute(Lorg/gradle/internal/execution/UnitOfWork;Lorg/gradle/internal/execution/steps/Context;)Lorg/gradle/internal/execution/steps/Result;+6
j  org.gradle.internal.execution.steps.StoreExecutionStateStep.executeMutable(Lorg/gradle/internal/execution/MutableUnitOfWork;Lorg/gradle/internal/execution/steps/PreviousExecutionContext;)Lorg/gradle/internal/execution/steps/AfterExecutionResult;+6
j  org.gradle.internal.execution.steps.StoreExecutionStateStep.executeMutable(Lorg/gradle/internal/execution/MutableUnitOfWork;Lorg/gradle/internal/execution/steps/Context;)Lorg/gradle/internal/execution/steps/Result;+6
J 100056 c1 org.gradle.internal.execution.steps.MutableStep.execute(Lorg/gradle/internal/execution/UnitOfWork;Lorg/gradle/internal/execution/steps/Context;)Lorg/gradle/internal/execution/steps/Result; (10 bytes) @ 0x000001fd68ad0a4c [0x000001fd68ad0840+0x000000000000020c]
j  org.gradle.internal.execution.steps.SkipUpToDateStep.executeBecause(Lorg/gradle/internal/execution/UnitOfWork;Lcom/google/common/collect/ImmutableList;Lorg/gradle/internal/execution/steps/MutableChangesContext;)Lorg/gradle/internal/execution/steps/UpToDateResult;+11
j  org.gradle.internal.execution.steps.SkipUpToDateStep.lambda$execute$2(Lorg/gradle/internal/execution/UnitOfWork;Lcom/google/common/collect/ImmutableList;Lorg/gradle/internal/execution/steps/MutableChangesContext;)Lorg/gradle/internal/execution/steps/UpToDateResult;+4
j  org.gradle.internal.execution.steps.SkipUpToDateStep$$Lambda+0x000001fd0280cb40.get()Ljava/lang/Object;+16
J 187782 c1 org.gradle.internal.execution.steps.SkipUpToDateStep.execute(Lorg/gradle/internal/execution/UnitOfWork;Lorg/gradle/internal/execution/steps/MutableChangesContext;)Lorg/gradle/internal/execution/steps/UpToDateResult; (72 bytes) @ 0x000001fd641e7c44 [0x000001fd641e76c0+0x0000000000000584]
J 187771 c1 org.gradle.internal.execution.steps.SkipUpToDateStep.execute(Lorg/gradle/internal/execution/UnitOfWork;Lorg/gradle/internal/execution/steps/Context;)Lorg/gradle/internal/execution/steps/Result; (10 bytes) @ 0x000001fd65b564d4 [0x000001fd65b56440+0x0000000000000094]
J 191076 c1 org.gradle.internal.execution.steps.legacy.MarkSnapshottingInputsFinishedStep.execute(Lorg/gradle/internal/execution/UnitOfWork;Lorg/gradle/internal/execution/steps/Context;)Lorg/gradle/internal/execution/steps/Result; (10 bytes) @ 0x000001fd65f67184 [0x000001fd65f67060+0x0000000000000124]
J 180361 c1 org.gradle.internal.execution.steps.ResolveMutableCachingStateStep.executeDelegate(Lorg/gradle/internal/execution/UnitOfWork;Lorg/gradle/internal/execution/steps/MutableChangesContext;Lorg/gradle/internal/execution/caching/CachingState;)Lorg/gradle/internal/execution/steps/UpToDateResult; (23 bytes) @ 0x000001fd6650011c [0x000001fd664fffe0+0x000000000000013c]
J 187770 c1 org.gradle.internal.execution.steps.ResolveMutableCachingStateStep.executeDelegate(Lorg/gradle/internal/execution/UnitOfWork;Lorg/gradle/internal/execution/steps/ValidationFinishedContext;Lorg/gradle/internal/execution/caching/CachingState;)Lorg/gradle/internal/execution/steps/UpToDateResult; (11 bytes) @ 0x000001fd65b568d4 [0x000001fd65b56840+0x0000000000000094]
J 104065 c1 org.gradle.internal.execution.steps.AbstractResolveCachingStateStep.execute(Lorg/gradle/internal/execution/UnitOfWork;Lorg/gradle/internal/execution/steps/ValidationFinishedContext;)Lorg/gradle/internal/execution/steps/CachingResult; (69 bytes) @ 0x000001fd63f95024 [0x000001fd63f94b60+0x00000000000004c4]
J 180282 c1 org.gradle.internal.execution.steps.AbstractResolveCachingStateStep.execute(Lorg/gradle/internal/execution/UnitOfWork;Lorg/gradle/internal/execution/steps/Context;)Lorg/gradle/internal/execution/steps/Result; (10 bytes) @ 0x000001fd66ec1474 [0x000001fd66ec13c0+0x00000000000000b4]
J 187768 c1 org.gradle.internal.execution.steps.ResolveChangesStep.executeMutable(Lorg/gradle/internal/execution/MutableUnitOfWork;Lorg/gradle/internal/execution/steps/MutableValidationFinishedContext;)Lorg/gradle/internal/execution/steps/Result; (49 bytes) @ 0x000001fd64f515fc [0x000001fd64f51100+0x00000000000004fc]
J 180357 c1 org.gradle.internal.execution.steps.ResolveChangesStep.executeMutable(Lorg/gradle/internal/execution/MutableUnitOfWork;Lorg/gradle/internal/execution/steps/Context;)Lorg/gradle/internal/execution/steps/Result; (10 bytes) @ 0x000001fd65ba6754 [0x000001fd65ba66c0+0x0000000000000094]
J 100056 c1 org.gradle.internal.execution.steps.MutableStep.execute(Lorg/gradle/internal/execution/UnitOfWork;Lorg/gradle/internal/execution/steps/Context;)Lorg/gradle/internal/execution/steps/Result; (10 bytes) @ 0x000001fd68ad0a4c [0x000001fd68ad0840+0x000000000000020c]
J 180356 c1 org.gradle.internal.execution.steps.ValidateStep$Mutable.executeDelegate(Lorg/gradle/internal/execution/UnitOfWork;Lorg/gradle/internal/execution/steps/MutableBeforeExecutionContext;Ljava/util/List;)Lorg/gradle/internal/execution/steps/Result; (20 bytes) @ 0x000001fd65ba6c2c [0x000001fd65ba6ae0+0x000000000000014c]
J 180352 c1 org.gradle.internal.execution.steps.ValidateStep$Mutable.executeDelegate(Lorg/gradle/internal/execution/UnitOfWork;Lorg/gradle/internal/execution/steps/BeforeExecutionContext;Ljava/util/List;)Lorg/gradle/internal/execution/steps/Result; (11 bytes) @ 0x000001fd65ba7d54 [0x000001fd65ba7cc0+0x0000000000000094]
J 180275 c1 org.gradle.internal.execution.steps.ValidateStep.execute(Lorg/gradle/internal/execution/UnitOfWork;Lorg/gradle/internal/execution/steps/BeforeExecutionContext;)Lorg/gradle/internal/execution/steps/Result; (67 bytes) @ 0x000001fd68eeda64 [0x000001fd68eed760+0x0000000000000304]
J 180354 c1 org.gradle.internal.execution.steps.ValidateStep$Mutable.execute(Lorg/gradle/internal/execution/UnitOfWork;Lorg/gradle/internal/execution/steps/Context;)Lorg/gradle/internal/execution/steps/Result; (10 bytes) @ 0x000001fd65ba7574 [0x000001fd65ba74c0+0x00000000000000b4]
J 187781 c1 org.gradle.internal.execution.steps.CaptureMutableStateBeforeExecutionStep.executeMutable(Lorg/gradle/internal/execution/MutableUnitOfWork;Lorg/gradle/internal/execution/steps/PreviousExecutionContext;)Lorg/gradle/internal/execution/steps/CachingResult; (86 bytes) @ 0x000001fd65b53354 [0x000001fd65b52d00+0x0000000000000654]
J 187779 c1 org.gradle.internal.execution.steps.CaptureMutableStateBeforeExecutionStep.execute(Lorg/gradle/internal/execution/UnitOfWork;Lorg/gradle/internal/execution/steps/Context;)Lorg/gradle/internal/execution/steps/Result; (10 bytes) @ 0x000001fd65b54424 [0x000001fd65b54340+0x00000000000000e4]
J 180288 c1 org.gradle.internal.execution.steps.SkipEmptyMutableWorkStep.executeMutable(Lorg/gradle/internal/execution/MutableUnitOfWork;Lorg/gradle/internal/execution/steps/PreviousExecutionContext;)Lorg/gradle/internal/execution/steps/CachingResult; (87 bytes) @ 0x000001fd64024d64 [0x000001fd64024800+0x0000000000000564]
J 180280 c1 org.gradle.internal.execution.steps.SkipEmptyMutableWorkStep.executeMutable(Lorg/gradle/internal/execution/MutableUnitOfWork;Lorg/gradle/internal/execution/steps/Context;)Lorg/gradle/internal/execution/steps/Result; (10 bytes) @ 0x000001fd66ec2ad4 [0x000001fd66ec2a40+0x0000000000000094]
J 100056 c1 org.gradle.internal.execution.steps.MutableStep.execute(Lorg/gradle/internal/execution/UnitOfWork;Lorg/gradle/internal/execution/steps/Context;)Lorg/gradle/internal/execution/steps/Result; (10 bytes) @ 0x000001fd68ad0a4c [0x000001fd68ad0840+0x000000000000020c]
J 99556 c1 org.gradle.internal.execution.steps.legacy.MarkSnapshottingInputsStartedStep.execute(Lorg/gradle/internal/execution/UnitOfWork;Lorg/gradle/internal/execution/steps/Context;)Lorg/gradle/internal/execution/steps/Result; (37 bytes) @ 0x000001fd67e1a85c [0x000001fd67e1a680+0x00000000000001dc]
J 180279 c1 org.gradle.internal.execution.steps.LoadPreviousExecutionStateStep.executeMutable(Lorg/gradle/internal/execution/MutableUnitOfWork;Lorg/gradle/internal/execution/steps/WorkspaceContext;)Lorg/gradle/internal/execution/steps/AfterExecutionResult; (74 bytes) @ 0x000001fd68eeba0c [0x000001fd68eeb620+0x00000000000003ec]
J 180274 c1 org.gradle.internal.execution.steps.LoadPreviousExecutionStateStep.executeMutable(Lorg/gradle/internal/execution/MutableUnitOfWork;Lorg/gradle/internal/execution/steps/Context;)Lorg/gradle/internal/execution/steps/Result; (10 bytes) @ 0x000001fd65bb1e54 [0x000001fd65bb1dc0+0x0000000000000094]
J 100056 c1 org.gradle.internal.execution.steps.MutableStep.execute(Lorg/gradle/internal/execution/UnitOfWork;Lorg/gradle/internal/execution/steps/Context;)Lorg/gradle/internal/execution/steps/Result; (10 bytes) @ 0x000001fd68ad0a4c [0x000001fd68ad0840+0x000000000000020c]
J 191082 c1 org.gradle.internal.execution.steps.HandleStaleOutputsStep.executeMutable(Lorg/gradle/internal/execution/MutableUnitOfWork;Lorg/gradle/internal/execution/steps/WorkspaceContext;)Lorg/gradle/internal/execution/steps/AfterExecutionResult; (45 bytes) @ 0x000001fd65f60524 [0x000001fd65f603a0+0x0000000000000184]
J 198125 c1 org.gradle.internal.execution.steps.HandleStaleOutputsStep.executeMutable(Lorg/gradle/internal/execution/MutableUnitOfWork;Lorg/gradle/internal/execution/steps/Context;)Lorg/gradle/internal/execution/steps/Result; (10 bytes) @ 0x000001fd6677eeac [0x000001fd6677ed40+0x000000000000016c]
J 100056 c1 org.gradle.internal.execution.steps.MutableStep.execute(Lorg/gradle/internal/execution/UnitOfWork;Lorg/gradle/internal/execution/steps/Context;)Lorg/gradle/internal/execution/steps/Result; (10 bytes) @ 0x000001fd68ad0a4c [0x000001fd68ad0840+0x000000000000020c]
J 180301 c1 org.gradle.internal.execution.steps.AssignMutableWorkspaceStep.lambda$executeMutable$0(Lorg/gradle/internal/execution/steps/IdentityContext;Lorg/gradle/internal/execution/MutableUnitOfWork;Ljava/io/File;)Lorg/gradle/internal/execution/steps/WorkspaceResult; (39 bytes) @ 0x000001fd64a5c2ac [0x000001fd64a5c160+0x000000000000014c]
J 180298 c1 org.gradle.internal.execution.steps.AssignMutableWorkspaceStep$$Lambda+0x000001fd027d20b0.executeInWorkspace(Ljava/io/File;)Ljava/lang/Object; (17 bytes) @ 0x000001fd64a5c9bc [0x000001fd64a5c940+0x000000000000007c]
J 198130 c1 org.gradle.internal.execution.steps.AssignMutableWorkspaceStep.executeMutable(Lorg/gradle/internal/execution/MutableUnitOfWork;Lorg/gradle/internal/execution/steps/IdentityContext;)Lorg/gradle/internal/execution/steps/WorkspaceResult; (32 bytes) @ 0x000001fd64ec94c4 [0x000001fd64ec8d00+0x00000000000007c4]
J 180297 c1 org.gradle.internal.execution.steps.AssignMutableWorkspaceStep.executeMutable(Lorg/gradle/internal/execution/MutableUnitOfWork;Lorg/gradle/internal/execution/steps/Context;)Lorg/gradle/internal/execution/steps/Result; (10 bytes) @ 0x000001fd64a5cdd4 [0x000001fd64a5cd40+0x0000000000000094]
J 100056 c1 org.gradle.internal.execution.steps.MutableStep.execute(Lorg/gradle/internal/execution/UnitOfWork;Lorg/gradle/internal/execution/steps/Context;)Lorg/gradle/internal/execution/steps/Result; (10 bytes) @ 0x000001fd68ad0a4c [0x000001fd68ad0840+0x000000000000020c]
J 198117 c2 org.gradle.internal.execution.steps.ChoosePipelineStep.execute(Lorg/gradle/internal/execution/UnitOfWork;Lorg/gradle/internal/execution/steps/Context;)Lorg/gradle/internal/execution/steps/Result; (10 bytes) @ 0x000001fd6e1978a4 [0x000001fd6e1960e0+0x00000000000017c4]
J 180294 c1 org.gradle.internal.execution.steps.ExecuteWorkBuildOperationFiringStep$$Lambda+0x000001fd0169b6c8.get()Ljava/lang/Object; (16 bytes) @ 0x000001fd64a5d1cc [0x000001fd64a5d140+0x000000000000008c]
J 11778 c1 org.gradle.internal.execution.steps.ExecuteWorkBuildOperationFiringStep.execute(Lorg/gradle/internal/execution/UnitOfWork;Lorg/gradle/internal/execution/steps/Context;)Lorg/gradle/internal/execution/steps/Result; (10 bytes) @ 0x000001fd64f6705c [0x000001fd64f660c0+0x0000000000000f9c]
J 99084 c1 org.gradle.internal.execution.steps.IdentityCacheStep.execute(Lorg/gradle/internal/execution/UnitOfWork;Lorg/gradle/internal/execution/steps/Context;)Lorg/gradle/internal/execution/steps/Result; (10 bytes) @ 0x000001fd66479424 [0x000001fd664791e0+0x0000000000000244]
J 99530 c1 org.gradle.internal.execution.steps.IdentifyStep.execute(Lorg/gradle/internal/execution/UnitOfWork;Lorg/gradle/internal/execution/steps/ExecutionRequestContext;)Lorg/gradle/internal/execution/steps/Result; (17 bytes) @ 0x000001fd68558014 [0x000001fd68557ec0+0x0000000000000154]
J 99529 c1 org.gradle.internal.execution.steps.IdentifyStep.execute(Lorg/gradle/internal/execution/UnitOfWork;Lorg/gradle/internal/execution/steps/Context;)Lorg/gradle/internal/execution/steps/Result; (10 bytes) @ 0x000001fd6604be3c [0x000001fd6604bcc0+0x000000000000017c]
J 180284 c1 org.gradle.api.internal.tasks.execution.ExecuteActionsTaskExecuter.executeIfValid(Lorg/gradle/api/internal/TaskInternal;Lorg/gradle/api/internal/tasks/TaskStateInternal;Lorg/gradle/api/internal/tasks/TaskExecutionContext;Lorg/gradle/api/internal/tasks/execution/TaskExecution;)Lorg/gradle/api/internal/tasks/TaskExecuterResult; (95 bytes) @ 0x000001fd66ec023c [0x000001fd66ebff00+0x000000000000033c]
J 180278 c1 org.gradle.api.internal.tasks.execution.ExecuteActionsTaskExecuter.execute(Lorg/gradle/api/internal/TaskInternal;Lorg/gradle/api/internal/tasks/TaskStateInternal;Lorg/gradle/api/internal/tasks/TaskExecutionContext;)Lorg/gradle/api/internal/tasks/TaskExecuterResult; (85 bytes) @ 0x000001fd66ec19dc [0x000001fd66ec17e0+0x00000000000001fc]
J 180273 c1 org.gradle.api.internal.tasks.execution.ProblemsTaskPathTrackingTaskExecuter.execute(Lorg/gradle/api/internal/TaskInternal;Lorg/gradle/api/internal/tasks/TaskStateInternal;Lorg/gradle/api/internal/tasks/TaskExecutionContext;)Lorg/gradle/api/internal/tasks/TaskExecuterResult; (50 bytes) @ 0x000001fd66be7bec [0x000001fd66be79a0+0x000000000000024c]
J 104054 c1 org.gradle.api.internal.tasks.execution.ResolveTaskExecutionModeExecuter.execute(Lorg/gradle/api/internal/TaskInternal;Lorg/gradle/api/internal/tasks/TaskStateInternal;Lorg/gradle/api/internal/tasks/TaskExecutionContext;)Lorg/gradle/api/internal/tasks/TaskExecuterResult; (107 bytes) @ 0x000001fd63f2798c [0x000001fd63f276c0+0x00000000000002cc]
J 37018 c1 org.gradle.api.internal.tasks.execution.FinalizePropertiesTaskExecuter.execute(Lorg/gradle/api/internal/TaskInternal;Lorg/gradle/api/internal/tasks/TaskStateInternal;Lorg/gradle/api/internal/tasks/TaskExecutionContext;)Lorg/gradle/api/internal/tasks/TaskExecuterResult; (168 bytes) @ 0x000001fd64ea4ed4 [0x000001fd64ea4cc0+0x0000000000000214]
J 148338 c1 org.gradle.api.internal.tasks.execution.SkipTaskWithNoActionsExecuter.execute(Lorg/gradle/api/internal/TaskInternal;Lorg/gradle/api/internal/tasks/TaskStateInternal;Lorg/gradle/api/internal/tasks/TaskExecutionContext;)Lorg/gradle/api/internal/tasks/TaskExecuterResult; (126 bytes) @ 0x000001fd683d4ad4 [0x000001fd683d4740+0x0000000000000394]
J 133560 c1 org.gradle.api.internal.tasks.execution.SkipOnlyIfTaskExecuter.execute(Lorg/gradle/api/internal/TaskInternal;Lorg/gradle/api/internal/tasks/TaskStateInternal;Lorg/gradle/api/internal/tasks/TaskExecutionContext;)Lorg/gradle/api/internal/tasks/TaskExecuterResult; (205 bytes) @ 0x000001fd6447f6ec [0x000001fd6447dee0+0x000000000000180c]
J 198082 c1 org.gradle.api.internal.tasks.execution.CatchExceptionTaskExecuter.execute(Lorg/gradle/api/internal/TaskInternal;Lorg/gradle/api/internal/tasks/TaskStateInternal;Lorg/gradle/api/internal/tasks/TaskExecutionContext;)Lorg/gradle/api/internal/tasks/TaskExecuterResult; (33 bytes) @ 0x000001fd650c9524 [0x000001fd650c9400+0x0000000000000124]
J 198076 c1 org.gradle.api.internal.tasks.execution.EventFiringTaskExecuter$1.executeTask(Lorg/gradle/internal/operations/BuildOperationContext;)Lorg/gradle/api/internal/tasks/TaskExecuterResult; (279 bytes) @ 0x000001fd65021064 [0x000001fd65020580+0x0000000000000ae4]
J 198081 c1 org.gradle.api.internal.tasks.execution.EventFiringTaskExecuter$1.call(Lorg/gradle/internal/operations/BuildOperationContext;)Lorg/gradle/api/internal/tasks/TaskExecuterResult; (49 bytes) @ 0x000001fd6453b914 [0x000001fd6453b880+0x0000000000000094]
J 191098 c1 org.gradle.api.internal.tasks.execution.EventFiringTaskExecuter$1.call(Lorg/gradle/internal/operations/BuildOperationContext;)Ljava/lang/Object; (6 bytes) @ 0x000001fd65f5e724 [0x000001fd65f5e6c0+0x0000000000000064]
J 190998 c2 org.gradle.internal.operations.DefaultBuildOperationRunner$CallableBuildOperationWorker.execute(Lorg/gradle/internal/operations/BuildOperation;Lorg/gradle/internal/operations/BuildOperationContext;)V (10 bytes) @ 0x000001fd6efb4218 [0x000001fd6efb41a0+0x0000000000000078]
J 61686 c2 org.gradle.internal.operations.DefaultBuildOperationRunner.execute(Lorg/gradle/internal/operations/BuildOperation;Lorg/gradle/internal/operations/BuildOperationWorker;)V (22 bytes) @ 0x000001fd6d257fc8 [0x000001fd6d255fa0+0x0000000000002028]
J 191096 c1 org.gradle.api.internal.tasks.execution.EventFiringTaskExecuter.execute(Lorg/gradle/api/internal/TaskInternal;Lorg/gradle/api/internal/tasks/TaskStateInternal;Lorg/gradle/api/internal/tasks/TaskExecutionContext;)Lorg/gradle/api/internal/tasks/TaskExecuterResult; (24 bytes) @ 0x000001fd65f5ec64 [0x000001fd65f5ea60+0x0000000000000204]
J 191083 c1 org.gradle.execution.plan.DefaultNodeExecutor.executeLocalTaskNode(Lorg/gradle/execution/plan/Node;Lorg/gradle/api/internal/tasks/NodeExecutionContext;Lorg/gradle/execution/plan/LocalTaskNode;)V (80 bytes) @ 0x000001fd65f626fc [0x000001fd65f62340+0x00000000000003bc]
J 81072 c1 org.gradle.execution.plan.DefaultNodeExecutor.execute(Lorg/gradle/execution/plan/Node;Lorg/gradle/api/internal/tasks/NodeExecutionContext;)Z (39 bytes) @ 0x000001fd64a69364 [0x000001fd64a68f80+0x00000000000003e4]
J 81070 c1 org.gradle.execution.taskgraph.DefaultTaskExecutionGraph$InvokeNodeExecutorsAction.execute(Lorg/gradle/execution/plan/Node;)V (54 bytes) @ 0x000001fd6432d35c [0x000001fd6432cf00+0x000000000000045c]
J 81069 c1 org.gradle.execution.taskgraph.DefaultTaskExecutionGraph$InvokeNodeExecutorsAction.execute(Ljava/lang/Object;)V (9 bytes) @ 0x000001fd679ff3ac [0x000001fd679ff240+0x000000000000016c]
J 196972 c1 org.gradle.execution.taskgraph.DefaultTaskExecutionGraph$BuildOperationAwareExecutionAction$$Lambda+0x000001fd027b2208.run()V (12 bytes) @ 0x000001fd6695299c [0x000001fd66952840+0x000000000000015c]
J 65681 c1 org.gradle.internal.operations.CurrentBuildOperationRef.with(Lorg/gradle/internal/operations/BuildOperationRef;Ljava/lang/Runnable;)V (35 bytes) @ 0x000001fd63f0c47c [0x000001fd63f0bf20+0x000000000000055c]
J 196971 c1 org.gradle.execution.taskgraph.DefaultTaskExecutionGraph$BuildOperationAwareExecutionAction.execute(Ljava/lang/Object;)V (9 bytes) @ 0x000001fd669533c4 [0x000001fd66952dc0+0x0000000000000604]
J 196970 c1 org.gradle.execution.plan.DefaultPlanExecutor$ExecutorWorker.execute(Ljava/lang/Object;Lorg/gradle/execution/plan/WorkSource;Lorg/gradle/api/Action;)V (88 bytes) @ 0x000001fd66953ce4 [0x000001fd66953b40+0x00000000000001a4]
j  org.gradle.execution.plan.DefaultPlanExecutor$ExecutorWorker.run()V+75
J 127186 c2 org.gradle.internal.concurrent.AbstractManagedExecutor$1.run()V (57 bytes) @ 0x000001fd6e5b0e2c [0x000001fd6e5b0ae0+0x000000000000034c]
J 57334 c1 java.util.concurrent.ThreadPoolExecutor.runWorker(Ljava/util/concurrent/ThreadPoolExecutor$Worker;)V java.base@21.0.2 (187 bytes) @ 0x000001fd64c8a37c [0x000001fd64c899c0+0x00000000000009bc]
J 100447 c1 java.util.concurrent.ThreadPoolExecutor$Worker.run()V java.base@21.0.2 (9 bytes) @ 0x000001fd65fed3cc [0x000001fd65fed340+0x000000000000008c]
J 198049 c1 java.lang.Thread.run()V java.base@21.0.2 (23 bytes) @ 0x000001fd653687ec [0x000001fd653685e0+0x000000000000020c]
v  ~StubRoutines::call_stub 0x000001fd6b15100d

siginfo: EXCEPTION_ACCESS_VIOLATION (0xc0000005), reading address 0xffffffffffffffff


Registers:
RAX=0x0000000000000001, RBX=0x000001fd037ace18, RCX=0x000801fd00000e80, RDX=0x000001fda6760350
RSP=0x00000052775f94f0, RBP=0x00000052775f9599, RSI=0x000001fd95ead810, RDI=0x0000000000000001
R8 =0x000001fd9a36f140, R9 =0x00007ffae59e1400, R10=0x000001fd92b7e540, R11=0x000001fd95e78d78
R12=0x0000000000000000, R13=0x000001fd95e7a9b8, R14=0x000001fda6760350, R15=0x0000000000000003
RIP=0x00007ffae53e2c4e, EFLAGS=0x0000000000010202


Register to memory mapping:

RAX=0x0000000000000001 is an unknown value
RBX=0x000001fd037ace18 is a pointer to class: 
org.jetbrains.kotlin.com.intellij.openapi.extensions.AreaInstance {0x000001fd037ace20}
 - instance size:     2
 - klass size:        63
 - access:            public interface abstract 
 - flags:             should_verify_class 
 - state:             loaded
 - name:              'org/jetbrains/kotlin/com/intellij/openapi/extensions/AreaInstance'
 - super:             
[error occurred during error reporting (printing register info), id 0xc0000005, EXCEPTION_ACCESS_VIOLATION (0xc0000005) at pc=0x00007ffae53e6156]
RCX=0x000801fd00000e80 is an unknown value
RDX=0x000001fda6760350 is a thread
RSP=0x00000052775f94f0 is pointing into the stack for thread: 0x000001fda6760350
RBP=0x00000052775f9599 is pointing into the stack for thread: 0x000001fda6760350
RSI=0x000001fd95ead810 is pointing into metadata
RDI=0x0000000000000001 is an unknown value
R8 =0x000001fd9a36f140 points into unknown readable memory: 0x00650044005c0002 | 02 00 5c 00 44 00 65 00
R9 =0x00007ffae59e1400 jvm.dll
R10=0x000001fd92b7e540 points into unknown readable memory: 0x0000020000000008 | 08 00 00 00 00 02 00 00
R11=0x000001fd95e78d78 is pointing into metadata
R12=0x0 is null
R13=0x000001fd95e7a9b8 is pointing into metadata
R14=0x000001fda6760350 is a thread
R15=0x0000000000000003 is an unknown value

Top of Stack: (sp=0x00000052775f94f0)
0x00000052775f94f0:   000001fda6760350 00007ffae526505b
0x00000052775f9500:   000001fd55440970 00000006000001c8
0x00000052775f9510:   000001fd5b7c6a01 0000000b56d51300
0x00000052775f9520:   000001fd95e7a9e8 00007ffae5265468
0x00000052775f9530:   000001fd441b2d08 00007ffae53e7e52
0x00000052775f9540:   00000052775f96a8 00007ffae59d7f78
0x00000052775f9550:   00000052775f95f8 00007ffae5265b15
0x00000052775f9560:   00000052775f9a60 000001fd037acb60
0x00000052775f9570:   000001fd037ac8a8 00007ffae55f1911
0x00000052775f9580:   00000052775f9948 00007ffae53bee12
0x00000052775f9590:   000001fd037ac8a8 0000000000000000
0x00000052775f95a0:   00009bdd2c818bd2 00007ffae54442c5
0x00000052775f95b0:   000001fda6760350 00007ffae55f50d1
0x00000052775f95c0:   0000000000000003 000001fda6760350
0x00000052775f95d0:   000001fd95e7a9b8 0000000000000000
0x00000052775f95e0:   0000000000000001 000001fd95ead810
0x00000052775f95f0:   00000052775f96a9 00007ffae53e2d3b
0x00000052775f9600:   000001fd037ad010 000001fd95e7a9e8
0x00000052775f9610:   000001fda6760350 000001fd95eacc24
0x00000052775f9620:   0000000000000000 000001fd037ac8a8
0x00000052775f9630:   00000052775f9948 000001fd95e4b298
0x00000052775f9640:   000001fd441b2d08 000001fd95e7a9e8
0x00000052775f9650:   000001fda6760350 00000052775f9770
0x00000052775f9660:   0000000000000000 00007ffae55f3e40
0x00000052775f9670:   0000000000000000 0000000000000000
0x00000052775f9680:   000001fda6760350 000001fd41f735f8
0x00000052775f9690:   000001fda6760350 000001fd037ac5f8
0x00000052775f96a0:   000001fd95e7a9e8 000001fd95e7a9e8
0x00000052775f96b0:   000001fda6760350 000001fd95e7a9e8
0x00000052775f96c0:   000001fda6760350 00000052775f97e0
0x00000052775f96d0:   0000000000000002 000001fda6760350
0x00000052775f96e0:   000001fd95e7a9b8 0000000000000000 

Instructions: (pc=0x00007ffae53e2c4e)
0x00007ffae53e2b4e:   c0 08 49 3b c2 7e db b8 ff ff ff ff c3 41 8b c1
0x00007ffae53e2b5e:   c3 cc 0f b6 81 20 01 00 00 3c 03 0f 82 01 00 00
0x00007ffae53e2b6e:   00 c3 48 89 5c 24 08 55 56 57 41 54 41 55 41 56
0x00007ffae53e2b7e:   41 57 48 8d 6c 24 d9 48 81 ec d0 00 00 00 80 3d
0x00007ffae53e2b8e:   f1 17 86 00 00 4c 8b f2 48 8b d9 0f 84 93 00 00
0x00007ffae53e2b9e:   00 e8 ec 13 41 00 84 c0 0f 84 86 00 00 00 49 8b
0x00007ffae53e2bae:   b6 18 03 00 00 48 8b cb 48 8b 3d 6b 4d 88 00 48
0x00007ffae53e2bbe:   8b 46 28 4c 8b 7e 10 4c 8b 66 18 4c 8b 6e 20 48
0x00007ffae53e2bce:   89 45 77 e8 6a 8a 1e 00 48 89 44 24 28 48 8d 15
0x00007ffae53e2bde:   7e fb 61 00 48 8d 05 37 fb 61 00 4c 8b cf 41 b8
0x00007ffae53e2bee:   28 03 00 00 48 89 44 24 20 49 8b ce e8 f1 53 f4
0x00007ffae53e2bfe:   ff 49 83 3f 00 74 14 48 8b 55 77 48 8b ce e8 5f
0x00007ffae53e2c0e:   1a d0 ff 49 8b cf e8 37 1a d0 ff 4c 39 66 18 74
0x00007ffae53e2c1e:   0c 4c 89 7e 10 4c 89 66 18 4c 89 6e 20 32 c0 e9
0x00007ffae53e2c2e:   56 04 00 00 0f b6 83 20 01 00 00 3c 03 0f 83 45
0x00007ffae53e2c3e:   04 00 00 48 8b 4b 78 48 85 c9 0f 84 c4 00 00 00
0x00007ffae53e2c4e:   8b 81 a4 00 00 00 c1 e8 09 a8 01 0f 84 a0 00 00
0x00007ffae53e2c5e:   00 4d 8b be 18 03 00 00 48 8b 35 ab 4c 88 00 49
0x00007ffae53e2c6e:   8b 47 20 4d 8b 6f 10 4d 8b 67 18 48 89 45 7f 49
0x00007ffae53e2c7e:   8b 47 28 48 89 45 77 e8 b6 89 1e 00 48 8b cb 48
0x00007ffae53e2c8e:   8b f8 e8 ab 89 1e 00 48 89 7c 24 30 48 8d 15 bf
0x00007ffae53e2c9e:   fa 61 00 48 89 44 24 28 4c 8b ce 48 8d 05 48 fc
0x00007ffae53e2cae:   5e 00 41 b8 3d 03 00 00 49 8b ce 48 89 44 24 20
0x00007ffae53e2cbe:   e8 2d 53 f4 ff 49 83 7d 00 00 74 14 48 8b 55 77
0x00007ffae53e2cce:   49 8b cf e8 9a 19 d0 ff 49 8b cd e8 72 19 d0 ff
0x00007ffae53e2cde:   4d 39 67 18 0f 84 43 ff ff ff 48 8b 45 7f 49 89
0x00007ffae53e2cee:   47 20 32 c0 4d 89 6f 10 4d 89 67 18 e9 89 03 00
0x00007ffae53e2cfe:   00 49 8b d6 e8 69 fe ff ff 49 83 7e 08 00 0f 85
0x00007ffae53e2d0e:   19 ff ff ff 48 8b b3 98 01 00 00 45 33 e4 4c 63
0x00007ffae53e2d1e:   3e 4d 85 ff 7e 2d 41 8b fc 48 83 c6 08 0f 1f 44
0x00007ffae53e2d2e:   00 00 48 8b 0e 49 8b d6 e8 35 fe ff ff 4d 39 66
0x00007ffae53e2d3e:   08 0f 85 e6 fe ff ff 48 ff c7 48 83 c6 08 49 3b 


Stack slot to memory mapping:

stack at sp + 0 slots: 0x000001fda6760350 is a thread
stack at sp + 1 slots: 0x00007ffae526505b jvm.dll
stack at sp + 2 slots: 0x000001fd55440970 points into unknown readable memory: 0x0000000000000000 | 00 00 00 00 00 00 00 00
stack at sp + 3 slots: 0x00000006000001c8 is an unknown value
stack at sp + 4 slots: 0x000001fd5b7c6a01 points into unknown readable memory: 00 00 00 00 00 00 00
stack at sp + 5 slots: 0x0000000b56d51300 is an unknown value
stack at sp + 6 slots: {method} {0x000001fd95e7a9f0} 'createApplication' '(Lorg/jetbrains/kotlin/com/intellij/openapi/Disposable;)Lorg/jetbrains/kotlin/com/intellij/mock/MockApplication;' in 'org/jetbrains/kotlin/com/intellij/core/CoreApplicationEnvironment'
stack at sp + 7 slots: 0x00007ffae5265468 jvm.dll


Compiled method (c1) 4870271 18663       3       java.lang.invoke.DirectMethodHandle$Holder::invokeVirtual (15 bytes)
 total in heap  [0x000001fd64ca6890,0x000001fd64ca7018] = 1928
 relocation     [0x000001fd64ca69f0,0x000001fd64ca6a50] = 96
 main code      [0x000001fd64ca6a60,0x000001fd64ca6ed8] = 1144
 stub code      [0x000001fd64ca6ed8,0x000001fd64ca6f30] = 88
 metadata       [0x000001fd64ca6f30,0x000001fd64ca6f40] = 16
 scopes data    [0x000001fd64ca6f40,0x000001fd64ca6f90] = 80
 scopes pcs     [0x000001fd64ca6f90,0x000001fd64ca7000] = 112
 dependencies   [0x000001fd64ca7000,0x000001fd64ca7008] = 8
 nul chk table  [0x000001fd64ca7008,0x000001fd64ca7018] = 16

[Constant Pool (empty)]

[MachCode]
[Verified Entry Point]
  # {method} {0x000001fd000b43e8} 'invokeVirtual' '(Ljava/lang/Object;Ljava/lang/Object;Ljava/lang/Object;)V' in 'java/lang/invoke/DirectMethodHandle$Holder'
  # parm0:    rdx:rdx   = 'java/lang/Object'
  # parm1:    r8:r8     = 'java/lang/Object'
  # parm2:    r9:r9     = 'java/lang/Object'
  #           [sp+0x50]  (sp of caller)
  0x000001fd64ca6a60: 8984 2400 | 80ff ff55 | 4883 ec40 | 4181 7f20 | 6f00 0000 

  0x000001fd64ca6a74: ;   {runtime_call StubRoutines (final stubs)}
  0x000001fd64ca6a74: 7405 e8e5 

  0x000001fd64ca6a78: ;   {metadata(method data for {method} {0x000001fd000b43e8} 'invokeVirtual' '(Ljava/lang/Object;Ljava/lang/Object;Ljava/lang/Object;)V' in 'java/lang/invoke/DirectMethodHandle$Holder')}
  0x000001fd64ca6a78: e24d 0648 | bed8 9987 | 81fd 0100 | 0048 8db6 | 1802 0000 | 488b fa48 | 85ff 7506 | 4883 0e01 
  0x000001fd64ca6a98: eb43 8b7f | 0849 ba00 | 0000 00fd | 0100 0049 | 03fa 4833 | 3e48 f7c7 | fcff ffff | 7427 40f6 
  0x000001fd64ca6ab8: c702 7521 | 4883 3e00 | 7418 4883 | 3e01 7412 | 4833 3e48 | f7c7 fcff | ffff 7409 | 4883 0e02 
  0x000001fd64ca6ad8: eb03 4889 | 3e49 8bf8 | 4885 ff75 | 0748 834e | 1001 eb49 | 8b7f 0849 | ba00 0000 | 00fd 0100 
  0x000001fd64ca6af8: 0049 03fa | 4833 7e10 | 48f7 c7fc | ffff ff74 | 2c40 f6c7 | 0275 2648 | 837e 1000 | 741b 4883 
  0x000001fd64ca6b18: 7e10 0174 | 1448 337e | 1048 f7c7 | fcff ffff | 740b 4883 | 4e10 02eb | 0448 897e 

  0x000001fd64ca6b34: ;   {metadata(method data for {method} {0x000001fd000b43e8} 'invokeVirtual' '(Ljava/lang/Object;Ljava/lang/Object;Ljava/lang/Object;)V' in 'java/lang/invoke/DirectMethodHandle$Holder')}
  0x000001fd64ca6b34: 1048 bed8 | 9987 81fd | 0100 008b | becc 0000 | 0083 c702 | 89be cc00 | 0000 81e7 | fe07 0000 
  0x000001fd64ca6b54: 85ff 0f84 | eb02 0000 

  0x000001fd64ca6b5c: ;   {metadata(method data for {method} {0x000001fd000b43e8} 'invokeVirtual' '(Ljava/lang/Object;Ljava/lang/Object;Ljava/lang/Object;)V' in 'java/lang/invoke/DirectMethodHandle$Holder')}
  0x000001fd64ca6b5c: 48be d899 | 8781 fd01 | 0000 488d | b620 0100 | 0048 8bfa | 4885 ff75 | 0748 834e | 0801 eb49 
  0x000001fd64ca6b7c: 8b7f 0849 | ba00 0000 | 00fd 0100 | 0049 03fa | 4833 7e08 | 48f7 c7fc | ffff ff74 | 2c40 f6c7 
  0x000001fd64ca6b9c: 0275 2648 | 837e 0800 | 741b 4883 | 7e08 0174 | 1448 337e | 0848 f7c7 | fcff ffff | 740b 4883 
  0x000001fd64ca6bbc: 4e08 02eb | 0448 897e 

  0x000001fd64ca6bc4: ;   {metadata(method data for {method} {0x000001fd000b43e8} 'invokeVirtual' '(Ljava/lang/Object;Ljava/lang/Object;Ljava/lang/Object;)V' in 'java/lang/invoke/DirectMethodHandle$Holder')}
  0x000001fd64ca6bc4: 0848 bed8 | 9987 81fd | 0100 0048 | 8386 1001 

  0x000001fd64ca6bd4: ;   {metadata(method data for {method} {0x000001fd000a3140} 'internalMemberName' '(Ljava/lang/Object;)Ljava/lang/Object;' in 'java/lang/invoke/DirectMethodHandle')}
  0x000001fd64ca6bd4: 0000 0148 | be50 4320 | 79fd 0100 | 008b becc | 0000 0083 | c702 89be | cc00 0000 | 81e7 feff 
  0x000001fd64ca6bf4: 1f00 85ff | 0f84 6a02 | 0000 4885 

  0x000001fd64ca6c00: ;   {metadata(method data for {method} {0x000001fd000a3140} 'internalMemberName' '(Ljava/lang/Object;)Ljava/lang/Object;' in 'java/lang/invoke/DirectMethodHandle')}
  0x000001fd64ca6c00: d275 1648 | bf50 4320 | 79fd 0100 | 0080 8f09 | 0100 0001 | e9cd 0000 

  0x000001fd64ca6c18: ;   {metadata('java/lang/invoke/DirectMethodHandle')}
  0x000001fd64ca6c18: 0048 bbb8 | 080a 00fd | 0100 008b | 7a08 49ba | 0000 0000 | fd01 0000 | 4903 fa48 | 3b5f 400f 
  0x000001fd64ca6c38: 858d 0000 

  0x000001fd64ca6c3c: ;   {metadata(method data for {method} {0x000001fd000a3140} 'internalMemberName' '(Ljava/lang/Object;)Ljava/lang/Object;' in 'java/lang/invoke/DirectMethodHandle')}
  0x000001fd64ca6c3c: 0048 bf50 | 4320 79fd | 0100 008b | 5a08 49ba | 0000 0000 | fd01 0000 | 4903 da48 | 3b9f 2001 
  0x000001fd64ca6c5c: 0000 750d | 4883 8728 | 0100 0001 | e979 0000 | 0048 3b9f | 3001 0000 | 750d 4883 | 8738 0100 
  0x000001fd64ca6c7c: 0001 e963 | 0000 0048 | 83bf 2001 | 0000 0075 | 1748 899f | 2001 0000 | 48c7 8728 | 0100 0001 
  0x000001fd64ca6c9c: 0000 00e9 | 4200 0000 | 4883 bf30 | 0100 0000 | 7517 4889 | 9f30 0100 | 0048 c787 | 3801 0000 
  0x000001fd64ca6cbc: 0100 0000 | e921 0000 | 00e9 1c00 

  0x000001fd64ca6cc8: ;   {metadata(method data for {method} {0x000001fd000a3140} 'internalMemberName' '(Ljava/lang/Object;)Ljava/lang/Object;' in 'java/lang/invoke/DirectMethodHandle')}
  0x000001fd64ca6cc8: 0000 48bf | 5043 2079 | fd01 0000 | 4883 af10 | 0100 0001 | e9a8 0100 | 00e9 0000 | 0000 8b72 
  0x000001fd64ca6ce8: ;   {metadata(method data for {method} {0x000001fd000b43e8} 'invokeVirtual' '(Ljava/lang/Object;Ljava/lang/Object;Ljava/lang/Object;)V' in 'java/lang/invoke/DirectMethodHandle$Holder')}
  0x000001fd64ca6ce8: 2048 bad8 | 9987 81fd | 0100 0048 | 8d92 3001 | 0000 488b | fe48 85ff | 7506 4883 | 0a01 eb3d 
  0x000001fd64ca6d08: ;   {metadata('java/lang/invoke/MemberName')}
  0x000001fd64ca6d08: 48bf 2832 | 0900 fd01 | 0000 4833 | 3a48 f7c7 | fcff ffff | 7427 40f6 | c702 7521 | 4883 3a00 
  0x000001fd64ca6d28: 7418 4883 | 3a01 7412 | 4833 3a48 | f7c7 fcff | ffff 7409 | 4883 0a02 | eb03 4889 

  0x000001fd64ca6d44: ;   {metadata(method data for {method} {0x000001fd000b43e8} 'invokeVirtual' '(Ljava/lang/Object;Ljava/lang/Object;Ljava/lang/Object;)V' in 'java/lang/invoke/DirectMethodHandle$Holder')}
  0x000001fd64ca6d44: 3a48 bad8 | 9987 81fd | 0100 0048 | 8d92 8801 | 0000 498b | f848 85ff | 7507 4883 | 4a08 01eb 
  0x000001fd64ca6d64: 498b 7f08 | 49ba 0000 | 0000 fd01 | 0000 4903 | fa48 337a | 0848 f7c7 | fcff ffff | 742c 40f6 
  0x000001fd64ca6d84: c702 7526 | 4883 7a08 | 0074 1b48 | 837a 0801 | 7414 4833 | 7a08 48f7 | c7fc ffff | ff74 0b48 
  0x000001fd64ca6da4: 834a 0802 | eb04 4889 | 7a08 498b | f948 85ff | 7507 4883 | 4a18 01eb | 498b 7f08 | 49ba 0000 
  0x000001fd64ca6dc4: 0000 fd01 | 0000 4903 | fa48 337a | 1848 f7c7 | fcff ffff | 742c 40f6 | c702 7526 | 4883 7a18 
  0x000001fd64ca6de4: 0074 1b48 | 837a 1801 | 7414 4833 | 7a18 48f7 | c7fc ffff | ff74 0b48 | 834a 1802 | eb04 4889 
  0x000001fd64ca6e04: ;   {metadata(method data for {method} {0x000001fd000b43e8} 'invokeVirtual' '(Ljava/lang/Object;Ljava/lang/Object;Ljava/lang/Object;)V' in 'java/lang/invoke/DirectMethodHandle$Holder')}
  0x000001fd64ca6e04: 7a18 48ba | d899 8781 | fd01 0000 | 4883 8278 | 0100 0001 | 498b d04d | 8bc1 4c8b | ce66 0f1f 
  0x000001fd64ca6e24: ;   {static_call}
  0x000001fd64ca6e24: 4400 00e8 

  0x000001fd64ca6e28: ; ImmutableOopMap {}
                      ;*invokestatic linkToVirtual {reexecute=0 rethrow=0 return_oop=0}
                      ; - java.lang.invoke.DirectMethodHandle$Holder::invokeVirtual@11
  0x000001fd64ca6e28: d4f7 a806 

  0x000001fd64ca6e2c: ;   {other}
  0x000001fd64ca6e2c: 0f1f 8400 | 9c05 0000 | 4883 c440 

  0x000001fd64ca6e38: ;   {poll_return}
  0x000001fd64ca6e38: 5d49 3ba7 | 5004 0000 | 0f87 5100 

  0x000001fd64ca6e44: ;   {metadata({method} {0x000001fd000b43e8} 'invokeVirtual' '(Ljava/lang/Object;Ljava/lang/Object;Ljava/lang/Object;)V' in 'java/lang/invoke/DirectMethodHandle$Holder')}
  0x000001fd64ca6e44: 0000 c349 | bae0 430b | 00fd 0100 | 004c 8954 | 2408 48c7 | 0424 ffff 

  0x000001fd64ca6e5c: ;   {runtime_call counter_overflow Runtime1 stub}
  0x000001fd64ca6e5c: ffff e81d 

  0x000001fd64ca6e60: ; ImmutableOopMap {rdx=Oop r8=Oop r9=Oop }
                      ;*synchronization entry
                      ; - java.lang.invoke.DirectMethodHandle$Holder::invokeVirtual@-1
  0x000001fd64ca6e60: 1e5c 06e9 | f4fc ffff 

  0x000001fd64ca6e68: ;   {metadata({method} {0x000001fd000a3140} 'internalMemberName' '(Ljava/lang/Object;)Ljava/lang/Object;' in 'java/lang/invoke/DirectMethodHandle')}
  0x000001fd64ca6e68: 49ba 3831 | 0a00 fd01 | 0000 4c89 | 5424 0848 | c704 24ff 

  0x000001fd64ca6e7c: ;   {runtime_call counter_overflow Runtime1 stub}
  0x000001fd64ca6e7c: ffff ffe8 

  0x000001fd64ca6e80: ; ImmutableOopMap {rdx=Oop r8=Oop r9=Oop }
                      ;*synchronization entry
                      ; - java.lang.invoke.DirectMethodHandle::internalMemberName@-1 (line 327)
                      ; - java.lang.invoke.DirectMethodHandle$Holder::invokeVirtual@1
  0x000001fd64ca6e80: fc1d 5c06 | e975 fdff | ff48 8914 

  0x000001fd64ca6e8c: ;   {runtime_call throw_class_cast_exception Runtime1 stub}
  0x000001fd64ca6e8c: 24e8 6eec 

  0x000001fd64ca6e90: ; ImmutableOopMap {r8=Oop r9=Oop }
                      ;*checkcast {reexecute=0 rethrow=0 return_oop=0}
                      ; - java.lang.invoke.DirectMethodHandle::internalMemberName@1 (line 327)
                      ; - java.lang.invoke.DirectMethodHandle$Holder::invokeVirtual@1
                      ;   {runtime_call throw_null_pointer_exception Runtime1 stub}
  0x000001fd64ca6e90: 5b06 e8e9 

  0x000001fd64ca6e94: ; ImmutableOopMap {r8=Oop r9=Oop }
                      ;*getfield member {reexecute=1 rethrow=0 return_oop=0}
                      ; - (reexecute) java.lang.invoke.DirectMethodHandle::internalMemberName@4 (line 327)
                      ; - java.lang.invoke.DirectMethodHandle$Holder::invokeVirtual@1
                      ;   {internal_word}
  0x000001fd64ca6e94: b05b 0649 | ba39 6eca | 64fd 0100 | 004d 8997 | 6804 0000 

  0x000001fd64ca6ea8: ;   {runtime_call SafepointBlob}
  0x000001fd64ca6ea8: e953 e84f | 0649 8b87 | 0005 0000 | 49c7 8700 | 0500 0000 | 0000 0049 | c787 0805 | 0000 0000 
  0x000001fd64ca6ec8: 0000 4883 

  0x000001fd64ca6ecc: ;   {runtime_call unwind_exception Runtime1 stub}
  0x000001fd64ca6ecc: c440 5de9 | 2c94 5b06 | f4f4 f4f4 
[Stub Code]
  0x000001fd64ca6ed8: ;   {no_reloc}
  0x000001fd64ca6ed8: 48bb 0000 | 0000 0000 

  0x000001fd64ca6ee0: ;   {runtime_call}
  0x000001fd64ca6ee0: 0000 e9fb 

  0x000001fd64ca6ee4: ;   {runtime_call handle_exception_from_callee Runtime1 stub}
  0x000001fd64ca6ee4: ffff ffe8 | 14e6 5b06 

  0x000001fd64ca6eec: ;   {external_word}
  0x000001fd64ca6eec: 48b9 e047 | 9ce5 fa7f | 0000 4883 

  0x000001fd64ca6ef8: ;   {runtime_call}
  0x000001fd64ca6ef8: e4f0 48b8 | 4024 64e5 | fa7f 0000 

  0x000001fd64ca6f04: ;   {section_word}
  0x000001fd64ca6f04: ffd0 f449 | ba07 6fca | 64fd 0100 

  0x000001fd64ca6f10: ;   {runtime_call DeoptimizationBlob}
  0x000001fd64ca6f10: 0041 52e9 | 88da 4f06 
[Deopt MH Handler Code]
  0x000001fd64ca6f18: ;   {section_word}
  0x000001fd64ca6f18: 49ba 186f | ca64 fd01 | 0000 4152 

  0x000001fd64ca6f24: ;   {runtime_call DeoptimizationBlob}
  0x000001fd64ca6f24: e977 da4f | 06f4 f4f4 | f4f4 f4f4 
[/MachCode]


Compiled method (c1) 4870282 14499       3       java.lang.invoke.LambdaForm$MH/0x000001fd0103b000::invoke (57 bytes)
 total in heap  [0x000001fd6531ee90,0x000001fd6531fb18] = 3208
 relocation     [0x000001fd6531eff0,0x000001fd6531f090] = 160
 main code      [0x000001fd6531f0a0,0x000001fd6531f908] = 2152
 stub code      [0x000001fd6531f908,0x000001fd6531f968] = 96
 oops           [0x000001fd6531f968,0x000001fd6531f970] = 8
 metadata       [0x000001fd6531f970,0x000001fd6531f978] = 8
 scopes data    [0x000001fd6531f978,0x000001fd6531fa08] = 144
 scopes pcs     [0x000001fd6531fa08,0x000001fd6531fae8] = 224
 dependencies   [0x000001fd6531fae8,0x000001fd6531faf0] = 8
 nul chk table  [0x000001fd6531faf0,0x000001fd6531fb18] = 40

[Constant Pool (empty)]

[MachCode]
[Verified Entry Point]
  # {method} {0x000001fd795102f0} 'invoke' '(Ljava/lang/Object;Ljava/lang/Object;Ljava/lang/Object;)Ljava/lang/Object;' in 'java/lang/invoke/LambdaForm$MH+0x000001fd0103b000'
  # parm0:    rdx:rdx   = 'java/lang/Object'
  # parm1:    r8:r8     = 'java/lang/Object'
  # parm2:    r9:r9     = 'java/lang/Object'
  #           [sp+0x50]  (sp of caller)
  0x000001fd6531f0a0: 8984 2400 | 80ff ff55 | 4883 ec40 | 4181 7f20 | 6f00 0000 

  0x000001fd6531f0b4: ;   {runtime_call StubRoutines (final stubs)}
  0x000001fd6531f0b4: 7405 e8a5 

  0x000001fd6531f0b8: ;   {metadata(method data for {method} {0x000001fd795102f0} 'invoke' '(Ljava/lang/Object;Ljava/lang/Object;Ljava/lang/Object;)Ljava/lang/Object;' in 'java/lang/invoke/LambdaForm$MH+0x000001fd0103b000')}
  0x000001fd6531f0b8: 5ce6 0548 | be00 1866 | 80fd 0100 | 0048 8db6 | 6803 0000 | 488b fa48 | 85ff 7506 | 4883 0e01 
  0x000001fd6531f0d8: eb43 8b7f | 0849 ba00 | 0000 00fd | 0100 0049 | 03fa 4833 | 3e48 f7c7 | fcff ffff | 7427 40f6 
  0x000001fd6531f0f8: c702 7521 | 4883 3e00 | 7418 4883 | 3e01 7412 | 4833 3e48 | f7c7 fcff | ffff 7409 | 4883 0e02 
  0x000001fd6531f118: eb03 4889 | 3e49 8bf8 | 4885 ff75 | 0748 834e | 1001 eb49 | 8b7f 0849 | ba00 0000 | 00fd 0100 
  0x000001fd6531f138: 0049 03fa | 4833 7e10 | 48f7 c7fc | ffff ff74 | 2c40 f6c7 | 0275 2648 | 837e 1000 | 741b 4883 
  0x000001fd6531f158: 7e10 0174 | 1448 337e | 1048 f7c7 | fcff ffff | 740b 4883 | 4e10 02eb | 0448 897e 

  0x000001fd6531f174: ;   {metadata(method data for {method} {0x000001fd795102f0} 'invoke' '(Ljava/lang/Object;Ljava/lang/Object;Ljava/lang/Object;)Ljava/lang/Object;' in 'java/lang/invoke/LambdaForm$MH+0x000001fd0103b000')}
  0x000001fd6531f174: 1048 be00 | 1866 80fd | 0100 008b | becc 0000 | 0083 c702 | 89be cc00 | 0000 81e7 | fe07 0000 
  0x000001fd6531f194: 85ff 0f84 | d506 0000 | 4c89 4424 | 2848 85d2 

  0x000001fd6531f1a4: ;   {metadata(method data for {method} {0x000001fd795102f0} 'invoke' '(Ljava/lang/Object;Ljava/lang/Object;Ljava/lang/Object;)Ljava/lang/Object;' in 'java/lang/invoke/LambdaForm$MH+0x000001fd0103b000')}
  0x000001fd6531f1a4: 7516 48bf | 0018 6680 | fd01 0000 | 808f 0901 | 0000 01e9 | cc00 0000 

  0x000001fd6531f1bc: ;   {metadata('java/lang/invoke/BoundMethodHandle$Species_LLL')}
  0x000001fd6531f1bc: 48bb 7878 | 2300 fd01 | 0000 8b72 | 0849 ba00 | 0000 00fd | 0100 0049 | 03f2 483b | de0f 858d 
  0x000001fd6531f1dc: ;   {metadata(method data for {method} {0x000001fd795102f0} 'invoke' '(Ljava/lang/Object;Ljava/lang/Object;Ljava/lang/Object;)Ljava/lang/Object;' in 'java/lang/invoke/LambdaForm$MH+0x000001fd0103b000')}
  0x000001fd6531f1dc: 0000 0048 | bf00 1866 | 80fd 0100 | 008b 5a08 | 49ba 0000 | 0000 fd01 | 0000 4903 | da48 3b9f 
  0x000001fd6531f1fc: 2001 0000 | 750d 4883 | 8728 0100 | 0001 e979 | 0000 0048 | 3b9f 3001 | 0000 750d | 4883 8738 
  0x000001fd6531f21c: 0100 0001 | e963 0000 | 0048 83bf | 2001 0000 | 0075 1748 | 899f 2001 | 0000 48c7 | 8728 0100 
  0x000001fd6531f23c: 0001 0000 | 00e9 4200 | 0000 4883 | bf30 0100 | 0000 7517 | 4889 9f30 | 0100 0048 | c787 3801 
  0x000001fd6531f25c: 0000 0100 | 0000 e921 | 0000 00e9 | 1c00 0000 

  0x000001fd6531f26c: ;   {metadata(method data for {method} {0x000001fd795102f0} 'invoke' '(Ljava/lang/Object;Ljava/lang/Object;Ljava/lang/Object;)Ljava/lang/Object;' in 'java/lang/invoke/LambdaForm$MH+0x000001fd0103b000')}
  0x000001fd6531f26c: 48bf 0018 | 6680 fd01 | 0000 4883 | af10 0100 | 0001 e90f | 0600 00e9 | 0000 0000 | 488b f248 
  0x000001fd6531f28c: 8974 2420 

  0x000001fd6531f290: ; implicit exception: dispatches to 0x000001fd6531f89b
  0x000001fd6531f290: 8b56 2848 | 85d2 7516 

  0x000001fd6531f298: ;   {metadata(method data for {method} {0x000001fd795102f0} 'invoke' '(Ljava/lang/Object;Ljava/lang/Object;Ljava/lang/Object;)Ljava/lang/Object;' in 'java/lang/invoke/LambdaForm$MH+0x000001fd0103b000')}
  0x000001fd6531f298: 48bb 0018 | 6680 fd01 | 0000 808b | 4101 0000 | 01e9 cd00 

  0x000001fd6531f2ac: ;   {metadata('java/lang/invoke/MethodHandle')}
  0x000001fd6531f2ac: 0000 48b8 | 2009 0600 | fd01 0000 | 8b5a 0849 | ba00 0000 | 00fd 0100 | 0049 03da | 483b 4338 
  0x000001fd6531f2cc: 0f85 8d00 

  0x000001fd6531f2d0: ;   {metadata(method data for {method} {0x000001fd795102f0} 'invoke' '(Ljava/lang/Object;Ljava/lang/Object;Ljava/lang/Object;)Ljava/lang/Object;' in 'java/lang/invoke/LambdaForm$MH+0x000001fd0103b000')}
  0x000001fd6531f2d0: 0000 48bb | 0018 6680 | fd01 0000 | 8b42 0849 | ba00 0000 | 00fd 0100 | 0049 03c2 | 483b 8358 
  0x000001fd6531f2f0: 0100 0075 | 0d48 8383 | 6001 0000 | 01e9 7900 | 0000 483b | 8368 0100 | 0075 0d48 | 8383 7001 
  0x000001fd6531f310: 0000 01e9 | 6300 0000 | 4883 bb58 | 0100 0000 | 7517 4889 | 8358 0100 | 0048 c783 | 6001 0000 
  0x000001fd6531f330: 0100 0000 | e942 0000 | 0048 83bb | 6801 0000 | 0075 1748 | 8983 6801 | 0000 48c7 | 8370 0100 
  0x000001fd6531f350: 0001 0000 | 00e9 2100 | 0000 e91c 

  0x000001fd6531f35c: ;   {metadata(method data for {method} {0x000001fd795102f0} 'invoke' '(Ljava/lang/Object;Ljava/lang/Object;Ljava/lang/Object;)Ljava/lang/Object;' in 'java/lang/invoke/LambdaForm$MH+0x000001fd0103b000')}
  0x000001fd6531f35c: 0000 0048 | bb00 1866 | 80fd 0100 | 0048 83ab | 4801 0000 | 01e9 2a05 | 0000 e900 | 0000 0048 
  0x000001fd6531f37c: ;   {metadata(method data for {method} {0x000001fd795102f0} 'invoke' '(Ljava/lang/Object;Ljava/lang/Object;Ljava/lang/Object;)Ljava/lang/Object;' in 'java/lang/invoke/LambdaForm$MH+0x000001fd0103b000')}
  0x000001fd6531f37c: 3b02 48bf | 0018 6680 | fd01 0000 | 488d bfb8 | 0100 0049 | 8bd9 4885 | db75 0748 | 834f 0801 
  0x000001fd6531f39c: eb48 8b5b | 0849 ba00 | 0000 00fd | 0100 0049 | 03da 4833 | 5f08 48f7 | c3fc ffff | ff74 2bf6 
  0x000001fd6531f3bc: c302 7526 | 4883 7f08 | 0074 1b48 | 837f 0801 | 7414 4833 | 5f08 48f7 | c3fc ffff | ff74 0b48 
  0x000001fd6531f3dc: 834f 0802 | eb04 4889 | 5f08 488b 

  0x000001fd6531f3e8: ;   {metadata(method data for {method} {0x000001fd795102f0} 'invoke' '(Ljava/lang/Object;Ljava/lang/Object;Ljava/lang/Object;)Ljava/lang/Object;' in 'java/lang/invoke/LambdaForm$MH+0x000001fd0103b000')}
  0x000001fd6531f3e8: fa48 bb00 | 1866 80fd | 0100 0048 | 8383 8001 | 0000 014d 

  0x000001fd6531f3fc: ;   {optimized virtual_call}
  0x000001fd6531f3fc: 8bc1 90e8 

  0x000001fd6531f400: ; ImmutableOopMap {[32]=Oop [40]=Oop }
                      ;*invokevirtual invokeBasic {reexecute=0 rethrow=0 return_oop=0}
                      ; - java.lang.invoke.LambdaForm$MH/0x000001fd0103b000::invoke@15
  0x000001fd6531f400: fc35 3d06 

  0x000001fd6531f404: ;   {other}
  0x000001fd6531f404: 0f1f 8400 | 7405 0000 

  0x000001fd6531f40c: ;   {metadata(method data for {method} {0x000001fd795102f0} 'invoke' '(Ljava/lang/Object;Ljava/lang/Object;Ljava/lang/Object;)Ljava/lang/Object;' in 'java/lang/invoke/LambdaForm$MH+0x000001fd0103b000')}
  0x000001fd6531f40c: 49b8 0018 | 6680 fd01 | 0000 4d8d | 80c8 0100 | 0048 8bd0 | 4885 d275 | 0649 8308 | 01eb 428b 
  0x000001fd6531f42c: 5208 49ba | 0000 0000 | fd01 0000 | 4903 d249 | 3310 48f7 | c2fc ffff | ff74 26f6 | c202 7521 
  0x000001fd6531f44c: 4983 3800 | 7418 4983 | 3801 7412 | 4933 1048 | f7c2 fcff | ffff 7409 | 4983 0802 | eb03 4989 
  0x000001fd6531f46c: 1048 8b74 | 2420 448b | 4624 4d85 

  0x000001fd6531f478: ;   {metadata(method data for {method} {0x000001fd795102f0} 'invoke' '(Ljava/lang/Object;Ljava/lang/Object;Ljava/lang/Object;)Ljava/lang/Object;' in 'java/lang/invoke/LambdaForm$MH+0x000001fd0103b000')}
  0x000001fd6531f478: c075 1648 | bf00 1866 | 80fd 0100 | 0080 8fd1 | 0100 0001 | e9cf 0000 

  0x000001fd6531f490: ;   {metadata('java/lang/invoke/MethodHandle')}
  0x000001fd6531f490: 0048 bb20 | 0906 00fd | 0100 0041 | 8b78 0849 | ba00 0000 | 00fd 0100 | 0049 03fa | 483b 5f38 
  0x000001fd6531f4b0: 0f85 8e00 

  0x000001fd6531f4b4: ;   {metadata(method data for {method} {0x000001fd795102f0} 'invoke' '(Ljava/lang/Object;Ljava/lang/Object;Ljava/lang/Object;)Ljava/lang/Object;' in 'java/lang/invoke/LambdaForm$MH+0x000001fd0103b000')}
  0x000001fd6531f4b4: 0000 48bf | 0018 6680 | fd01 0000 | 418b 5808 | 49ba 0000 | 0000 fd01 | 0000 4903 | da48 3b9f 
  0x000001fd6531f4d4: e801 0000 | 750d 4883 | 87f0 0100 | 0001 e979 | 0000 0048 | 3b9f f801 | 0000 750d | 4883 8700 
  0x000001fd6531f4f4: 0200 0001 | e963 0000 | 0048 83bf | e801 0000 | 0075 1748 | 899f e801 | 0000 48c7 | 87f0 0100 
  0x000001fd6531f514: 0001 0000 | 00e9 4200 | 0000 4883 | bff8 0100 | 0000 7517 | 4889 9ff8 | 0100 0048 | c787 0002 
  0x000001fd6531f534: 0000 0100 | 0000 e921 | 0000 00e9 | 1c00 0000 

  0x000001fd6531f544: ;   {metadata(method data for {method} {0x000001fd795102f0} 'invoke' '(Ljava/lang/Object;Ljava/lang/Object;Ljava/lang/Object;)Ljava/lang/Object;' in 'java/lang/invoke/LambdaForm$MH+0x000001fd0103b000')}
  0x000001fd6531f544: 48bf 0018 | 6680 fd01 | 0000 4883 | afd8 0100 | 0001 e953 | 0300 00e9 | 0000 0000 | 498b d048 
  0x000001fd6531f564: ;   {metadata(method data for {method} {0x000001fd795102f0} 'invoke' '(Ljava/lang/Object;Ljava/lang/Object;Ljava/lang/Object;)Ljava/lang/Object;' in 'java/lang/invoke/LambdaForm$MH+0x000001fd0103b000')}
  0x000001fd6531f564: 3b02 49b8 | 0018 6680 | fd01 0000 | 4d8d 8048 | 0200 0048 | 8b7c 2428 | 488b df48 | 85db 7507 
  0x000001fd6531f584: 4983 4808 | 01eb 488b | 5b08 49ba | 0000 0000 | fd01 0000 | 4903 da49 | 3358 0848 | f7c3 fcff 
  0x000001fd6531f5a4: ffff 742b | f6c3 0275 | 2649 8378 | 0800 741b | 4983 7808 | 0174 1449 | 3358 0848 | f7c3 fcff 
  0x000001fd6531f5c4: ffff 740b | 4983 4808 | 02eb 0449 | 8958 084c 

  0x000001fd6531f5d4: ;   {metadata(method data for {method} {0x000001fd795102f0} 'invoke' '(Ljava/lang/Object;Ljava/lang/Object;Ljava/lang/Object;)Ljava/lang/Object;' in 'java/lang/invoke/LambdaForm$MH+0x000001fd0103b000')}
  0x000001fd6531f5d4: 8bc2 48bb | 0018 6680 | fd01 0000 | 4883 8310 | 0200 0001 | 4c8b c748 | 8944 2430 | 0f1f 8000 
  0x000001fd6531f5f4: ;   {optimized virtual_call}
  0x000001fd6531f5f4: 0000 00e8 

  0x000001fd6531f5f8: ; ImmutableOopMap {[32]=Oop [48]=Oop }
                      ;*invokevirtual invokeBasic {reexecute=0 rethrow=0 return_oop=0}
                      ; - java.lang.invoke.LambdaForm$MH/0x000001fd0103b000::invoke@32
  0x000001fd6531f5f8: 0434 3d06 

  0x000001fd6531f5fc: ;   {other}
  0x000001fd6531f5fc: 0f1f 8400 | 6c07 0001 

  0x000001fd6531f604: ;   {metadata(method data for {method} {0x000001fd795102f0} 'invoke' '(Ljava/lang/Object;Ljava/lang/Object;Ljava/lang/Object;)Ljava/lang/Object;' in 'java/lang/invoke/LambdaForm$MH+0x000001fd0103b000')}
  0x000001fd6531f604: 49b8 0018 | 6680 fd01 | 0000 4d8d | 8058 0200 | 004c 8bc8 | 4d85 c975 | 0649 8308 | 01eb 4445 
  0x000001fd6531f624: 8b49 0849 | ba00 0000 | 00fd 0100 | 004d 03ca | 4d33 0849 | f7c1 fcff | ffff 7427 | 41f6 c102 
  0x000001fd6531f644: 7521 4983 | 3800 7418 | 4983 3801 | 7412 4d33 | 0849 f7c1 | fcff ffff | 7409 4983 | 0802 eb03 
  0x000001fd6531f664: 4d89 0848 | 8b74 2420 | 448b 4620 | 4d85 c075 

  0x000001fd6531f674: ;   {metadata(method data for {method} {0x000001fd795102f0} 'invoke' '(Ljava/lang/Object;Ljava/lang/Object;Ljava/lang/Object;)Ljava/lang/Object;' in 'java/lang/invoke/LambdaForm$MH+0x000001fd0103b000')}
  0x000001fd6531f674: 1749 b900 | 1866 80fd | 0100 0041 | 8089 6102 | 0000 01e9 | cf00 0000 

  0x000001fd6531f68c: ;   {metadata('java/lang/invoke/MethodHandle')}
  0x000001fd6531f68c: 48be 2009 | 0600 fd01 | 0000 458b | 4808 49ba | 0000 0000 | fd01 0000 | 4d03 ca49 | 3b71 380f 
  0x000001fd6531f6ac: 858e 0000 

  0x000001fd6531f6b0: ;   {metadata(method data for {method} {0x000001fd795102f0} 'invoke' '(Ljava/lang/Object;Ljava/lang/Object;Ljava/lang/Object;)Ljava/lang/Object;' in 'java/lang/invoke/LambdaForm$MH+0x000001fd0103b000')}
  0x000001fd6531f6b0: 0049 b900 | 1866 80fd | 0100 0041 | 8b70 0849 | ba00 0000 | 00fd 0100 | 0049 03f2 | 493b b178 
  0x000001fd6531f6d0: 0200 0075 | 0d49 8381 | 8002 0000 | 01e9 7900 | 0000 493b | b188 0200 | 0075 0d49 | 8381 9002 
  0x000001fd6531f6f0: 0000 01e9 | 6300 0000 | 4983 b978 | 0200 0000 | 7517 4989 | b178 0200 | 0049 c781 | 8002 0000 
  0x000001fd6531f710: 0100 0000 | e942 0000 | 0049 83b9 | 8802 0000 | 0075 1749 | 89b1 8802 | 0000 49c7 | 8190 0200 
  0x000001fd6531f730: 0001 0000 | 00e9 2100 | 0000 e91c 

  0x000001fd6531f73c: ;   {metadata(method data for {method} {0x000001fd795102f0} 'invoke' '(Ljava/lang/Object;Ljava/lang/Object;Ljava/lang/Object;)Ljava/lang/Object;' in 'java/lang/invoke/LambdaForm$MH+0x000001fd0103b000')}
  0x000001fd6531f73c: 0000 0049 | b900 1866 | 80fd 0100 | 0049 83a9 | 6802 0000 | 01e9 6601 | 0000 e900 | 0000 0049 
  0x000001fd6531f75c: 8bd0 483b 

  0x000001fd6531f760: ;   {metadata(method data for {method} {0x000001fd795102f0} 'invoke' '(Ljava/lang/Object;Ljava/lang/Object;Ljava/lang/Object;)Ljava/lang/Object;' in 'java/lang/invoke/LambdaForm$MH+0x000001fd0103b000')}
  0x000001fd6531f760: 0249 b800 | 1866 80fd | 0100 004d | 8d80 d802 | 0000 4c8b | c84d 85c9 | 7507 4983 | 4808 01eb 
  0x000001fd6531f780: 4a45 8b49 | 0849 ba00 | 0000 00fd | 0100 004d | 03ca 4d33 | 4808 49f7 | c1fc ffff | ff74 2c41 
  0x000001fd6531f7a0: f6c1 0275 | 2649 8378 | 0800 741b | 4983 7808 | 0174 144d | 3348 0849 | f7c1 fcff | ffff 740b 
  0x000001fd6531f7c0: 4983 4808 | 02eb 044d | 8948 084c | 8b4c 2430 | 498b f148 | 85f6 7507 | 4983 4818 | 01eb 498b 
  0x000001fd6531f7e0: 7608 49ba | 0000 0000 | fd01 0000 | 4903 f249 | 3370 1848 | f7c6 fcff | ffff 742c | 40f6 c602 
  0x000001fd6531f800: 7526 4983 | 7818 0074 | 1b49 8378 | 1801 7414 | 4933 7018 | 48f7 c6fc | ffff ff74 | 0b49 8348 
  0x000001fd6531f820: 1802 eb04 | 4989 7018 

  0x000001fd6531f828: ;   {metadata(method data for {method} {0x000001fd795102f0} 'invoke' '(Ljava/lang/Object;Ljava/lang/Object;Ljava/lang/Object;)Ljava/lang/Object;' in 'java/lang/invoke/LambdaForm$MH+0x000001fd0103b000')}
  0x000001fd6531f828: 4c8b c248 | be00 1866 | 80fd 0100 | 0048 8386 | a002 0000 | 014c 8bc0 | 0f1f 8000 

  0x000001fd6531f844: ;   {optimized virtual_call}
  0x000001fd6531f844: 0000 00e8 

  0x000001fd6531f848: ; ImmutableOopMap {}
                      ;*invokevirtual invokeBasic {reexecute=0 rethrow=0 return_oop=0}
                      ; - java.lang.invoke.LambdaForm$MH/0x000001fd0103b000::invoke@52
  0x000001fd6531f848: 34e7 3d06 

  0x000001fd6531f84c: ;   {other}
  0x000001fd6531f84c: 0f1f 8400 | bc09 0002 

  0x000001fd6531f854: ;   {oop(nullptr)}
  0x000001fd6531f854: 48b8 0000 | 0000 0000 | 0000 4883 

  0x000001fd6531f860: ;   {poll_return}
  0x000001fd6531f860: c440 5d49 | 3ba7 5004 | 0000 0f87 | 5a00 0000 

  0x000001fd6531f870: ;   {metadata({method} {0x000001fd795102f0} 'invoke' '(Ljava/lang/Object;Ljava/lang/Object;Ljava/lang/Object;)Ljava/lang/Object;' in 'java/lang/invoke/LambdaForm$MH+0x000001fd0103b000')}
  0x000001fd6531f870: c349 bae8 | 0251 79fd | 0100 004c | 8954 2408 | 48c7 0424 | ffff ffff 

  0x000001fd6531f888: ;   {runtime_call counter_overflow Runtime1 stub}
  0x000001fd6531f888: e8f3 93f4 

  0x000001fd6531f88c: ; ImmutableOopMap {rdx=Oop r8=Oop r9=Oop }
                      ;*synchronization entry
                      ; - java.lang.invoke.LambdaForm$MH/0x000001fd0103b000::invoke@-1
  0x000001fd6531f88c: 05e9 0af9 | ffff 4889 

  0x000001fd6531f894: ;   {runtime_call throw_class_cast_exception Runtime1 stub}
  0x000001fd6531f894: 1424 e865 

  0x000001fd6531f898: ; ImmutableOopMap {r9=Oop [40]=Oop }
                      ;*checkcast {reexecute=0 rethrow=0 return_oop=0}
                      ; - java.lang.invoke.LambdaForm$MH/0x000001fd0103b000::invoke@1
                      ;   {runtime_call throw_null_pointer_exception Runtime1 stub}
  0x000001fd6531f898: 62f4 05e8 

  0x000001fd6531f89c: ; ImmutableOopMap {r9=Oop rsi=Oop [32]=Oop [40]=Oop }
                      ;*getfield argL2 {reexecute=1 rethrow=0 return_oop=0}
                      ; - (reexecute) java.lang.invoke.LambdaForm$MH/0x000001fd0103b000::invoke@6
  0x000001fd6531f89c: e026 f405 | 4889 1424 

  0x000001fd6531f8a4: ;   {runtime_call throw_class_cast_exception Runtime1 stub}
  0x000001fd6531f8a4: e857 62f4 

  0x000001fd6531f8a8: ; ImmutableOopMap {r9=Oop rsi=Oop [32]=Oop [40]=Oop }
                      ;*checkcast {reexecute=0 rethrow=0 return_oop=0}
                      ; - java.lang.invoke.LambdaForm$MH/0x000001fd0103b000::invoke@11
                      ;   {runtime_call throw_null_pointer_exception Runtime1 stub}
  0x000001fd6531f8a8: 05e8 d226 

  0x000001fd6531f8ac: ; ImmutableOopMap {r9=Oop rsi=Oop rdx=Oop [32]=Oop [40]=Oop }
                      ;*invokevirtual invokeBasic {reexecute=0 rethrow=0 return_oop=0}
                      ; - java.lang.invoke.LambdaForm$MH/0x000001fd0103b000::invoke@15
  0x000001fd6531f8ac: f405 4c89 

  0x000001fd6531f8b0: ;   {runtime_call throw_class_cast_exception Runtime1 stub}
  0x000001fd6531f8b0: 0424 e849 

  0x000001fd6531f8b4: ; ImmutableOopMap {rax=Oop rsi=Oop [32]=Oop [40]=Oop }
                      ;*checkcast {reexecute=0 rethrow=0 return_oop=0}
                      ; - java.lang.invoke.LambdaForm$MH/0x000001fd0103b000::invoke@28
                      ;   {runtime_call throw_null_pointer_exception Runtime1 stub}
  0x000001fd6531f8b4: 62f4 05e8 

  0x000001fd6531f8b8: ; ImmutableOopMap {rax=Oop rsi=Oop rdx=Oop [32]=Oop [40]=Oop }
                      ;*invokevirtual invokeBasic {reexecute=0 rethrow=0 return_oop=0}
                      ; - java.lang.invoke.LambdaForm$MH/0x000001fd0103b000::invoke@32
  0x000001fd6531f8b8: c426 f405 | 4c89 0424 

  0x000001fd6531f8c0: ;   {runtime_call throw_class_cast_exception Runtime1 stub}
  0x000001fd6531f8c0: e83b 62f4 

  0x000001fd6531f8c4: ; ImmutableOopMap {rax=Oop [48]=Oop }
                      ;*checkcast {reexecute=0 rethrow=0 return_oop=0}
                      ; - java.lang.invoke.LambdaForm$MH/0x000001fd0103b000::invoke@45
                      ;   {runtime_call throw_null_pointer_exception Runtime1 stub}
  0x000001fd6531f8c4: 05e8 b626 

  0x000001fd6531f8c8: ; ImmutableOopMap {rax=Oop rdx=Oop [48]=Oop }
                      ;*invokevirtual invokeBasic {reexecute=0 rethrow=0 return_oop=0}
                      ; - java.lang.invoke.LambdaForm$MH/0x000001fd0103b000::invoke@52
                      ;   {internal_word}
  0x000001fd6531f8c8: f405 49ba | 63f8 3165 | fd01 0000 | 4d89 9768 

  0x000001fd6531f8d8: ;   {runtime_call SafepointBlob}
  0x000001fd6531f8d8: 0400 00e9 | 205e e805 | 498b 8700 | 0500 0049 | c787 0005 | 0000 0000 | 0000 49c7 | 8708 0500 
  0x000001fd6531f8f8: 0000 0000 | 0048 83c4 

  0x000001fd6531f900: ;   {runtime_call unwind_exception Runtime1 stub}
  0x000001fd6531f900: 405d e9f9 | 09f4 05f4 
[Stub Code]
  0x000001fd6531f908: ;   {no_reloc}
  0x000001fd6531f908: 48bb 0000 | 0000 0000 

  0x000001fd6531f910: ;   {runtime_call}
  0x000001fd6531f910: 0000 e9fb 

  0x000001fd6531f914: ;   {static_stub}
  0x000001fd6531f914: ffff ff48 | bb00 0000 | 0000 0000 

  0x000001fd6531f920: ;   {runtime_call}
  0x000001fd6531f920: 00e9 fbff 

  0x000001fd6531f924: ;   {runtime_call handle_exception_from_callee Runtime1 stub}
  0x000001fd6531f924: ffff e8d5 

  0x000001fd6531f928: ;   {external_word}
  0x000001fd6531f928: 5bf4 0548 | b9e0 479c | e5fa 7f00 | 0048 83e4 

  0x000001fd6531f938: ;   {runtime_call}
  0x000001fd6531f938: f048 b840 | 2464 e5fa | 7f00 00ff 

  0x000001fd6531f944: ;   {section_word}
  0x000001fd6531f944: d0f4 49ba | 46f9 3165 | fd01 0000 

  0x000001fd6531f950: ;   {runtime_call DeoptimizationBlob}
  0x000001fd6531f950: 4152 e949 

  0x000001fd6531f954: ;   {section_word}
  0x000001fd6531f954: 50e8 0549 | ba57 f931 | 65fd 0100 

  0x000001fd6531f960: ;   {runtime_call DeoptimizationBlob}
  0x000001fd6531f960: 0041 52e9 | 3850 e805 
[/MachCode]


Compiled method (c2) 4870308 130881   !   4       org.gradle.internal.reflect.JavaMethod::invoke (87 bytes)
 total in heap  [0x000001fd6e89bd10,0x000001fd6e89fc00] = 16112
 relocation     [0x000001fd6e89be70,0x000001fd6e89c1f0] = 896
 main code      [0x000001fd6e89c200,0x000001fd6e89e068] = 7784
 stub code      [0x000001fd6e89e068,0x000001fd6e89e1c8] = 352
 oops           [0x000001fd6e89e1c8,0x000001fd6e89e228] = 96
 metadata       [0x000001fd6e89e228,0x000001fd6e89e390] = 360
 scopes data    [0x000001fd6e89e390,0x000001fd6e89f048] = 3256
 scopes pcs     [0x000001fd6e89f048,0x000001fd6e89f728] = 1760
 dependencies   [0x000001fd6e89f728,0x000001fd6e89f750] = 40
 handler table  [0x000001fd6e89f750,0x000001fd6e89fb40] = 1008
 nul chk table  [0x000001fd6e89fb40,0x000001fd6e89fc00] = 192

[Constant Pool (empty)]

[MachCode]
[Entry Point]
  # {method} {0x000001fd794ebc58} 'invoke' '(Ljava/lang/Object;[Ljava/lang/Object;)Ljava/lang/Object;' in 'org/gradle/internal/reflect/JavaMethod'
  # this:     rdx:rdx   = 'org/gradle/internal/reflect/JavaMethod'
  # parm0:    r8:r8     = 'java/lang/Object'
  # parm1:    r9:r9     = '[Ljava/lang/Object;'
  #           [sp+0x90]  (sp of caller)
  0x000001fd6e89c200: 448b 5208 | 49bb 0000 | 0000 fd01 | 0000 4d03 | d349 3bc2 

  0x000001fd6e89c214: ;   {runtime_call ic_miss_stub}
  0x000001fd6e89c214: 0f85 6625 | 90fc 6690 | 0f1f 4000 
[Verified Entry Point]
  0x000001fd6e89c220: 8984 2400 | 80ff ff55 | 4881 ec80 | 0000 0090 | 4181 7f20 | 6f00 0000 | 0f85 1c1e | 0000 4c89 
  0x000001fd6e89c240: 4c24 404c | 8944 2438 | 4c8b ca44 | 8b6a 0c45 | 0fbe 5d0d | 4d8b f545 | 85db 0f85 | e703 0000 
  0x000001fd6e89c260: 458b 5d24 

  0x000001fd6e89c264: ; implicit exception: dispatches to 0x000001fd6e89d6a8
  0x000001fd6e89c264: 458b 5334 | 4585 d20f | 85b7 0300 | 0045 8b5d | 1845 85db | 0f85 1802 | 0000 488d | 5c24 7049 
  0x000001fd6e89c284: 8b06 a802 | 0f85 2300 | 0000 4883 | c801 4889 | 03f0 490f | b11e 0f84 | 3700 0000 | 482b c448 
  0x000001fd6e89c2a4: 2507 f0ff | ff48 8903 | e924 0000 | 004c 8bd0 | 4833 c0f0 | 4d0f b17a | 3e48 c703 | 0300 0000 
  0x000001fd6e89c2c4: 7411 4c3b | f875 1549 | ff82 8600 | 0000 4833 | c075 0949 | ff87 5005 | 0000 33c0 | 0f85 c20f 
  0x000001fd6e89c2e4: 0000 458b | 5d18 4585 | db0f 8579 | 1000 0045 | 8b5d 5045 | 85db 7579 | 418b 4d24 | 418b 6d40 
  0x000001fd6e89c304: ;   {oop(a 'java/lang/Class'{0x0000000080721ea0} = 'jdk/internal/access/SharedSecrets')}
  0x000001fd6e89c304: 49ba a01e | 7280 0000 | 0000 458b | 527c 458b 

  0x000001fd6e89c314: ;   {metadata('java/lang/System$2')}
  0x000001fd6e89c314: 5a08 4181 | fb88 8101 | 000f 85c1 | 1000 0085 | c90f 8496 | 1000 004c | 8974 2430 | 4489 6c24 
  0x000001fd6e89c334: 284c 894c | 2420 488b 

  0x000001fd6e89c33c: ;   {optimized virtual_call}
  0x000001fd6e89c33c: d166 90e8 

  0x000001fd6e89c340: ; ImmutableOopMap {rbp=NarrowOop [32]=Oop [40]=NarrowOop [48]=Oop [56]=Oop [64]=Oop }
                      ;*invokevirtual getConstantPool {reexecute=0 rethrow=0 return_oop=1}
                      ; - java.lang.System$2::getConstantPool@1 (line 2349)
                      ; - java.lang.reflect.Executable::declaredAnnotations@53 (line 637)
                      ; - java.lang.reflect.Executable::getAnnotation@7 (line 600)
                      ; - java.lang.reflect.Method::getAnnotation@2 (line 793)
                      ; - java.lang.reflect.AnnotatedElement::isAnnotationPresent@2 (line 292)
                      ; - java.lang.reflect.AccessibleObject::isAnnotationPresent@2 (line 558)
                      ; - jdk.internal.reflect.Reflection::isCallerSensitive@18 (line 347)
                      ; - java.lang.reflect.Method::isCallerSensitive@11 (line 618)
                      ; - java.lang.reflect.Method::invoke@1 (line 561)
                      ; - org.gradle.internal.reflect.JavaMethod::invoke@6 (line 125)
  0x000001fd6e89c340: 3c27 90fc 

  0x000001fd6e89c344: ;   {other}
  0x000001fd6e89c344: 0f1f 8400 | 3406 0000 | 448b 4424 | 2845 8b58 | 2448 8bd5 | 4d8b cb4c | 8bc0 488b 

  0x000001fd6e89c360: ;   {static_call}
  0x000001fd6e89c360: 6c24 20e8 

  0x000001fd6e89c364: ; ImmutableOopMap {rbp=Oop [32]=Oop [40]=NarrowOop [48]=Oop [56]=Oop [64]=Oop }
                      ;*invokestatic parseAnnotations {reexecute=0 rethrow=0 return_oop=1}
                      ; - java.lang.reflect.Executable::declaredAnnotations@62 (line 634)
                      ; - java.lang.reflect.Executable::getAnnotation@7 (line 600)
                      ; - java.lang.reflect.Method::getAnnotation@2 (line 793)
                      ; - java.lang.reflect.AnnotatedElement::isAnnotationPresent@2 (line 292)
                      ; - java.lang.reflect.AccessibleObject::isAnnotationPresent@2 (line 558)
                      ; - jdk.internal.reflect.Reflection::isCallerSensitive@18 (line 347)
                      ; - java.lang.reflect.Method::isCallerSensitive@11 (line 618)
                      ; - java.lang.reflect.Method::invoke@1 (line 561)
                      ; - org.gradle.internal.reflect.JavaMethod::invoke@6 (line 125)
  0x000001fd6e89c364: 182d 90fc 

  0x000001fd6e89c368: ;   {other}
  0x000001fd6e89c368: 0f1f 8400 | 5806 0001 | 488b d8eb | 264c 8974 | 2430 4489 | 6c24 284c | 894c 2420 | 498b d349 
  0x000001fd6e89c388: ;   {optimized virtual_call}
  0x000001fd6e89c388: 8be9 90e8 

  0x000001fd6e89c38c: ; ImmutableOopMap {rbp=Oop [32]=Oop [40]=NarrowOop [48]=Oop [56]=Oop [64]=Oop }
                      ;*invokevirtual declaredAnnotations {reexecute=0 rethrow=0 return_oop=1}
                      ; - java.lang.reflect.Executable::declaredAnnotations@35 (line 632)
                      ; - java.lang.reflect.Executable::getAnnotation@7 (line 600)
                      ; - java.lang.reflect.Method::getAnnotation@2 (line 793)
                      ; - java.lang.reflect.AnnotatedElement::isAnnotationPresent@2 (line 292)
                      ; - java.lang.reflect.AccessibleObject::isAnnotationPresent@2 (line 558)
                      ; - jdk.internal.reflect.Reflection::isCallerSensitive@18 (line 347)
                      ; - java.lang.reflect.Method::isCallerSensitive@11 (line 618)
                      ; - java.lang.reflect.Method::invoke@1 (line 561)
                      ; - org.gradle.internal.reflect.JavaMethod::invoke@6 (line 125)
  0x000001fd6e89c38c: f026 90fc 

  0x000001fd6e89c390: ;   {other}
  0x000001fd6e89c390: 0f1f 8400 | 8006 0002 | 488b d841 | 807f 4000 | 0f85 7a0a | 0000 448b | 6c24 284c | 8bdb 4589 
  0x000001fd6e89c3b0: 5d18 4c8b | 7424 304d | 8bd6 4c8b | db4d 33da | 49c1 eb14 | 4d85 db74 | 1f48 85db | 741a 49c1 
  0x000001fd6e89c3d0: ea09 48b9 | 0000 1773 | fd01 0000 | 4903 ca80 | 3902 0f85 | 700a 0000 | f083 4424 | c000 488d 
  0x000001fd6e89c3f0: 4424 7048 | 8338 000f | 8479 0000 | 004d 8b16 | 41f6 c202 | 0f84 6200 | 0000 4983 | ba86 0000 
  0x000001fd6e89c410: 0000 7409 | 49ff 8a86 | 0000 00eb | 4b49 8b82 | 9600 0000 | 490b 828e | 0000 0075 | 0a49 c742 
  0x000001fd6e89c430: 3e00 0000 | 00eb 3d49 | 83ba 9e00 | 0000 0074 | 2248 33c0 | 49c7 423e | 0000 0000 | f083 0424 
  0x000001fd6e89c450: 0049 83ba | 9e00 0000 | 0075 0df0 | 4d0f b17a | 3e75 0583 | c801 eb0c | a800 eb08 | 4c8b 10f0 
  0x000001fd6e89c470: 4d0f b116 | 750a 49ff | 8f50 0500 | 0045 33d2 | 0f85 580e | 0000 4885 | db0f 8401 

  0x000001fd6e89c48c: ;   {no_reloc}
  0x000001fd6e89c48c: 0e00 004c | 8b4c 2420 | eb03 498b | db44 8b5b 

  0x000001fd6e89c49c: ;   {metadata('java/util/Collections$EmptyMap')}
  0x000001fd6e89c49c: 0841 81fb | e8a5 1d00 | 0f84 7601 

  0x000001fd6e89c4a8: ;   {metadata('java/util/LinkedHashMap')}
  0x000001fd6e89c4a8: 0000 4181 | fb18 e90f | 000f 854e | 0e00 0044 | 8b5b 2445 | 85db 0f84 | 3707 0000 | 458b 530c 
  0x000001fd6e89c4c8: 4585 d20f | 863f 0f00 | 0041 ffca 

  0x000001fd6e89c4d4: ;   {oop(a 'java/lang/Class'{0x000000008071e8b8} = 'jdk/internal/reflect/CallerSensitive')}
  0x000001fd6e89c4d4: 49b8 b8e8 | 7180 0000 | 0000 4d8b | 0049 8bc8 | 4883 e103 | 4883 f901 | 0f85 b409 | 0000 49c1 
  0x000001fd6e89c4f4: e808 418b | c025 ffff | ff7f 85c0 | 0f84 a009 | 0000 448b | c041 c1e8 | 1044 33c0 | 4523 d043 
  0x000001fd6e89c514: 8b7c 9310 | 85ff 750b | 41ba 0100 | 0000 e914 | 0100 0044 | 8b57 0c48 | 8bcf 453b | d00f 848b 
  0x000001fd6e89c534: 0000 0044 | 8b57 1845 | 85d2 747a | 448b 5f08 

  0x000001fd6e89c544: ;   {metadata('java/util/HashMap$TreeNode')}
  0x000001fd6e89c544: 4181 fb78 | 281a 000f | 8513 0700 | 0048 895c | 2430 4c89 | 7424 2841 | 8bed 4c89 | 4c24 2048 
  0x000001fd6e89c564: ;   {oop(a 'java/lang/Class'{0x000000008071e8b8} = 'jdk/internal/reflect/CallerSensitive')}
  0x000001fd6e89c564: 8bd1 49b9 | b8e8 7180 | 0000 0000 

  0x000001fd6e89c570: ;   {optimized virtual_call}
  0x000001fd6e89c570: 6666 90e8 

  0x000001fd6e89c574: ; ImmutableOopMap {rbp=NarrowOop [32]=Oop [40]=Oop [48]=Oop [56]=Oop [64]=Oop }
                      ;*invokevirtual getTreeNode {reexecute=0 rethrow=0 return_oop=1}
                      ; - java.util.HashMap::getNode@95 (line 582)
                      ; - java.util.LinkedHashMap::get@2 (line 536)
                      ; - java.lang.reflect.Executable::getAnnotation@11 (line 600)
                      ; - java.lang.reflect.Method::getAnnotation@2 (line 793)
                      ; - java.lang.reflect.AnnotatedElement::isAnnotationPresent@2 (line 292)
                      ; - java.lang.reflect.AccessibleObject::isAnnotationPresent@2 (line 558)
                      ; - jdk.internal.reflect.Reflection::isCallerSensitive@18 (line 347)
                      ; - java.lang.reflect.Method::isCallerSensitive@11 (line 618)
                      ; - java.lang.reflect.Method::invoke@1 (line 561)
                      ; - org.gradle.internal.reflect.JavaMethod::invoke@6 (line 125)
  0x000001fd6e89c574: 0825 90fc 

  0x000001fd6e89c578: ;   {other}
  0x000001fd6e89c578: 0f1f 8400 | 6808 0003 | 4885 c075 | 1841 ba01 | 0000 004c | 8b4c 2420 | 448b ed4c | 8b74 2428 
  0x000001fd6e89c598: e99e 0000 | 0041 ba01 | 0000 004c | 8b4c 2420 | 448b ed4c | 8b74 2428 | 488b 5c24 | 3048 8bc8 
  0x000001fd6e89c5b8: eb1f 41ba | 0100 0000 | eb79 448b 

  0x000001fd6e89c5c4: ;   {oop(a 'java/lang/Class'{0x000000008071e8b8} = 'jdk/internal/reflect/CallerSensitive')}
  0x000001fd6e89c5c4: 5f10 4181 | fbb8 e871 | 800f 8564 | ffff ff41 | ba01 0000 | 0044 0fb6 | 5b30 4585 | db0f 8501 
  0x000001fd6e89c5e4: 0b00 0044 | 8b59 1445 | 85db 744b | 418b 4b08 

  0x000001fd6e89c5f4: ;   {metadata('jdk/internal/reflect/CallerSensitive')}
  0x000001fd6e89c5f4: 48b8 989d | 0900 fd01 | 0000 48be | 0000 0000 | fd01 0000 | 4803 f14c | 8b46 204c | 3bc0 0f85 
  0x000001fd6e89c614: ee05 0000 | 41bb 0100 | 0000 eb21 | 41ba 0100 | 0000 eb13 

  0x000001fd6e89c628: ;   {oop(a 'jdk/internal/loader/ClassLoaders$PlatformClassLoader'{0x00000000807359c0})}
  0x000001fd6e89c628: 4181 fac0 | 5973 800f | 843c fcff | ff41 ba01 | 0000 0041 | bbff ffff | ff45 885d | 0deb 0641 
  0x000001fd6e89c648: ba01 0000 | 0045 85db | 7f03 4533 | d245 0fb6 | 450c 4585 | c00f 8419 | 0400 0045 | 85db 0f8f 
  0x000001fd6e89c668: 280a 0000 | 4533 db45 | 33d2 458b | 454c 4585 | c00f 843a | 0500 0049 | 8bc0 4585 | db0f 8512 
  0x000001fd6e89c688: 0600 0044 

  0x000001fd6e89c68c: ;   {metadata('jdk/internal/reflect/DirectMethodHandleAccessor')}
  0x000001fd6e89c68c: 8b58 0841 | 81fb b8f4 | 1900 0f85 | 6009 0000 | 4c8b d041 | b800 0200 | 0045 8542 | 100f 8500 
  0x000001fd6e89c6ac: 0500 004c | 8b44 2438 

  0x000001fd6e89c6b4: ; implicit exception: dispatches to 0x000001fd6e89d5e4
  0x000001fd6e89c6b4: 418b 4808 | 418b 5a14 | 48be 0000 | 0000 fd01 | 0000 4803 | f14c 8b5e | 7049 8b0b 

  0x000001fd6e89c6d0: ; implicit exception: dispatches to 0x000001fd6e89d604
  0x000001fd6e89c6d0: 488b 4310 

  0x000001fd6e89c6d4: ; implicit exception: dispatches to 0x000001fd6e89d634
  0x000001fd6e89c6d4: 448b 5814 | 4963 cb48 | 8b0c 0e48 | 3bc1 0f85 | 7004 0000 | 488b 6c24 | 4048 85ed | 0f84 b204 
  0x000001fd6e89c6f4: 0000 8b5d | 0c41 8b4a | 0c3b d90f | 851b 0900 | 0045 8b5a | 1883 f901 | 0f85 dd00 | 0000 8b4d 
  0x000001fd6e89c714: 0c85 c90f | 864f 0900 | 0041 8b4b | 108b 6d10 

  0x000001fd6e89c724: ;   {oop(a 'java/lang/invoke/MethodType'{0x0000000080735908} = (Ljava/lang/Object;Ljava/lang/Object;)Ljava/lang/Object;)}
  0x000001fd6e89c724: 81f9 0859 | 7380 0f85 | 000a 0000 | 418b 4b14 | 85c9 0f84 | 1009 0000 | 443b 611c | 7528 4c89 
  0x000001fd6e89c744: 5c24 304c | 8954 2428 | 4c89 4424 | 384c 894c | 2420 498b 

  0x000001fd6e89c758: ;   {static_call}
  0x000001fd6e89c758: d366 90e8 

  0x000001fd6e89c75c: ; ImmutableOopMap {rbp=NarrowOop [32]=Oop [40]=Oop [48]=Oop [56]=Oop }
                      ;*invokestatic maybeCustomize {reexecute=0 rethrow=0 return_oop=0}
                      ; - java.lang.invoke.Invokers::checkCustomized@19 (line 627)
                      ; - java.lang.invoke.Invokers$Holder::invokeExact_MT@14
                      ; - jdk.internal.reflect.DirectMethodHandleAccessor::invokeImpl@55 (line 154)
                      ; - jdk.internal.reflect.DirectMethodHandleAccessor::invoke@23 (line 103)
                      ; - java.lang.reflect.Method::invoke@102 (line 580)
                      ; - org.gradle.internal.reflect.JavaMethod::invoke@6 (line 125)
  0x000001fd6e89c75c: 4016 2efd 

  0x000001fd6e89c760: ;   {other}
  0x000001fd6e89c760: 0f1f 8400 | 500a 0004 | eb14 4c89 | 4c24 204c | 8944 2438 | 4c89 5424 | 284c 895c | 2430 4c8b 
  0x000001fd6e89c780: cd48 8b54 | 2430 4c8b 

  0x000001fd6e89c788: ;   {optimized virtual_call}
  0x000001fd6e89c788: 4424 38e8 

  0x000001fd6e89c78c: ; ImmutableOopMap {[32]=Oop [40]=Oop [56]=Oop }
                      ;*invokevirtual invokeBasic {reexecute=0 rethrow=0 return_oop=1}
                      ; - java.lang.invoke.Invokers$Holder::invokeExact_MT@20
                      ; - jdk.internal.reflect.DirectMethodHandleAccessor::invokeImpl@55 (line 154)
                      ; - jdk.internal.reflect.DirectMethodHandleAccessor::invoke@23 (line 103)
                      ; - java.lang.reflect.Method::invoke@102 (line 580)
                      ; - org.gradle.internal.reflect.JavaMethod::invoke@6 (line 125)
  0x000001fd6e89c78c: f01d e6fc 

  0x000001fd6e89c790: ;   {other}
  0x000001fd6e89c790: 0f1f 8400 | 800a 0005 | 4c8b d848 | 8b5c 2420 | 448b 4310 

  0x000001fd6e89c7a4: ; implicit exception: dispatches to 0x000001fd6e89d5c8
  0x000001fd6e89c7a4: 498b 4010 

  0x000001fd6e89c7a8: ; implicit exception: dispatches to 0x000001fd6e89cb36
  0x000001fd6e89c7a8: 448b 5014 | 4d85 db0f | 84a7 0400 | 0041 8b4b | 084d 63ca | 48be 0000 | 0000 fd01 | 0000 4803 
  0x000001fd6e89c7c8: f14e 8b0c | 0e49 3bc1 | 0f85 3103 | 0000 498b | c348 81c4 | 8000 0000 

  0x000001fd6e89c7e0: ;   {poll_return}
  0x000001fd6e89c7e0: 5d49 3ba7 | 5004 0000 | 0f87 5618 | 0000 c383 | f901 0f8d | 9000 0000 | 85c9 0f85 | e801 0000 
  0x000001fd6e89c800: ; implicit exception: dispatches to 0x000001fd6e89d6c0
  0x000001fd6e89c800: 418b 4b10 

  0x000001fd6e89c804: ;   {oop(a 'java/lang/invoke/MethodType'{0x00000000807357f0} = (Ljava/lang/Object;)Ljava/lang/Object;)}
  0x000001fd6e89c804: 81f9 f057 | 7380 0f85 | 6c09 0000 | 418b 5b14 | 85db 0f84 | ac08 0000 | 443b 631c | 753c 4c89 
  0x000001fd6e89c824: 5c24 304c | 8954 2428 | 4c89 4424 | 384c 894c | 2420 498b | d349 8be8 

  0x000001fd6e89c83c: ;   {static_call}
  0x000001fd6e89c83c: 6666 90e8 

  0x000001fd6e89c840: ; ImmutableOopMap {rbp=Oop [32]=Oop [40]=Oop [48]=Oop [56]=Oop }
                      ;*invokestatic maybeCustomize {reexecute=0 rethrow=0 return_oop=0}
                      ; - java.lang.invoke.Invokers::checkCustomized@19 (line 627)
                      ; - java.lang.invoke.Invokers$Holder::invokeExact_MT@14
                      ; - jdk.internal.reflect.DirectMethodHandleAccessor::invokeImpl@41 (line 153)
                      ; - jdk.internal.reflect.DirectMethodHandleAccessor::invoke@23 (line 103)
                      ; - java.lang.reflect.Method::invoke@102 (line 580)
                      ; - org.gradle.internal.reflect.JavaMethod::invoke@6 (line 125)
  0x000001fd6e89c840: 5c15 2efd 

  0x000001fd6e89c844: ;   {other}
  0x000001fd6e89c844: 0f1f 8400 | 340b 0006 | 4c8b 4c24 | 204c 8bc5 | 4c8b 5424 | 284c 8b5c | 2430 4c89 | 5424 284c 
  0x000001fd6e89c864: 8944 2438 | 4c89 4c24 | 2049 8bd3 

  0x000001fd6e89c870: ;   {optimized virtual_call}
  0x000001fd6e89c870: 6666 90e8 

  0x000001fd6e89c874: ; ImmutableOopMap {[32]=Oop [40]=Oop [56]=Oop }
                      ;*invokevirtual invokeBasic {reexecute=0 rethrow=0 return_oop=1}
                      ; - java.lang.invoke.Invokers$Holder::invokeExact_MT@19
                      ; - jdk.internal.reflect.DirectMethodHandleAccessor::invokeImpl@41 (line 153)
                      ; - jdk.internal.reflect.DirectMethodHandleAccessor::invoke@23 (line 103)
                      ; - java.lang.reflect.Method::invoke@102 (line 580)
                      ; - org.gradle.internal.reflect.JavaMethod::invoke@6 (line 125)
  0x000001fd6e89c874: 8861 e5fc 

  0x000001fd6e89c878: ;   {other}
  0x000001fd6e89c878: 0f1f 8400 | 680b 0007 | 4c8b d8e9 | 13ff ffff | 83f9 030f | 85af 0000 | 008b 5d0c | 83fb 020f 
  0x000001fd6e89c898: 866f 0900 | 0041 8b5b | 108b 4d18 | 8b75 108b 

  0x000001fd6e89c8a8: ;   {oop(a 'java/lang/invoke/MethodType'{0x000000008073ae30} = (Ljava/lang/Object;Ljava/lang/Object;Ljava/lang/Object;Ljava/lang/Object;)Ljava/lang/Object;)}
  0x000001fd6e89c8a8: 6d14 81fb | 30ae 7380 | 0f85 820a | 0000 418b | 5b14 85db | 0f84 2a09 | 0000 443b | 631c 7532 
  0x000001fd6e89c8c8: 4c89 5c24 | 4089 7424 | 3489 4c24 | 304c 8954 | 2428 4c89 | 4424 384c | 894c 2420 

  0x000001fd6e89c8e4: ;   {static_call}
  0x000001fd6e89c8e4: 498b d3e8 

  0x000001fd6e89c8e8: ; ImmutableOopMap {rbp=NarrowOop [32]=Oop [40]=Oop [48]=NarrowOop [52]=NarrowOop [56]=Oop [64]=Oop }
                      ;*invokestatic maybeCustomize {reexecute=0 rethrow=0 return_oop=0}
                      ; - java.lang.invoke.Invokers::checkCustomized@19 (line 627)
                      ; - java.lang.invoke.LambdaForm$MH/0x000001fd010ee800::invokeExact_MT@15
                      ; - jdk.internal.reflect.DirectMethodHandleAccessor::invokeImpl@92 (line 156)
                      ; - jdk.internal.reflect.DirectMethodHandleAccessor::invoke@23 (line 103)
                      ; - java.lang.reflect.Method::invoke@102 (line 580)
                      ; - org.gradle.internal.reflect.JavaMethod::invoke@6 (line 125)
  0x000001fd6e89c8e8: b414 2efd 

  0x000001fd6e89c8ec: ;   {other}
  0x000001fd6e89c8ec: 0f1f 8400 | dc0b 0008 | 8b4c 2430 | eb18 4c89 | 4c24 204c | 8944 2438 | 4c89 5424 | 2889 7424 
  0x000001fd6e89c90c: 344c 895c | 2440 488b | f144 8b54 | 2434 4d8b | ca48 8bfd | 488b 5424 | 404c 8b44 

  0x000001fd6e89c928: ;   {optimized virtual_call}
  0x000001fd6e89c928: 2438 90e8 

  0x000001fd6e89c92c: ; ImmutableOopMap {[32]=Oop [40]=Oop [56]=Oop }
                      ;*invokevirtual invokeBasic {reexecute=0 rethrow=0 return_oop=1}
                      ; - java.lang.invoke.LambdaForm$MH/0x000001fd010ee800::invokeExact_MT@24
                      ; - jdk.internal.reflect.DirectMethodHandleAccessor::invokeImpl@92 (line 156)
                      ; - jdk.internal.reflect.DirectMethodHandleAccessor::invoke@23 (line 103)
                      ; - java.lang.reflect.Method::invoke@102 (line 580)
                      ; - org.gradle.internal.reflect.JavaMethod::invoke@6 (line 125)
  0x000001fd6e89c92c: 5025 e6fc 

  0x000001fd6e89c930: ;   {other}
  0x000001fd6e89c930: 0f1f 8400 | 200c 0009 | 4c8b d8e9 | 5bfe ffff | 83f9 030f | 8d9f 0000 | 008b 4d0c | 83f9 010f 
  0x000001fd6e89c950: 866f 0800 | 0041 8b4b | 108b 5d14 

  0x000001fd6e89c95c: ;   {oop(a 'java/lang/invoke/MethodType'{0x0000000080735a28} = (Ljava/lang/Object;Ljava/lang/Object;Ljava/lang/Object;)Ljava/lang/Object;)}
  0x000001fd6e89c95c: 8b6d 1081 | f928 5a73 | 800f 85f5 | 0800 0041 | 8b7b 1485 | ff0f 842d | 0800 0044 | 3b67 1c75 
  0x000001fd6e89c97c: 314c 895c | 2440 895c | 2430 4c89 | 5424 284c | 8944 2438 | 4c89 4c24 | 2049 8bd3 

  0x000001fd6e89c998: ;   {static_call}
  0x000001fd6e89c998: 6666 90e8 

  0x000001fd6e89c99c: ; ImmutableOopMap {rbp=NarrowOop [32]=Oop [40]=Oop [48]=NarrowOop [56]=Oop [64]=Oop }
                      ;*invokestatic maybeCustomize {reexecute=0 rethrow=0 return_oop=0}
                      ; - java.lang.invoke.Invokers::checkCustomized@19 (line 627)
                      ; - java.lang.invoke.LambdaForm$MH/0x000001fd01002800::invokeExact_MT@15
                      ; - jdk.internal.reflect.DirectMethodHandleAccessor::invokeImpl@72 (line 155)
                      ; - jdk.internal.reflect.DirectMethodHandleAccessor::invoke@23 (line 103)
                      ; - java.lang.reflect.Method::invoke@102 (line 580)
                      ; - org.gradle.internal.reflect.JavaMethod::invoke@6 (line 125)
  0x000001fd6e89c99c: 0014 2efd 

  0x000001fd6e89c9a0: ;   {other}
  0x000001fd6e89c9a0: 0f1f 8400 | 900c 000a | 8b5c 2430 | eb14 4c89 | 4c24 204c | 8944 2438 | 4c89 5424 | 284c 895c 
  0x000001fd6e89c9c0: 2440 488b | fb4c 8bcd | 488b 5424 | 404c 8b44 

  0x000001fd6e89c9d0: ;   {optimized virtual_call}
  0x000001fd6e89c9d0: 2438 90e8 

  0x000001fd6e89c9d4: ; ImmutableOopMap {[32]=Oop [40]=Oop [56]=Oop }
                      ;*invokevirtual invokeBasic {reexecute=0 rethrow=0 return_oop=1}
                      ; - java.lang.invoke.LambdaForm$MH/0x000001fd01002800::invokeExact_MT@22
                      ; - jdk.internal.reflect.DirectMethodHandleAccessor::invokeImpl@72 (line 155)
                      ; - jdk.internal.reflect.DirectMethodHandleAccessor::invoke@23 (line 103)
                      ; - java.lang.reflect.Method::invoke@102 (line 580)
                      ; - org.gradle.internal.reflect.JavaMethod::invoke@6 (line 125)
  0x000001fd6e89c9d4: 2850 e6fc 

  0x000001fd6e89c9d8: ;   {other}
  0x000001fd6e89c9d8: 0f1f 8400 | c80c 000b | 4c8b d8e9 | b3fd ffff 

  0x000001fd6e89c9e8: ; implicit exception: dispatches to 0x000001fd6e89d6f8
  0x000001fd6e89c9e8: 418b 4b10 

  0x000001fd6e89c9ec: ;   {oop(a 'java/lang/invoke/MethodType'{0x0000000081234818} = (Ljava/lang/Object;[Ljava/lang/Object;)Ljava/lang/Object;)}
  0x000001fd6e89c9ec: 81f9 1848 | 2381 0f85 | 3c08 0000 | 418b 4b14 | 85c9 0f84 | 5807 0000 | 443b 611c | 7545 4c89 
  0x000001fd6e89ca0c: 5c24 404c | 8954 2428 | 4889 6c24 | 304c 8944 | 2438 4c89 | 4c24 2049 | 8bd3 498b 

  0x000001fd6e89ca28: ;   {static_call}
  0x000001fd6e89ca28: e866 90e8 

  0x000001fd6e89ca2c: ; ImmutableOopMap {rbp=Oop [32]=Oop [40]=Oop [48]=Oop [56]=Oop [64]=Oop }
                      ;*invokestatic maybeCustomize {reexecute=0 rethrow=0 return_oop=0}
                      ; - java.lang.invoke.Invokers::checkCustomized@19 (line 627)
                      ; - java.lang.invoke.Invokers$Holder::invokeExact_MT@14
                      ; - jdk.internal.reflect.DirectMethodHandleAccessor::invokeImpl@104 (line 157)
                      ; - jdk.internal.reflect.DirectMethodHandleAccessor::invoke@23 (line 103)
                      ; - java.lang.reflect.Method::invoke@102 (line 580)
                      ; - org.gradle.internal.reflect.JavaMethod::invoke@6 (line 125)
  0x000001fd6e89ca2c: 7013 2efd 

  0x000001fd6e89ca30: ;   {other}
  0x000001fd6e89ca30: 0f1f 8400 | 200d 000c | 4c8b 4c24 | 204c 8bc5 | 488b 6c24 | 304c 8b54 | 2428 4c8b | 5c24 404c 
  0x000001fd6e89ca50: 8954 2428 | 4c89 4424 | 384c 894c | 2420 498b | d34c 8bcd 

  0x000001fd6e89ca64: ;   {optimized virtual_call}
  0x000001fd6e89ca64: 6666 90e8 

  0x000001fd6e89ca68: ; ImmutableOopMap {[32]=Oop [40]=Oop [56]=Oop }
                      ;*invokevirtual invokeBasic {reexecute=0 rethrow=0 return_oop=1}
                      ; - java.lang.invoke.Invokers$Holder::invokeExact_MT@20
                      ; - jdk.internal.reflect.DirectMethodHandleAccessor::invokeImpl@104 (line 157)
                      ; - jdk.internal.reflect.DirectMethodHandleAccessor::invoke@23 (line 103)
                      ; - java.lang.reflect.Method::invoke@102 (line 580)
                      ; - org.gradle.internal.reflect.JavaMethod::invoke@6 (line 125)
  0x000001fd6e89ca68: 141b e6fc 

  0x000001fd6e89ca6c: ;   {other}
  0x000001fd6e89ca6c: 0f1f 8400 | 5c0d 000d | 4c8b d8e9 | 1ffd ffff | 418b 7520 | 40f6 c608 | 0f85 6a01 | 0000 488b 
  0x000001fd6e89ca8c: 4c24 3844 | 8b41 0849 | bb00 0000 | 00fd 0100 | 004d 03d8 | 4d8b 5b70 | 498b 3b44 | 8954 242c 
  0x000001fd6e89caac: 4c89 7424 | 304c 894c | 2420 458b | 5d24 4489 | 6c24 284d 

  0x000001fd6e89cac0: ;   {oop(a 'java/lang/Class'{0x0000000080c0e050} = 'org/gradle/internal/reflect/JavaMethod')}
  0x000001fd6e89cac0: 8bcb 49b8 | 50e0 c080 | 0000 0000 | 498b d648 | 8b6c 2438 

  0x000001fd6e89cad4: ;   {optimized virtual_call}
  0x000001fd6e89cad4: 6666 90e8 

  0x000001fd6e89cad8: ; ImmutableOopMap {rbp=Oop [32]=Oop [40]=NarrowOop [48]=Oop [56]=Oop [64]=Oop }
                      ;*invokevirtual checkAccess {reexecute=0 rethrow=0 return_oop=0}
                      ; - java.lang.reflect.Method::invoke@60 (line 571)
                      ; - org.gradle.internal.reflect.JavaMethod::invoke@6 (line 125)
  0x000001fd6e89cad8: a41f 90fc 

  0x000001fd6e89cadc: ;   {other}
  0x000001fd6e89cadc: 0f1f 8400 | cc0d 000e 

  0x000001fd6e89cae4: ;   {oop(a 'java/lang/Class'{0x0000000080c0e050} = 'org/gradle/internal/reflect/JavaMethod')}
  0x000001fd6e89cae4: 49ba 50e0 | c080 0000 | 0000 4c8b | 4c24 2044 | 8b6c 2428 | 4c8b 7424 | 3044 8b5c | 242c e96b 
  0x000001fd6e89cb04: fbff ff41 | 83fa 2075 | 2948 3bf0 | 0f84 c0fc | ffff 488b | 7e28 8b0f | 4883 c708 | 4885 c0f2 
  0x000001fd6e89cb24: 48af 0f85 | 0400 0000 | 4889 4620 | 0f84 a0fc | ffff bace | ffff ff48 | 8b6c 2420 | 4489 4424 
  0x000001fd6e89cb44: 284c 895c 

  0x000001fd6e89cb48: ;   {runtime_call UncommonTrapBlob}
  0x000001fd6e89cb48: 2430 90e8 

  0x000001fd6e89cb4c: ; ImmutableOopMap {rbp=Oop [40]=NarrowOop [48]=Oop [56]=Oop }
                      ;*invokevirtual cast {reexecute=0 rethrow=0 return_oop=0}
                      ; - org.gradle.internal.reflect.JavaMethod::invoke@15 (line 126)
  0x000001fd6e89cb4c: b07a 90fc 

  0x000001fd6e89cb50: ;   {other}
  0x000001fd6e89cb50: 0f1f 8400 | 400e 000f | 4183 fb20 | 7529 483b | f00f 8481 | fbff ff48 | 8b7e 288b | 0f48 83c7 
  0x000001fd6e89cb70: 0848 85c0 | f248 af0f | 8504 0000 | 0048 8946 | 200f 8461 | fbff ffba | 45ff ffff | 498b e94c 
  0x000001fd6e89cb90: 8954 2428 | 4c89 4424 

  0x000001fd6e89cb98: ;   {runtime_call UncommonTrapBlob}
  0x000001fd6e89cb98: 3066 90e8 

  0x000001fd6e89cb9c: ; ImmutableOopMap {rbp=Oop [40]=Oop [48]=Oop [64]=Oop }
                      ;*ifne {reexecute=1 rethrow=0 return_oop=0}
                      ; - (reexecute) jdk.internal.reflect.DirectMethodHandleAccessor::checkReceiver@11 (line 196)
                      ; - jdk.internal.reflect.DirectMethodHandleAccessor::invoke@9 (line 99)
                      ; - java.lang.reflect.Method::invoke@102 (line 580)
                      ; - org.gradle.internal.reflect.JavaMethod::invoke@6 (line 125)
  0x000001fd6e89cb9c: 607a 90fc 

  0x000001fd6e89cba0: ;   {other}
  0x000001fd6e89cba0: 0f1f 8400 | 900e 0010 | 33db e94a | fbff ff4c | 8b44 2438 | e92f fbff | ff4c 8954 | 2430 4489 
  0x000001fd6e89cbc0: 5c24 284c | 894c 2420 | 498b d648 | 8b6c 2438 

  0x000001fd6e89cbd0: ;   {optimized virtual_call}
  0x000001fd6e89cbd0: 6666 90e8 

  0x000001fd6e89cbd4: ; ImmutableOopMap {rbp=Oop [32]=Oop [48]=Oop [56]=Oop [64]=Oop }
                      ;*invokevirtual acquireMethodAccessor {reexecute=0 rethrow=0 return_oop=1}
                      ; - java.lang.reflect.Method::invoke@75 (line 577)
                      ; - org.gradle.internal.reflect.JavaMethod::invoke@6 (line 125)
  0x000001fd6e89cbd4: 687e 30f7 

  0x000001fd6e89cbd8: ;   {other}
  0x000001fd6e89cbd8: 0f1f 8400 | c80e 0011 | 4c8b 4c24 | 2044 8b5c | 2428 4c8b | 5424 30e9 | 8efa ffff | 33ff e9ac 
  0x000001fd6e89cbf8: feff ff41 | ba01 0000 | 00e9 35fa | ffff 488b | 7e28 8b0f | 4883 c708 | 4885 c0f2 | 48af 0f85 
  0x000001fd6e89cc18: 0400 0000 | 4889 4620 | 0f84 f2f9 | ffff bace | ffff ff49 | 8be9 4c8b | 5424 384c | 8954 2430 
  0x000001fd6e89cc38: 4c8b 5424 | 404c 8954 | 2438 4489 | 6c24 2c44 | 895c 2440 

  0x000001fd6e89cc4c: ;   {runtime_call UncommonTrapBlob}
  0x000001fd6e89cc4c: 6666 90e8 

  0x000001fd6e89cc50: ; ImmutableOopMap {rbp=Oop [44]=NarrowOop [48]=Oop [56]=Oop [64]=NarrowOop }
                      ;*invokevirtual cast {reexecute=0 rethrow=0 return_oop=0}
                      ; - java.lang.reflect.Executable::getAnnotation@16 (line 600)
                      ; - java.lang.reflect.Method::getAnnotation@2 (line 793)
                      ; - java.lang.reflect.AnnotatedElement::isAnnotationPresent@2 (line 292)
                      ; - java.lang.reflect.AccessibleObject::isAnnotationPresent@2 (line 558)
                      ; - jdk.internal.reflect.Reflection::isCallerSensitive@18 (line 347)
                      ; - java.lang.reflect.Method::isCallerSensitive@11 (line 618)
                      ; - java.lang.reflect.Method::invoke@1 (line 561)
                      ; - org.gradle.internal.reflect.JavaMethod::invoke@6 (line 125)
  0x000001fd6e89cc50: ac79 90fc 

  0x000001fd6e89cc54: ;   {other}
  0x000001fd6e89cc54: 0f1f 8400 | 440f 0012 | 4533 dbe9 | 72fb ffff | 498b ca41 | ba01 0000 | 0044 8b59 | 0c45 3bd8 
  0x000001fd6e89cc74: 7511 448b 

  0x000001fd6e89cc78: ;   {oop(a 'java/lang/Class'{0x000000008071e8b8} = 'jdk/internal/reflect/CallerSensitive')}
  0x000001fd6e89cc78: 5910 4181 | fbb8 e871 | 800f 8452 | f9ff ff49 | 8bb7 5804 | 0000 8b49 

  0x000001fd6e89cc90: ; ImmutableOopMap {r9=Oop rcx=NarrowOop rbx=Oop r13=NarrowOop r14=Oop [56]=Oop [64]=Oop }
                      ;*ifnonnull {reexecute=1 rethrow=0 return_oop=0}
                      ; - (reexecute) java.util.HashMap::getNode@145 (line 587)
                      ; - java.util.LinkedHashMap::get@2 (line 536)
                      ; - java.lang.reflect.Executable::getAnnotation@11 (line 600)
                      ; - java.lang.reflect.Method::getAnnotation@2 (line 793)
                      ; - java.lang.reflect.AnnotatedElement::isAnnotationPresent@2 (line 292)
                      ; - java.lang.reflect.AccessibleObject::isAnnotationPresent@2 (line 558)
                      ; - jdk.internal.reflect.Reflection::isCallerSensitive@18 (line 347)
                      ; - java.lang.reflect.Method::isCallerSensitive@11 (line 618)
                      ; - java.lang.reflect.Method::invoke@1 (line 561)
                      ; - org.gradle.internal.reflect.JavaMethod::invoke@6 (line 125)
                      ;   {poll}
  0x000001fd6e89cc90: 1885 0685 | c90f 84a0 | f9ff ffeb | d044 8b58 

  0x000001fd6e89cca0: ;   {metadata('jdk/internal/reflect/DirectMethodHandleAccessor')}
  0x000001fd6e89cca0: 0841 81fb | b8f4 1900 | 0f85 9a07 | 0000 4c89 | 5424 484c | 894c 2420 | 4c8b d04c | 8954 2428 
  0x000001fd6e89ccc0: 498b d249 

  0x000001fd6e89ccc4: ;   {optimized virtual_call}
  0x000001fd6e89ccc4: 8be9 90e8 

  0x000001fd6e89ccc8: ; ImmutableOopMap {rbp=Oop [32]=Oop [40]=Oop [56]=Oop [64]=Oop [72]=Oop }
                      ;*invokevirtual isStatic {reexecute=0 rethrow=0 return_oop=0}
                      ; - jdk.internal.reflect.DirectMethodHandleAccessor::invoke@1 (line 125)
                      ; - java.lang.reflect.Method::invoke@90 (line 580)
                      ; - org.gradle.internal.reflect.JavaMethod::invoke@6 (line 125)
  0x000001fd6e89ccc8: b41d 90fc 

  0x000001fd6e89cccc: ;   {other}
  0x000001fd6e89cccc: 0f1f 8400 | bc0f 0014 | 85c0 0f84 | 7002 0000 | 4c8b 5424 | 2841 8b52 | 0c4c 8b44 

  0x000001fd6e89cce8: ;   {static_call}
  0x000001fd6e89cce8: 2440 90e8 

  0x000001fd6e89ccec: ; ImmutableOopMap {rbp=Oop [32]=Oop [40]=Oop [56]=Oop [64]=Oop [72]=Oop }
                      ;*invokestatic checkArgumentCount {reexecute=0 rethrow=0 return_oop=0}
                      ; - jdk.internal.reflect.DirectMethodHandleAccessor::invoke@17 (line 128)
                      ; - java.lang.reflect.Method::invoke@90 (line 580)
                      ; - org.gradle.internal.reflect.JavaMethod::invoke@6 (line 125)
  0x000001fd6e89ccec: 9023 90fc 

  0x000001fd6e89ccf0: ;   {other}
  0x000001fd6e89ccf0: 0f1f 8400 | e00f 0015 | 488b 5424 

  0x000001fd6e89ccfc: ;   {optimized virtual_call}
  0x000001fd6e89ccfc: 2866 90e8 

  0x000001fd6e89cd00: ; ImmutableOopMap {rbp=Oop [32]=Oop [40]=Oop [56]=Oop [64]=Oop [72]=Oop }
                      ;*invokevirtual hasCallerParameter {reexecute=0 rethrow=0 return_oop=0}
                      ; - jdk.internal.reflect.DirectMethodHandleAccessor::invokeImpl@1 (line 164)
                      ; - jdk.internal.reflect.DirectMethodHandleAccessor::invoke@24 (line 130)
                      ; - java.lang.reflect.Method::invoke@90 (line 580)
                      ; - org.gradle.internal.reflect.JavaMethod::invoke@6 (line 125)
  0x000001fd6e89cd00: 7c1d 90fc 

  0x000001fd6e89cd04: ;   {other}
  0x000001fd6e89cd04: 0f1f 8400 | f40f 0016 | 85c0 0f84 | 5502 0000 | 4c8b 5424 | 2845 8b5a | 0c45 8b4a | 1841 83fb 
  0x000001fd6e89cd24: 010f 84d8 | 0100 0041 | 83fb 017d | 3341 83fb | ff0f 8e41 | 0700 00ba | 7600 0000 | 4c8b 5c24 
  0x000001fd6e89cd44: 384c 895c | 2428 4c89 | 5424 3844 | 894c 2440 

  0x000001fd6e89cd54: ;   {runtime_call UncommonTrapBlob}
  0x000001fd6e89cd54: 6666 90e8 

  0x000001fd6e89cd58: ; ImmutableOopMap {rbp=Oop [40]=Oop [56]=Oop [64]=NarrowOop [72]=Oop }
                      ;*invokevirtual invokeExact {reexecute=0 rethrow=0 return_oop=0}
                      ; - jdk.internal.reflect.DirectMethodHandleAccessor::invokeImpl@46 (line 167)
                      ; - jdk.internal.reflect.DirectMethodHandleAccessor::invoke@24 (line 130)
                      ; - java.lang.reflect.Method::invoke@90 (line 580)
                      ; - org.gradle.internal.reflect.JavaMethod::invoke@6 (line 125)
  0x000001fd6e89cd58: a478 90fc 

  0x000001fd6e89cd5c: ;   {other}
  0x000001fd6e89cd5c: 0f1f 8400 | 4c10 0017 | 4183 fb03 | 755a 488b | 4c24 4044 | 8b41 0c41 | 83f8 020f | 8663 0700 
  0x000001fd6e89cd7c: 0044 8b41 | 1044 8b59 | 188b 6914 | ba76 0000 | 0048 8b4c | 2438 4889 | 4c24 3048 | 8b4c 2448 
  0x000001fd6e89cd9c: 4889 4c24 | 384c 8954 | 2440 4489 | 4c24 4844 | 8944 244c | 4489 5c24 

  0x000001fd6e89cdb4: ;   {runtime_call UncommonTrapBlob}
  0x000001fd6e89cdb4: 5066 90e8 

  0x000001fd6e89cdb8: ; ImmutableOopMap {rbp=NarrowOop [32]=Oop [48]=Oop [56]=Oop [64]=Oop [72]=NarrowOop [76]=NarrowOop [80]=NarrowOop }
                      ;*invokevirtual invokeExact {reexecute=0 rethrow=0 return_oop=0}
                      ; - jdk.internal.reflect.DirectMethodHandleAccessor::invokeImpl@100 (line 170)
                      ; - jdk.internal.reflect.DirectMethodHandleAccessor::invoke@24 (line 130)
                      ; - java.lang.reflect.Method::invoke@90 (line 580)
                      ; - org.gradle.internal.reflect.JavaMethod::invoke@6 (line 125)
  0x000001fd6e89cdb8: 4478 90fc 

  0x000001fd6e89cdbc: ;   {other}
  0x000001fd6e89cdbc: 0f1f 8400 | ac10 0018 | 4183 fb03 | 0f8d ae06 | 0000 4c8b | 5c24 4045 | 8b43 0c41 | 83f8 010f 
  0x000001fd6e89cddc: 86d7 0600 | 0045 8b43 | 1041 8b6b | 14ba 7600 | 0000 4c8b | 5c24 384c | 895c 2430 | 4c8b 5c24 
  0x000001fd6e89cdfc: 484c 895c | 2438 4c89 | 5424 4044 | 894c 2448 | 4489 4424 

  0x000001fd6e89ce10: ;   {runtime_call UncommonTrapBlob}
  0x000001fd6e89ce10: 4c66 90e8 

  0x000001fd6e89ce14: ; ImmutableOopMap {rbp=NarrowOop [32]=Oop [48]=Oop [56]=Oop [64]=Oop [72]=NarrowOop [76]=NarrowOop }
                      ;*invokevirtual invokeExact {reexecute=0 rethrow=0 return_oop=0}
                      ; - jdk.internal.reflect.DirectMethodHandleAccessor::invokeImpl@79 (line 169)
                      ; - jdk.internal.reflect.DirectMethodHandleAccessor::invoke@24 (line 130)
                      ; - java.lang.reflect.Method::invoke@90 (line 580)
                      ; - org.gradle.internal.reflect.JavaMethod::invoke@6 (line 125)
  0x000001fd6e89ce14: e877 90fc 

  0x000001fd6e89ce18: ;   {other}
  0x000001fd6e89ce18: 0f1f 8400 | 0811 0019 | 448b 6c24 | 2845 8b55 | 1845 85d2 | 0f84 79f5 | ffff 4d8b | 5f28 498b 
  0x000001fd6e89ce38: ca4d 85db | 0f84 6205 | 0000 4d8b | 5738 4b89 | 4c1a f849 | 83c3 f84d | 895f 28e9 | 53f5 ffff 
  0x000001fd6e89ce58: 4d8b 5758 | 4d8b 5f48 | f083 4424 | c000 8039 | 000f 8479 | f5ff ff44 | 8821 4d85 | db75 1d49 
  0x000001fd6e89ce78: 8bd7 49ba | 7026 34e5 | fa7f 0000 

  0x000001fd6e89ce84: ;   {other}
  0x000001fd6e89ce84: 41ff d20f | 1f84 0000 | 0000 00e9 | 54f5 ffff | 4b89 4c1a | f849 83c3 | f84d 895f | 48e9 42f5 
  0x000001fd6e89cea4: ffff 4489 | 5424 5048 | 895c 2448 | 4c89 7424 | 3044 896c | 2428 4c89 | 4c24 2049 | 8beb 4489 
  0x000001fd6e89cec4: ;   {oop(a 'java/lang/Class'{0x000000008071e8b8} = 'jdk/internal/reflect/CallerSensitive')}
  0x000001fd6e89cec4: 5c24 2c48 | bab8 e871 | 8000 0000 

  0x000001fd6e89ced0: ;   {optimized virtual_call}
  0x000001fd6e89ced0: 0066 90e8 

  0x000001fd6e89ced4: ; ImmutableOopMap {rbp=Oop [32]=Oop [40]=NarrowOop [44]=NarrowOop [48]=Oop [56]=Oop [64]=Oop [72]=Oop }
                      ;*invokevirtual hashCode {reexecute=0 rethrow=0 return_oop=0}
                      ; - java.util.HashMap::hash@9 (line 338)
                      ; - java.util.HashMap::getNode@23 (line 576)
                      ; - java.util.LinkedHashMap::get@2 (line 536)
                      ; - java.lang.reflect.Executable::getAnnotation@11 (line 600)
                      ; - java.lang.reflect.Method::getAnnotation@2 (line 793)
                      ; - java.lang.reflect.AnnotatedElement::isAnnotationPresent@2 (line 292)
                      ; - java.lang.reflect.AccessibleObject::isAnnotationPresent@2 (line 558)
                      ; - jdk.internal.reflect.Reflection::isCallerSensitive@18 (line 347)
                      ; - java.lang.reflect.Method::isCallerSensitive@11 (line 618)
                      ; - java.lang.reflect.Method::invoke@1 (line 561)
                      ; - org.gradle.internal.reflect.JavaMethod::invoke@6 (line 125)
  0x000001fd6e89ced4: a81b 90fc 

  0x000001fd6e89ced8: ;   {other}
  0x000001fd6e89ced8: 0f1f 8400 | c811 001a | 4c8b 4c24 | 2044 8b6c | 2428 4c8b | 7424 3048 | 8b5c 2448 | 448b 5c24 
  0x000001fd6e89cef8: 2c44 8b54 | 2450 e903 | f6ff ff4c | 8b44 2440 

  0x000001fd6e89cf08: ; implicit exception: dispatches to 0x000001fd6e89d80c
  0x000001fd6e89cf08: 458b 580c | 4585 db0f | 86f3 0500 | 0041 8b68 | 10ba 7600 | 0000 4c8b | 5c24 384c | 895c 2430 
  0x000001fd6e89cf28: 4c8b 5c24 | 484c 895c | 2438 4c89 | 5424 4044 | 894c 2448 

  0x000001fd6e89cf3c: ;   {runtime_call UncommonTrapBlob}
  0x000001fd6e89cf3c: 6666 90e8 

  0x000001fd6e89cf40: ; ImmutableOopMap {rbp=NarrowOop [32]=Oop [48]=Oop [56]=Oop [64]=Oop [72]=NarrowOop }
                      ;*invokevirtual invokeExact {reexecute=0 rethrow=0 return_oop=0}
                      ; - jdk.internal.reflect.DirectMethodHandleAccessor::invokeImpl@61 (line 168)
                      ; - jdk.internal.reflect.DirectMethodHandleAccessor::invoke@24 (line 130)
                      ; - java.lang.reflect.Method::invoke@90 (line 580)
                      ; - org.gradle.internal.reflect.JavaMethod::invoke@6 (line 125)
  0x000001fd6e89cf40: bc76 90fc 

  0x000001fd6e89cf44: ;   {other}
  0x000001fd6e89cf44: 0f1f 8400 | 3412 001b | 488b 5424 | 284c 8b44 

  0x000001fd6e89cf54: ;   {optimized virtual_call}
  0x000001fd6e89cf54: 2438 90e8 

  0x000001fd6e89cf58: ; ImmutableOopMap {rbp=Oop [32]=Oop [40]=Oop [56]=Oop [64]=Oop [72]=Oop }
                      ;*invokevirtual checkReceiver {reexecute=0 rethrow=0 return_oop=0}
                      ; - jdk.internal.reflect.DirectMethodHandleAccessor::invoke@9 (line 126)
                      ; - java.lang.reflect.Method::invoke@90 (line 580)
                      ; - org.gradle.internal.reflect.JavaMethod::invoke@6 (line 125)
  0x000001fd6e89cf58: 241b 90fc 

  0x000001fd6e89cf5c: ;   {other}
  0x000001fd6e89cf5c: 0f1f 8400 | 4c12 001c | e973 fdff 

  0x000001fd6e89cf68: ;   {oop(a 'java/lang/invoke/MethodHandleImpl$1'{0x0000000080bc3fc8})}
  0x000001fd6e89cf68: ff48 bac8 | 3fbc 8000 | 0000 004c | 8b44 2448 

  0x000001fd6e89cf78: ;   {optimized virtual_call}
  0x000001fd6e89cf78: 6666 90e8 

  0x000001fd6e89cf7c: ; ImmutableOopMap {rbp=Oop [32]=Oop [40]=Oop [56]=Oop [64]=Oop }
                      ;*invokeinterface reflectiveInvoker {reexecute=0 rethrow=0 return_oop=1}
                      ; - jdk.internal.reflect.DirectMethodHandleAccessor::invokeImpl@121 (line 176)
                      ; - jdk.internal.reflect.DirectMethodHandleAccessor::invoke@24 (line 130)
                      ; - java.lang.reflect.Method::invoke@90 (line 580)
                      ; - org.gradle.internal.reflect.JavaMethod::invoke@6 (line 125)
  0x000001fd6e89cf7c: 001b 90fc 

  0x000001fd6e89cf80: ;   {other}
  0x000001fd6e89cf80: 0f1f 8400 | 7012 001d 

  0x000001fd6e89cf88: ; implicit exception: dispatches to 0x000001fd6e89d820
  0x000001fd6e89cf88: 8b48 104c | 8b44 2428 | 418b 6818 

  0x000001fd6e89cf94: ;   {oop(a 'java/lang/invoke/MethodType'{0x0000000082179148} = (Ljava/lang/invoke/MethodHandle;Ljava/lang/Object;[Ljava/lang/Object;)Ljava/lang/Object;)}
  0x000001fd6e89cf94: 81f9 4891 | 1782 0f85 | b805 0000 | 448b 5814 | 4585 db0f | 8493 0500 | 0045 3b63 | 1c75 1748 
  0x000001fd6e89cfb4: 8944 2430 

  0x000001fd6e89cfb8: ;   {static_call}
  0x000001fd6e89cfb8: 488b d0e8 

  0x000001fd6e89cfbc: ; ImmutableOopMap {rbp=NarrowOop [32]=Oop [40]=Oop [48]=Oop [56]=Oop [64]=Oop }
                      ;*invokestatic maybeCustomize {reexecute=0 rethrow=0 return_oop=0}
                      ; - java.lang.invoke.Invokers::checkCustomized@19 (line 627)
                      ; - java.lang.invoke.LambdaForm$MH/0x000001fd01002800::invokeExact_MT@15
                      ; - jdk.internal.reflect.DirectMethodHandleAccessor::invokeImpl@136 (line 178)
                      ; - jdk.internal.reflect.DirectMethodHandleAccessor::invoke@24 (line 130)
                      ; - java.lang.reflect.Method::invoke@90 (line 580)
                      ; - org.gradle.internal.reflect.JavaMethod::invoke@6 (line 125)
  0x000001fd6e89cfbc: c020 90fc 

  0x000001fd6e89cfc0: ;   {other}
  0x000001fd6e89cfc0: 0f1f 8400 | b012 001e | eb05 4889 | 4424 304c | 8bc5 488b | 5424 304c | 8b4c 2438 | 488b 7c24 
  0x000001fd6e89cfe0: 4048 8b6c 

  0x000001fd6e89cfe4: ;   {optimized virtual_call}
  0x000001fd6e89cfe4: 2420 90e8 

  0x000001fd6e89cfe8: ; ImmutableOopMap {rbp=Oop [32]=Oop [40]=Oop [56]=Oop }
                      ;*invokevirtual invokeBasic {reexecute=0 rethrow=0 return_oop=1}
                      ; - java.lang.invoke.LambdaForm$MH/0x000001fd01002800::invokeExact_MT@22
                      ; - jdk.internal.reflect.DirectMethodHandleAccessor::invokeImpl@136 (line 178)
                      ; - jdk.internal.reflect.DirectMethodHandleAccessor::invoke@24 (line 130)
                      ; - java.lang.reflect.Method::invoke@90 (line 580)
                      ; - org.gradle.internal.reflect.JavaMethod::invoke@6 (line 125)
  0x000001fd6e89cfe8: 941a 90fc 

  0x000001fd6e89cfec: ;   {other}
  0x000001fd6e89cfec: 0f1f 8400 | dc12 001f | 4c8b d8e9 | 9ff7 ffff | bade ffff | ff49 8be9 | 4c8b 5424 | 3848 8944 
  0x000001fd6e89d00c: 2428 4c89 

  0x000001fd6e89d010: ;   {runtime_call UncommonTrapBlob}
  0x000001fd6e89d010: 5424 30e8 

  0x000001fd6e89d014: ; ImmutableOopMap {rbp=Oop [40]=Oop [48]=Oop [64]=Oop }
                      ;*invokeinterface invoke {reexecute=0 rethrow=0 return_oop=0}
                      ; - java.lang.reflect.Method::invoke@102 (line 580)
                      ; - org.gradle.internal.reflect.JavaMethod::invoke@6 (line 125)
  0x000001fd6e89d014: e875 90fc 

  0x000001fd6e89d018: ;   {other}
  0x000001fd6e89d018: 0f1f 8400 | 0813 0020 | ba45 ffff | ff4c 894c | 2420 4c89 | 5424 304c | 8944 2438 | 895c 2448 
  0x000001fd6e89d038: 894c 244c 

  0x000001fd6e89d03c: ;   {runtime_call UncommonTrapBlob}
  0x000001fd6e89d03c: 6666 90e8 

  0x000001fd6e89d040: ; ImmutableOopMap {rbp=Oop [32]=Oop [48]=Oop [56]=Oop }
                      ;*if_icmpeq {reexecute=1 rethrow=0 return_oop=0}
                      ; - (reexecute) jdk.internal.reflect.DirectMethodHandleAccessor::checkArgumentCount@13 (line 328)
                      ; - jdk.internal.reflect.DirectMethodHandleAccessor::invoke@17 (line 101)
                      ; - java.lang.reflect.Method::invoke@102 (line 580)
                      ; - org.gradle.internal.reflect.JavaMethod::invoke@6 (line 125)
  0x000001fd6e89d040: bc75 90fc 

  0x000001fd6e89d044: ;   {other}
  0x000001fd6e89d044: 0f1f 8400 | 3413 0021 | baf6 ffff | ff49 8be9 | 4c89 4424 | 204c 8954 

  0x000001fd6e89d05c: ;   {runtime_call UncommonTrapBlob}
  0x000001fd6e89d05c: 2428 90e8 

  0x000001fd6e89d060: ; ImmutableOopMap {rbp=Oop [32]=Oop [40]=Oop }
                      ;*getfield customized {reexecute=1 rethrow=0 return_oop=0}
                      ; - (reexecute) java.lang.invoke.Invokers::checkCustomized@12 (line 626)
                      ; - java.lang.invoke.Invokers$Holder::invokeExact_MT@14
                      ; - jdk.internal.reflect.DirectMethodHandleAccessor::invokeImpl@55 (line 154)
                      ; - jdk.internal.reflect.DirectMethodHandleAccessor::invoke@23 (line 103)
                      ; - java.lang.reflect.Method::invoke@102 (line 580)
                      ; - org.gradle.internal.reflect.JavaMethod::invoke@6 (line 125)
  0x000001fd6e89d060: 9c75 90fc 

  0x000001fd6e89d064: ;   {other}
  0x000001fd6e89d064: 0f1f 8400 | 5413 0022 | bae4 ffff | ff4c 894c | 2420 4c89 | 5424 3044 | 895c 2438 | 4c89 4424 
  0x000001fd6e89d084: ;   {runtime_call UncommonTrapBlob}
  0x000001fd6e89d084: 4066 90e8 

  0x000001fd6e89d088: ; ImmutableOopMap {rbp=Oop [32]=Oop [48]=Oop [56]=NarrowOop [64]=Oop }
                      ;*aaload {reexecute=0 rethrow=0 return_oop=0}
                      ; - jdk.internal.reflect.DirectMethodHandleAccessor::invokeImpl@54 (line 154)
                      ; - jdk.internal.reflect.DirectMethodHandleAccessor::invoke@23 (line 103)
                      ; - java.lang.reflect.Method::invoke@102 (line 580)
                      ; - org.gradle.internal.reflect.JavaMethod::invoke@6 (line 125)
  0x000001fd6e89d088: 7475 90fc 

  0x000001fd6e89d08c: ;   {other}
  0x000001fd6e89d08c: 0f1f 8400 | 7c13 0023 | ba45 ffff | ff49 8be9 | 4c8b 5c24 | 3844 896c | 2428 4c89 | 5c24 304c 
  0x000001fd6e89d0ac: 8b5c 2440 | 4c89 5c24 | 3844 8954 

  0x000001fd6e89d0b8: ;   {runtime_call UncommonTrapBlob}
  0x000001fd6e89d0b8: 2440 90e8 

  0x000001fd6e89d0bc: ; ImmutableOopMap {rbp=Oop [40]=NarrowOop [48]=Oop [56]=Oop }
                      ;*ifeq {reexecute=1 rethrow=0 return_oop=0}
                      ; - (reexecute) java.lang.reflect.Method::invoke@16 (line 563)
                      ; - org.gradle.internal.reflect.JavaMethod::invoke@6 (line 125)
  0x000001fd6e89d0bc: 4075 90fc 

  0x000001fd6e89d0c0: ;   {other}
  0x000001fd6e89d0c0: 0f1f 8400 | b013 0024 | baf6 ffff | ff49 8be9 | 4c89 4424 | 204c 8954 

  0x000001fd6e89d0d8: ;   {runtime_call UncommonTrapBlob}
  0x000001fd6e89d0d8: 2428 90e8 

  0x000001fd6e89d0dc: ; ImmutableOopMap {rbp=Oop [32]=Oop [40]=Oop }
                      ;*getfield customized {reexecute=1 rethrow=0 return_oop=0}
                      ; - (reexecute) java.lang.invoke.Invokers::checkCustomized@12 (line 626)
                      ; - java.lang.invoke.Invokers$Holder::invokeExact_MT@14
                      ; - jdk.internal.reflect.DirectMethodHandleAccessor::invokeImpl@41 (line 153)
                      ; - jdk.internal.reflect.DirectMethodHandleAccessor::invoke@23 (line 103)
                      ; - java.lang.reflect.Method::invoke@102 (line 580)
                      ; - org.gradle.internal.reflect.JavaMethod::invoke@6 (line 125)
  0x000001fd6e89d0dc: 2075 90fc 

  0x000001fd6e89d0e0: ;   {other}
  0x000001fd6e89d0e0: 0f1f 8400 | d013 0025 | 4889 4c24 | 4844 8954 | 2430 4c89 | 7424 2841 | 8bed 4c89 | 4c24 2048 
  0x000001fd6e89d100: 8bd3 4c8b 

  0x000001fd6e89d104: ;   {optimized virtual_call}
  0x000001fd6e89d104: c166 90e8 

  0x000001fd6e89d108: ; ImmutableOopMap {rbp=NarrowOop [32]=Oop [40]=Oop [56]=Oop [64]=Oop [72]=Oop }
                      ;*invokevirtual afterNodeAccess {reexecute=0 rethrow=0 return_oop=0}
                      ; - java.util.LinkedHashMap::get@21 (line 539)
                      ; - java.lang.reflect.Executable::getAnnotation@11 (line 600)
                      ; - java.lang.reflect.Method::getAnnotation@2 (line 793)
                      ; - java.lang.reflect.AnnotatedElement::isAnnotationPresent@2 (line 292)
                      ; - java.lang.reflect.AccessibleObject::isAnnotationPresent@2 (line 558)
                      ; - jdk.internal.reflect.Reflection::isCallerSensitive@18 (line 347)
                      ; - java.lang.reflect.Method::isCallerSensitive@11 (line 618)
                      ; - java.lang.reflect.Method::invoke@1 (line 561)
                      ; - org.gradle.internal.reflect.JavaMethod::invoke@6 (line 125)
  0x000001fd6e89d108: 7419 90fc 

  0x000001fd6e89d10c: ;   {other}
  0x000001fd6e89d10c: 0f1f 8400 | fc13 0026 | 4c8b 4c24 | 2044 8bed | 4c8b 7424 | 2844 8b54 | 2430 488b | 4c24 48e9 
  0x000001fd6e89d12c: b7f4 ffff | ba45 ffff | ff4c 894c | 2420 4c89 | 5424 3044 | 895c 2438 | 4c89 4424 | 4089 4c24 
  0x000001fd6e89d14c: ;   {runtime_call UncommonTrapBlob}
  0x000001fd6e89d14c: 4866 90e8 

  0x000001fd6e89d150: ; ImmutableOopMap {rbp=NarrowOop [32]=Oop [48]=Oop [56]=NarrowOop [64]=Oop [72]=NarrowOop }
                      ;*if_acmpeq {reexecute=1 rethrow=0 return_oop=0}
                      ; - (reexecute) java.lang.invoke.Invokers::checkExactType@7 (line 530)
                      ; - java.lang.invoke.Invokers$Holder::invokeExact_MT@10
                      ; - jdk.internal.reflect.DirectMethodHandleAccessor::invokeImpl@55 (line 154)
                      ; - jdk.internal.reflect.DirectMethodHandleAccessor::invoke@23 (line 103)
                      ; - java.lang.reflect.Method::invoke@102 (line 580)
                      ; - org.gradle.internal.reflect.JavaMethod::invoke@6 (line 125)
  0x000001fd6e89d150: ac74 90fc 

  0x000001fd6e89d154: ;   {other}
  0x000001fd6e89d154: 0f1f 8400 | 4414 0027 | baf6 ffff | ff49 8be9 | 4c89 4424 | 204c 8954 

  0x000001fd6e89d16c: ;   {runtime_call UncommonTrapBlob}
  0x000001fd6e89d16c: 2428 90e8 

  0x000001fd6e89d170: ; ImmutableOopMap {rbp=Oop [32]=Oop [40]=Oop }
                      ;*getfield customized {reexecute=1 rethrow=0 return_oop=0}
                      ; - (reexecute) java.lang.invoke.Invokers::checkCustomized@12 (line 626)
                      ; - java.lang.invoke.Invokers$Holder::invokeExact_MT@14
                      ; - jdk.internal.reflect.DirectMethodHandleAccessor::invokeImpl@104 (line 157)
                      ; - jdk.internal.reflect.DirectMethodHandleAccessor::invoke@23 (line 103)
                      ; - java.lang.reflect.Method::invoke@102 (line 580)
                      ; - org.gradle.internal.reflect.JavaMethod::invoke@6 (line 125)
  0x000001fd6e89d170: 8c74 90fc 

  0x000001fd6e89d174: ;   {other}
  0x000001fd6e89d174: 0f1f 8400 | 6414 0028 | ba45 ffff | ff49 8be9 | 4c89 5424 | 2844 895c | 2430 4c89 | 4424 3889 
  0x000001fd6e89d194: ;   {runtime_call UncommonTrapBlob}
  0x000001fd6e89d194: 4c24 40e8 

  0x000001fd6e89d198: ; ImmutableOopMap {rbp=Oop [40]=Oop [48]=NarrowOop [56]=Oop [64]=NarrowOop }
                      ;*if_acmpeq {reexecute=1 rethrow=0 return_oop=0}
                      ; - (reexecute) java.lang.invoke.Invokers::checkExactType@7 (line 530)
                      ; - java.lang.invoke.Invokers$Holder::invokeExact_MT@10
                      ; - jdk.internal.reflect.DirectMethodHandleAccessor::invokeImpl@41 (line 153)
                      ; - jdk.internal.reflect.DirectMethodHandleAccessor::invoke@23 (line 103)
                      ; - java.lang.reflect.Method::invoke@102 (line 580)
                      ; - org.gradle.internal.reflect.JavaMethod::invoke@6 (line 125)
  0x000001fd6e89d198: 6474 90fc 

  0x000001fd6e89d19c: ;   {other}
  0x000001fd6e89d19c: 0f1f 8400 | 8c14 0029 | baf6 ffff | ff49 8be9 | 4c89 4424 | 204c 8954 

  0x000001fd6e89d1b4: ;   {runtime_call UncommonTrapBlob}
  0x000001fd6e89d1b4: 2428 90e8 

  0x000001fd6e89d1b8: ; ImmutableOopMap {rbp=Oop [32]=Oop [40]=Oop }
                      ;*getfield customized {reexecute=1 rethrow=0 return_oop=0}
                      ; - (reexecute) java.lang.invoke.Invokers::checkCustomized@12 (line 626)
                      ; - java.lang.invoke.LambdaForm$MH/0x000001fd01002800::invokeExact_MT@15
                      ; - jdk.internal.reflect.DirectMethodHandleAccessor::invokeImpl@72 (line 155)
                      ; - jdk.internal.reflect.DirectMethodHandleAccessor::invoke@23 (line 103)
                      ; - java.lang.reflect.Method::invoke@102 (line 580)
                      ; - org.gradle.internal.reflect.JavaMethod::invoke@6 (line 125)
  0x000001fd6e89d1b8: 4474 90fc 

  0x000001fd6e89d1bc: ;   {other}
  0x000001fd6e89d1bc: 0f1f 8400 | ac14 002a | bae4 ffff | ff4c 894c | 2420 4c89 | 5424 3044 | 895c 2438 | 4c89 4424 
  0x000001fd6e89d1dc: ;   {runtime_call UncommonTrapBlob}
  0x000001fd6e89d1dc: 4066 90e8 

  0x000001fd6e89d1e0: ; ImmutableOopMap {rbp=Oop [32]=Oop [48]=Oop [56]=NarrowOop [64]=Oop }
                      ;*aaload {reexecute=0 rethrow=0 return_oop=0}
                      ; - jdk.internal.reflect.DirectMethodHandleAccessor::invokeImpl@68 (line 155)
                      ; - jdk.internal.reflect.DirectMethodHandleAccessor::invoke@23 (line 103)
                      ; - java.lang.reflect.Method::invoke@102 (line 580)
                      ; - org.gradle.internal.reflect.JavaMethod::invoke@6 (line 125)
  0x000001fd6e89d1e0: 1c74 90fc 

  0x000001fd6e89d1e4: ;   {other}
  0x000001fd6e89d1e4: 0f1f 8400 | d414 002b | baf6 ffff | ff49 8be9 | 4c89 4424 | 204c 8954 

  0x000001fd6e89d1fc: ;   {runtime_call UncommonTrapBlob}
  0x000001fd6e89d1fc: 2428 90e8 

  0x000001fd6e89d200: ; ImmutableOopMap {rbp=Oop [32]=Oop [40]=Oop }
                      ;*getfield customized {reexecute=1 rethrow=0 return_oop=0}
                      ; - (reexecute) java.lang.invoke.Invokers::checkCustomized@12 (line 626)
                      ; - java.lang.invoke.LambdaForm$MH/0x000001fd010ee800::invokeExact_MT@15
                      ; - jdk.internal.reflect.DirectMethodHandleAccessor::invokeImpl@92 (line 156)
                      ; - jdk.internal.reflect.DirectMethodHandleAccessor::invoke@23 (line 103)
                      ; - java.lang.reflect.Method::invoke@102 (line 580)
                      ; - org.gradle.internal.reflect.JavaMethod::invoke@6 (line 125)
  0x000001fd6e89d200: fc73 90fc 

  0x000001fd6e89d204: ;   {other}
  0x000001fd6e89d204: 0f1f 8400 | f414 002c | bae4 ffff | ff4c 894c | 2420 4c89 | 5424 3044 | 895c 2438 | 4c89 4424 
  0x000001fd6e89d224: ;   {runtime_call UncommonTrapBlob}
  0x000001fd6e89d224: 4066 90e8 

  0x000001fd6e89d228: ; ImmutableOopMap {rbp=Oop [32]=Oop [48]=Oop [56]=NarrowOop [64]=Oop }
                      ;*aaload {reexecute=0 rethrow=0 return_oop=0}
                      ; - jdk.internal.reflect.DirectMethodHandleAccessor::invokeImpl@85 (line 156)
                      ; - jdk.internal.reflect.DirectMethodHandleAccessor::invoke@23 (line 103)
                      ; - java.lang.reflect.Method::invoke@102 (line 580)
                      ; - org.gradle.internal.reflect.JavaMethod::invoke@6 (line 125)
  0x000001fd6e89d228: d473 90fc 

  0x000001fd6e89d22c: ;   {other}
  0x000001fd6e89d22c: 0f1f 8400 | 1c15 002d | ba45 ffff | ff4c 894c | 2420 4c89 | 5424 3044 | 895c 2438 | 4c89 4424 
  0x000001fd6e89d24c: 4089 4c24 

  0x000001fd6e89d250: ;   {runtime_call UncommonTrapBlob}
  0x000001fd6e89d250: 4866 90e8 

  0x000001fd6e89d254: ; ImmutableOopMap {rbp=Oop [32]=Oop [48]=Oop [56]=NarrowOop [64]=Oop [72]=NarrowOop }
                      ;*if_acmpeq {reexecute=1 rethrow=0 return_oop=0}
                      ; - (reexecute) java.lang.invoke.Invokers::checkExactType@7 (line 530)
                      ; - java.lang.invoke.Invokers$Holder::invokeExact_MT@10
                      ; - jdk.internal.reflect.DirectMethodHandleAccessor::invokeImpl@104 (line 157)
                      ; - jdk.internal.reflect.DirectMethodHandleAccessor::invoke@23 (line 103)
                      ; - java.lang.reflect.Method::invoke@102 (line 580)
                      ; - org.gradle.internal.reflect.JavaMethod::invoke@6 (line 125)
  0x000001fd6e89d254: a873 90fc 

  0x000001fd6e89d258: ;   {other}
  0x000001fd6e89d258: 0f1f 8400 | 4815 002e | ba45 ffff | ff4c 894c | 2420 4c89 | 5424 3044 | 895c 2438 | 4c89 4424 
  0x000001fd6e89d278: 4089 5c24 | 3c89 4c24 

  0x000001fd6e89d280: ;   {runtime_call UncommonTrapBlob}
  0x000001fd6e89d280: 4c66 90e8 

  0x000001fd6e89d284: ; ImmutableOopMap {rbp=NarrowOop [32]=Oop [48]=Oop [56]=NarrowOop [60]=NarrowOop [64]=Oop [76]=NarrowOop }
                      ;*if_acmpeq {reexecute=1 rethrow=0 return_oop=0}
                      ; - (reexecute) java.lang.invoke.Invokers::checkExactType@7 (line 530)
                      ; - java.lang.invoke.LambdaForm$MH/0x000001fd01002800::invokeExact_MT@11
                      ; - jdk.internal.reflect.DirectMethodHandleAccessor::invokeImpl@72 (line 155)
                      ; - jdk.internal.reflect.DirectMethodHandleAccessor::invoke@23 (line 103)
                      ; - java.lang.reflect.Method::invoke@102 (line 580)
                      ; - org.gradle.internal.reflect.JavaMethod::invoke@6 (line 125)
  0x000001fd6e89d284: 7873 90fc 

  0x000001fd6e89d288: ;   {other}
  0x000001fd6e89d288: 0f1f 8400 | 7815 002f | baf6 ffff | ff48 8b6c 

  0x000001fd6e89d298: ;   {runtime_call UncommonTrapBlob}
  0x000001fd6e89d298: 2420 90e8 

  0x000001fd6e89d29c: ; ImmutableOopMap {rbp=Oop [56]=Oop }
                      ;*invokeinterface get {reexecute=0 rethrow=0 return_oop=0}
                      ; - java.lang.reflect.Executable::getAnnotation@11 (line 600)
                      ; - java.lang.reflect.Method::getAnnotation@2 (line 793)
                      ; - java.lang.reflect.AnnotatedElement::isAnnotationPresent@2 (line 292)
                      ; - java.lang.reflect.AccessibleObject::isAnnotationPresent@2 (line 558)
                      ; - jdk.internal.reflect.Reflection::isCallerSensitive@18 (line 347)
                      ; - java.lang.reflect.Method::isCallerSensitive@11 (line 618)
                      ; - java.lang.reflect.Method::invoke@1 (line 561)
                      ; - org.gradle.internal.reflect.JavaMethod::invoke@6 (line 125)
  0x000001fd6e89d29c: 6073 90fc 

  0x000001fd6e89d2a0: ;   {other}
  0x000001fd6e89d2a0: 0f1f 8400 | 9015 0030 | 4c89 7424 | 2844 896c | 2420 488b | ea49 8bd6 | 4c8d 4424 

  0x000001fd6e89d2bc: ;   {runtime_call _complete_monitor_locking_Java}
  0x000001fd6e89d2bc: 7066 90e8 

  0x000001fd6e89d2c0: ; ImmutableOopMap {rbp=Oop [32]=NarrowOop [40]=Oop [56]=Oop [64]=Oop }
                      ;*monitorenter {reexecute=0 rethrow=0 return_oop=0}
                      ; - java.lang.reflect.Executable::declaredAnnotations@12 (line 628)
                      ; - java.lang.reflect.Executable::getAnnotation@7 (line 600)
                      ; - java.lang.reflect.Method::getAnnotation@2 (line 793)
                      ; - java.lang.reflect.AnnotatedElement::isAnnotationPresent@2 (line 292)
                      ; - java.lang.reflect.AccessibleObject::isAnnotationPresent@2 (line 558)
                      ; - jdk.internal.reflect.Reflection::isCallerSensitive@18 (line 347)
                      ; - java.lang.reflect.Method::isCallerSensitive@11 (line 618)
                      ; - java.lang.reflect.Method::invoke@1 (line 561)
                      ; - org.gradle.internal.reflect.JavaMethod::invoke@6 (line 125)
  0x000001fd6e89d2c0: bc5c 9dfc 

  0x000001fd6e89d2c4: ;   {other}
  0x000001fd6e89d2c4: 0f1f 8400 | b415 0031 | 4c8b cd44 | 8b6c 2420 | 4c8b 7424 | 28e9 08f0 | ffff 488b | 4c24 3048 
  0x000001fd6e89d2e4: 8d54 2470 | 4d8b c749 | ba60 f774 | e5fa 7f00 | 0041 ffd2 

  0x000001fd6e89d2f8: ;   {other}
  0x000001fd6e89d2f8: 0f1f 8400 | 0000 0000 | e981 f1ff | ffba c6ff | ffff 498b | e94c 8b54 | 2438 4c89 | 5424 304c 
  0x000001fd6e89d318: 8b54 2440 | 4c89 5424 | 3844 896c | 242c 4889 

  0x000001fd6e89d328: ;   {runtime_call UncommonTrapBlob}
  0x000001fd6e89d328: 5c24 40e8 

  0x000001fd6e89d32c: ; ImmutableOopMap {rbp=Oop [44]=NarrowOop [48]=Oop [56]=Oop [64]=Oop }
                      ;*invokeinterface get {reexecute=0 rethrow=0 return_oop=0}
                      ; - java.lang.reflect.Executable::getAnnotation@11 (line 600)
                      ; - java.lang.reflect.Method::getAnnotation@2 (line 793)
                      ; - java.lang.reflect.AnnotatedElement::isAnnotationPresent@2 (line 292)
                      ; - java.lang.reflect.AccessibleObject::isAnnotationPresent@2 (line 558)
                      ; - jdk.internal.reflect.Reflection::isCallerSensitive@18 (line 347)
                      ; - java.lang.reflect.Method::isCallerSensitive@11 (line 618)
                      ; - java.lang.reflect.Method::invoke@1 (line 561)
                      ; - org.gradle.internal.reflect.JavaMethod::invoke@6 (line 125)
  0x000001fd6e89d32c: d072 90fc 

  0x000001fd6e89d330: ;   {other}
  0x000001fd6e89d330: 0f1f 8400 | 2016 0032 | ba45 ffff | ff4c 894c | 2420 4c89 | 5424 3044 | 895c 2438 | 4c89 4424 
  0x000001fd6e89d350: 4089 7424 | 3c89 4c24 | 4889 5c24 

  0x000001fd6e89d35c: ;   {runtime_call UncommonTrapBlob}
  0x000001fd6e89d35c: 5066 90e8 

  0x000001fd6e89d360: ; ImmutableOopMap {rbp=NarrowOop [32]=Oop [48]=Oop [56]=NarrowOop [60]=NarrowOop [64]=Oop [72]=NarrowOop [80]=NarrowOop }
                      ;*if_acmpeq {reexecute=1 rethrow=0 return_oop=0}
                      ; - (reexecute) java.lang.invoke.Invokers::checkExactType@7 (line 530)
                      ; - java.lang.invoke.LambdaForm$MH/0x000001fd010ee800::invokeExact_MT@11
                      ; - jdk.internal.reflect.DirectMethodHandleAccessor::invokeImpl@92 (line 156)
                      ; - jdk.internal.reflect.DirectMethodHandleAccessor::invoke@23 (line 103)
                      ; - java.lang.reflect.Method::invoke@102 (line 580)
                      ; - org.gradle.internal.reflect.JavaMethod::invoke@6 (line 125)
  0x000001fd6e89d360: 9c72 90fc 

  0x000001fd6e89d364: ;   {other}
  0x000001fd6e89d364: 0f1f 8400 | 5416 0033 | ba45 ffff | ff49 8be9 | 4c8b 5424 | 384c 8954 | 2430 4c8b | 5424 404c 
  0x000001fd6e89d384: 8954 2438 | 4489 6c24 | 2c44 896c | 2444 4489 

  0x000001fd6e89d394: ;   {runtime_call UncommonTrapBlob}
  0x000001fd6e89d394: 5c24 48e8 

  0x000001fd6e89d398: ; ImmutableOopMap {rbp=Oop [44]=NarrowOop [48]=Oop [56]=Oop [68]=NarrowOop [72]=NarrowOop }
                      ;*ifnonnull {reexecute=1 rethrow=0 return_oop=0}
                      ; - (reexecute) java.lang.reflect.Executable::declaredAnnotations@19 (line 629)
                      ; - java.lang.reflect.Executable::getAnnotation@7 (line 600)
                      ; - java.lang.reflect.Method::getAnnotation@2 (line 793)
                      ; - java.lang.reflect.AnnotatedElement::isAnnotationPresent@2 (line 292)
                      ; - java.lang.reflect.AccessibleObject::isAnnotationPresent@2 (line 558)
                      ; - jdk.internal.reflect.Reflection::isCallerSensitive@18 (line 347)
                      ; - java.lang.reflect.Method::isCallerSensitive@11 (line 618)
                      ; - java.lang.reflect.Method::invoke@1 (line 561)
                      ; - org.gradle.internal.reflect.JavaMethod::invoke@6 (line 125)
  0x000001fd6e89d398: 6472 90fc 

  0x000001fd6e89d39c: ;   {other}
  0x000001fd6e89d39c: 0f1f 8400 | 8c16 0034 | 498b d749 | ba90 2634 | e5fa 7f00 | 0041 ffd2 

  0x000001fd6e89d3b4: ;   {other}
  0x000001fd6e89d3b4: 0f1f 8400 | 0000 0000 | e9ea efff | ffba f6ff | ffff 4c89 | 4c24 2044 | 896c 2434 | 4489 6c24 
  0x000001fd6e89d3d4: ;   {runtime_call UncommonTrapBlob}
  0x000001fd6e89d3d4: 4866 90e8 

  0x000001fd6e89d3d8: ; ImmutableOopMap {rbp=NarrowOop [32]=Oop [52]=NarrowOop [56]=Oop [64]=Oop [72]=NarrowOop }
                      ;*invokevirtual getConstantPool {reexecute=0 rethrow=0 return_oop=0}
                      ; - java.lang.System$2::getConstantPool@1 (line 2349)
                      ; - java.lang.reflect.Executable::declaredAnnotations@53 (line 637)
                      ; - java.lang.reflect.Executable::getAnnotation@7 (line 600)
                      ; - java.lang.reflect.Method::getAnnotation@2 (line 793)
                      ; - java.lang.reflect.AnnotatedElement::isAnnotationPresent@2 (line 292)
                      ; - java.lang.reflect.AccessibleObject::isAnnotationPresent@2 (line 558)
                      ; - jdk.internal.reflect.Reflection::isCallerSensitive@18 (line 347)
                      ; - java.lang.reflect.Method::isCallerSensitive@11 (line 618)
                      ; - java.lang.reflect.Method::invoke@1 (line 561)
                      ; - org.gradle.internal.reflect.JavaMethod::invoke@6 (line 125)
  0x000001fd6e89d3d8: 2472 90fc 

  0x000001fd6e89d3dc: ;   {other}
  0x000001fd6e89d3dc: 0f1f 8400 | cc16 0035 | bade ffff | ff4c 894c | 2420 4489 | 6c24 3444 | 896c 2448 | 4489 5424 
  0x000001fd6e89d3fc: 5089 4c24 

  0x000001fd6e89d400: ;   {runtime_call UncommonTrapBlob}
  0x000001fd6e89d400: 5466 90e8 

  0x000001fd6e89d404: ; ImmutableOopMap {rbp=NarrowOop [32]=Oop [52]=NarrowOop [56]=Oop [64]=Oop [72]=NarrowOop [80]=NarrowOop [84]=NarrowOop }
                      ;*invokeinterface getConstantPool {reexecute=0 rethrow=0 return_oop=0}
                      ; - java.lang.reflect.Executable::declaredAnnotations@53 (line 637)
                      ; - java.lang.reflect.Executable::getAnnotation@7 (line 600)
                      ; - java.lang.reflect.Method::getAnnotation@2 (line 793)
                      ; - java.lang.reflect.AnnotatedElement::isAnnotationPresent@2 (line 292)
                      ; - java.lang.reflect.AccessibleObject::isAnnotationPresent@2 (line 558)
                      ; - jdk.internal.reflect.Reflection::isCallerSensitive@18 (line 347)
                      ; - java.lang.reflect.Method::isCallerSensitive@11 (line 618)
                      ; - java.lang.reflect.Method::invoke@1 (line 561)
                      ; - org.gradle.internal.reflect.JavaMethod::invoke@6 (line 125)
  0x000001fd6e89d404: f871 90fc 

  0x000001fd6e89d408: ;   {other}
  0x000001fd6e89d408: 0f1f 8400 | f816 0036 | ba45 ffff | ff49 8be9 | 4c8b 5c24 | 384c 895c | 2430 4c8b | 5c24 404c 
  0x000001fd6e89d428: 895c 2438 | 4489 6c24 | 2c48 895c | 2440 4489 

  0x000001fd6e89d438: ;   {runtime_call UncommonTrapBlob}
  0x000001fd6e89d438: 5424 48e8 

  0x000001fd6e89d43c: ; ImmutableOopMap {rbp=Oop [44]=NarrowOop [48]=Oop [56]=Oop [64]=Oop }
                      ;*ifle {reexecute=1 rethrow=0 return_oop=0}
                      ; - (reexecute) java.util.HashMap::getNode@14 (line 575)
                      ; - java.util.LinkedHashMap::get@2 (line 536)
                      ; - java.lang.reflect.Executable::getAnnotation@11 (line 600)
                      ; - java.lang.reflect.Method::getAnnotation@2 (line 793)
                      ; - java.lang.reflect.AnnotatedElement::isAnnotationPresent@2 (line 292)
                      ; - java.lang.reflect.AccessibleObject::isAnnotationPresent@2 (line 558)
                      ; - jdk.internal.reflect.Reflection::isCallerSensitive@18 (line 347)
                      ; - java.lang.reflect.Method::isCallerSensitive@11 (line 618)
                      ; - java.lang.reflect.Method::invoke@1 (line 561)
                      ; - org.gradle.internal.reflect.JavaMethod::invoke@6 (line 125)
  0x000001fd6e89d43c: c071 90fc 

  0x000001fd6e89d440: ;   {other}
  0x000001fd6e89d440: 0f1f 8400 | 3017 0037 | bade ffff | ff49 8be9 | 4c8b 5c24 | 3848 8944 | 2428 4c89 | 5c24 304c 
  0x000001fd6e89d460: 8b5c 2440 | 4c89 5c24 | 384c 8954 

  0x000001fd6e89d46c: ;   {runtime_call UncommonTrapBlob}
  0x000001fd6e89d46c: 2440 90e8 

  0x000001fd6e89d470: ; ImmutableOopMap {rbp=Oop [40]=Oop [48]=Oop [56]=Oop [64]=Oop }
                      ;*invokeinterface invoke {reexecute=0 rethrow=0 return_oop=0}
                      ; - java.lang.reflect.Method::invoke@90 (line 580)
                      ; - org.gradle.internal.reflect.JavaMethod::invoke@6 (line 125)
  0x000001fd6e89d470: 8c71 90fc 

  0x000001fd6e89d474: ;   {other}
  0x000001fd6e89d474: 0f1f 8400 | 6417 0038 | ba76 0000 | 004c 8b5c | 2438 4c89 | 5c24 284c | 8b5c 2440 | 4c89 5c24 
  0x000001fd6e89d494: 304c 8b5c | 2448 4c89 | 5c24 384c | 8954 2440 | 4489 4c24 

  0x000001fd6e89d4a8: ;   {runtime_call UncommonTrapBlob}
  0x000001fd6e89d4a8: 4866 90e8 

  0x000001fd6e89d4ac: ; ImmutableOopMap {rbp=Oop [40]=Oop [48]=Oop [56]=Oop [64]=Oop [72]=NarrowOop }
                      ;*invokevirtual invokeExact {reexecute=0 rethrow=0 return_oop=0}
                      ; - jdk.internal.reflect.DirectMethodHandleAccessor::invokeImpl@113 (line 171)
                      ; - jdk.internal.reflect.DirectMethodHandleAccessor::invoke@24 (line 130)
                      ; - java.lang.reflect.Method::invoke@90 (line 580)
                      ; - org.gradle.internal.reflect.JavaMethod::invoke@6 (line 125)
  0x000001fd6e89d4ac: 5071 90fc 

  0x000001fd6e89d4b0: ;   {other}
  0x000001fd6e89d4b0: 0f1f 8400 | a017 0039 | bae4 ffff | ff4c 8b44 | 2448 4c89 | 4424 304c | 8954 2448 | 4489 4c24 
  0x000001fd6e89d4d0: ;   {runtime_call UncommonTrapBlob}
  0x000001fd6e89d4d0: 5066 90e8 

  0x000001fd6e89d4d4: ; ImmutableOopMap {rbp=Oop [48]=Oop [56]=Oop [64]=Oop [72]=Oop [80]=NarrowOop }
                      ;*aaload {reexecute=0 rethrow=0 return_oop=0}
                      ; - jdk.internal.reflect.DirectMethodHandleAccessor::invokeImpl@74 (line 169)
                      ; - jdk.internal.reflect.DirectMethodHandleAccessor::invoke@24 (line 130)
                      ; - java.lang.reflect.Method::invoke@90 (line 580)
                      ; - org.gradle.internal.reflect.JavaMethod::invoke@6 (line 125)
  0x000001fd6e89d4d4: 2871 90fc 

  0x000001fd6e89d4d8: ;   {other}
  0x000001fd6e89d4d8: 0f1f 8400 | c817 003a | bae4 ffff | ff4c 8b5c | 2448 4c89 | 5c24 304c | 8954 2448 | 4489 4c24 
  0x000001fd6e89d4f8: ;   {runtime_call UncommonTrapBlob}
  0x000001fd6e89d4f8: 5066 90e8 

  0x000001fd6e89d4fc: ; ImmutableOopMap {rbp=Oop [48]=Oop [56]=Oop [64]=Oop [72]=Oop [80]=NarrowOop }
                      ;*aaload {reexecute=0 rethrow=0 return_oop=0}
                      ; - jdk.internal.reflect.DirectMethodHandleAccessor::invokeImpl@92 (line 170)
                      ; - jdk.internal.reflect.DirectMethodHandleAccessor::invoke@24 (line 130)
                      ; - java.lang.reflect.Method::invoke@90 (line 580)
                      ; - org.gradle.internal.reflect.JavaMethod::invoke@6 (line 125)
  0x000001fd6e89d4fc: 0071 90fc 

  0x000001fd6e89d500: ;   {other}
  0x000001fd6e89d500: 0f1f 8400 | f017 003b | bae4 ffff | ff4c 8b5c | 2438 4c89 | 5c24 204c | 8b5c 2448 | 4c89 5c24 
  0x000001fd6e89d520: 284c 8944 | 2438 4c89 | 5424 4044 | 894c 2448 

  0x000001fd6e89d530: ;   {runtime_call UncommonTrapBlob}
  0x000001fd6e89d530: 6666 90e8 

  0x000001fd6e89d534: ; ImmutableOopMap {rbp=Oop [32]=Oop [40]=Oop [56]=Oop [64]=Oop [72]=NarrowOop }
                      ;*aaload {reexecute=0 rethrow=0 return_oop=0}
                      ; - jdk.internal.reflect.DirectMethodHandleAccessor::invokeImpl@59 (line 168)
                      ; - jdk.internal.reflect.DirectMethodHandleAccessor::invoke@24 (line 130)
                      ; - java.lang.reflect.Method::invoke@90 (line 580)
                      ; - org.gradle.internal.reflect.JavaMethod::invoke@6 (line 125)
  0x000001fd6e89d534: c870 90fc 

  0x000001fd6e89d538: ;   {other}
  0x000001fd6e89d538: 0f1f 8400 | 2818 003c | baf6 ffff | ff48 8b6c 

  0x000001fd6e89d548: ;   {runtime_call UncommonTrapBlob}
  0x000001fd6e89d548: 2420 90e8 

  0x000001fd6e89d54c: ; ImmutableOopMap {rbp=Oop [40]=Oop [56]=Oop }
                      ;*getfield customized {reexecute=1 rethrow=0 return_oop=0}
                      ; - (reexecute) java.lang.invoke.Invokers::checkCustomized@12 (line 626)
                      ; - java.lang.invoke.LambdaForm$MH/0x000001fd01002800::invokeExact_MT@15
                      ; - jdk.internal.reflect.DirectMethodHandleAccessor::invokeImpl@136 (line 178)
                      ; - jdk.internal.reflect.DirectMethodHandleAccessor::invoke@24 (line 130)
                      ; - java.lang.reflect.Method::invoke@90 (line 580)
                      ; - org.gradle.internal.reflect.JavaMethod::invoke@6 (line 125)
  0x000001fd6e89d54c: b070 90fc 

  0x000001fd6e89d550: ;   {other}
  0x000001fd6e89d550: 0f1f 8400 | 4018 003d | ba45 ffff | ff4c 8b5c | 2438 4c89 | 5c24 304c | 8b5c 2440 | 4c89 5c24 
  0x000001fd6e89d570: 384c 8944 | 2440 4889 | 4424 4889 

  0x000001fd6e89d57c: ;   {runtime_call UncommonTrapBlob}
  0x000001fd6e89d57c: 4c24 54e8 

  0x000001fd6e89d580: ; ImmutableOopMap {rbp=NarrowOop [32]=Oop [48]=Oop [56]=Oop [64]=Oop [72]=Oop [84]=NarrowOop }
                      ;*if_acmpeq {reexecute=1 rethrow=0 return_oop=0}
                      ; - (reexecute) java.lang.invoke.Invokers::checkExactType@7 (line 530)
                      ; - java.lang.invoke.LambdaForm$MH/0x000001fd01002800::invokeExact_MT@11
                      ; - jdk.internal.reflect.DirectMethodHandleAccessor::invokeImpl@136 (line 178)
                      ; - jdk.internal.reflect.DirectMethodHandleAccessor::invoke@24 (line 130)
                      ; - java.lang.reflect.Method::invoke@90 (line 580)
                      ; - org.gradle.internal.reflect.JavaMethod::invoke@6 (line 125)
  0x000001fd6e89d580: 7c70 90fc 

  0x000001fd6e89d584: ;   {other}
  0x000001fd6e89d584: 0f1f 8400 | 7418 003e | baf6 ffff | ff49 8be9 | 4c89 4424 

  0x000001fd6e89d598: ;   {runtime_call UncommonTrapBlob}
  0x000001fd6e89d598: 2866 90e8 

  0x000001fd6e89d59c: ; ImmutableOopMap {rbp=Oop [40]=Oop [56]=Oop [64]=Oop }
                      ;*invokevirtual invoke {reexecute=0 rethrow=0 return_oop=0}
                      ; - org.gradle.internal.reflect.JavaMethod::invoke@6 (line 125)
  0x000001fd6e89d59c: 6070 90fc 

  0x000001fd6e89d5a0: ;   {other}
  0x000001fd6e89d5a0: 0f1f 8400 | 9018 003f | baf6 ffff | ff49 8be9 | 4c8b 5424 | 384c 8954 

  0x000001fd6e89d5b8: ;   {runtime_call UncommonTrapBlob}
  0x000001fd6e89d5b8: 2428 90e8 

  0x000001fd6e89d5bc: ; ImmutableOopMap {rbp=Oop [40]=Oop [56]=Oop [64]=Oop }
                      ;*invokeinterface invoke {reexecute=0 rethrow=0 return_oop=0}
                      ; - java.lang.reflect.Method::invoke@102 (line 580)
                      ; - org.gradle.internal.reflect.JavaMethod::invoke@6 (line 125)
  0x000001fd6e89d5bc: 4070 90fc 

  0x000001fd6e89d5c0: ;   {other}
  0x000001fd6e89d5c0: 0f1f 8400 | b018 0040 | baf6 ffff | ff48 8b6c | 2420 4c89 

  0x000001fd6e89d5d4: ;   {runtime_call UncommonTrapBlob}
  0x000001fd6e89d5d4: 5c24 28e8 

  0x000001fd6e89d5d8: ; ImmutableOopMap {rbp=Oop [40]=Oop [56]=Oop }
                      ;*invokevirtual cast {reexecute=0 rethrow=0 return_oop=0}
                      ; - org.gradle.internal.reflect.JavaMethod::invoke@15 (line 126)
  0x000001fd6e89d5d8: 2470 90fc 

  0x000001fd6e89d5dc: ;   {other}
  0x000001fd6e89d5dc: 0f1f 8400 | cc18 0041 | baf6 ffff | ff49 8be9 | 4c89 5424 | 284c 8944 

  0x000001fd6e89d5f4: ;   {runtime_call UncommonTrapBlob}
  0x000001fd6e89d5f4: 2430 90e8 

  0x000001fd6e89d5f8: ; ImmutableOopMap {rbp=Oop [40]=Oop [48]=Oop [64]=Oop }
                      ;*invokevirtual getClass {reexecute=0 rethrow=0 return_oop=0}
                      ; - jdk.internal.reflect.DirectMethodHandleAccessor::checkReceiver@5 (line 196)
                      ; - jdk.internal.reflect.DirectMethodHandleAccessor::invoke@9 (line 99)
                      ; - java.lang.reflect.Method::invoke@102 (line 580)
                      ; - org.gradle.internal.reflect.JavaMethod::invoke@6 (line 125)
  0x000001fd6e89d5f8: 0470 90fc 

  0x000001fd6e89d5fc: ;   {other}
  0x000001fd6e89d5fc: 0f1f 8400 | ec18 0042 | baf6 ffff | ff49 8be9 | 4c89 5424 | 284c 8944 | 2430 4c8b | 5424 404c 
  0x000001fd6e89d61c: 8954 2438 | 4889 4c24 

  0x000001fd6e89d624: ;   {runtime_call UncommonTrapBlob}
  0x000001fd6e89d624: 4066 90e8 

  0x000001fd6e89d628: ; ImmutableOopMap {rbp=Oop [40]=Oop [48]=Oop [56]=Oop [64]=Oop }
                      ;*invokevirtual isAssignableFrom {reexecute=0 rethrow=0 return_oop=0}
                      ; - jdk.internal.reflect.DirectMethodHandleAccessor::checkReceiver@8 (line 196)
                      ; - jdk.internal.reflect.DirectMethodHandleAccessor::invoke@9 (line 99)
                      ; - java.lang.reflect.Method::invoke@102 (line 580)
                      ; - org.gradle.internal.reflect.JavaMethod::invoke@6 (line 125)
  0x000001fd6e89d628: d46f 90fc 

  0x000001fd6e89d62c: ;   {other}
  0x000001fd6e89d62c: 0f1f 8400 | 1c19 0043 | baf4 ffff | ff49 8be9 | 4c89 5424 | 284c 8944 | 2430 4c8b | 5424 404c 
  0x000001fd6e89d64c: 8954 2438 | 895c 2440 | 4889 4c24 

  0x000001fd6e89d658: ;   {runtime_call UncommonTrapBlob}
  0x000001fd6e89d658: 4866 90e8 

  0x000001fd6e89d65c: ; ImmutableOopMap {rbp=Oop [40]=Oop [48]=Oop [56]=Oop [64]=NarrowOop [72]=Oop }
                      ;*invokevirtual isAssignableFrom {reexecute=0 rethrow=0 return_oop=0}
                      ; - jdk.internal.reflect.DirectMethodHandleAccessor::checkReceiver@8 (line 196)
                      ; - jdk.internal.reflect.DirectMethodHandleAccessor::invoke@9 (line 99)
                      ; - java.lang.reflect.Method::invoke@102 (line 580)
                      ; - org.gradle.internal.reflect.JavaMethod::invoke@6 (line 125)
  0x000001fd6e89d65c: a06f 90fc 

  0x000001fd6e89d660: ;   {other}
  0x000001fd6e89d660: 0f1f 8400 | 5019 0044 | baf6 ffff | ff49 8be9 | 4c89 4424 | 204c 8954 

  0x000001fd6e89d678: ;   {runtime_call UncommonTrapBlob}
  0x000001fd6e89d678: 2428 90e8 

  0x000001fd6e89d67c: ; ImmutableOopMap {rbp=Oop [32]=Oop [40]=Oop }
                      ;*aaload {reexecute=0 rethrow=0 return_oop=0}
                      ; - jdk.internal.reflect.DirectMethodHandleAccessor::invokeImpl@54 (line 154)
                      ; - jdk.internal.reflect.DirectMethodHandleAccessor::invoke@23 (line 103)
                      ; - java.lang.reflect.Method::invoke@102 (line 580)
                      ; - org.gradle.internal.reflect.JavaMethod::invoke@6 (line 125)
  0x000001fd6e89d67c: 806f 90fc 

  0x000001fd6e89d680: ;   {other}
  0x000001fd6e89d680: 0f1f 8400 | 7019 0045 | ba5e ffff | ff49 8be9 | 4c89 4424 | 204c 8954 

  0x000001fd6e89d698: ;   {runtime_call UncommonTrapBlob}
  0x000001fd6e89d698: 2428 90e8 

  0x000001fd6e89d69c: ; ImmutableOopMap {rbp=Oop [32]=Oop [40]=Oop }
                      ;*invokevirtual type {reexecute=0 rethrow=0 return_oop=0}
                      ; - java.lang.invoke.Invokers::checkExactType@1 (line 529)
                      ; - java.lang.invoke.Invokers$Holder::invokeExact_MT@10
                      ; - jdk.internal.reflect.DirectMethodHandleAccessor::invokeImpl@55 (line 154)
                      ; - jdk.internal.reflect.DirectMethodHandleAccessor::invoke@23 (line 103)
                      ; - java.lang.reflect.Method::invoke@102 (line 580)
                      ; - org.gradle.internal.reflect.JavaMethod::invoke@6 (line 125)
  0x000001fd6e89d69c: 606f 90fc 

  0x000001fd6e89d6a0: ;   {other}
  0x000001fd6e89d6a0: 0f1f 8400 | 9019 0046 | baf6 ffff | ff49 8be9 

  0x000001fd6e89d6b0: ;   {runtime_call UncommonTrapBlob}
  0x000001fd6e89d6b0: 6666 90e8 

  0x000001fd6e89d6b4: ; ImmutableOopMap {rbp=Oop [56]=Oop }
                      ;*invokevirtual getClassLoader {reexecute=0 rethrow=0 return_oop=0}
                      ; - jdk.internal.reflect.Reflection::isCallerSensitive@4 (line 345)
                      ; - java.lang.reflect.Method::isCallerSensitive@11 (line 618)
                      ; - java.lang.reflect.Method::invoke@1 (line 561)
                      ; - org.gradle.internal.reflect.JavaMethod::invoke@6 (line 125)
  0x000001fd6e89d6b4: 486f 90fc 

  0x000001fd6e89d6b8: ;   {other}
  0x000001fd6e89d6b8: 0f1f 8400 | a819 0047 | ba5e ffff | ff49 8be9 | 4c89 4424 | 204c 8954 

  0x000001fd6e89d6d0: ;   {runtime_call UncommonTrapBlob}
  0x000001fd6e89d6d0: 2428 90e8 

  0x000001fd6e89d6d4: ; ImmutableOopMap {rbp=Oop [32]=Oop [40]=Oop }
                      ;*invokevirtual type {reexecute=0 rethrow=0 return_oop=0}
                      ; - java.lang.invoke.Invokers::checkExactType@1 (line 529)
                      ; - java.lang.invoke.Invokers$Holder::invokeExact_MT@10
                      ; - jdk.internal.reflect.DirectMethodHandleAccessor::invokeImpl@41 (line 153)
                      ; - jdk.internal.reflect.DirectMethodHandleAccessor::invoke@23 (line 103)
                      ; - java.lang.reflect.Method::invoke@102 (line 580)
                      ; - org.gradle.internal.reflect.JavaMethod::invoke@6 (line 125)
  0x000001fd6e89d6d4: 286f 90fc 

  0x000001fd6e89d6d8: ;   {other}
  0x000001fd6e89d6d8: 0f1f 8400 | c819 0048 | baf6 ffff | ff49 8be9 

  0x000001fd6e89d6e8: ;   {runtime_call UncommonTrapBlob}
  0x000001fd6e89d6e8: 6666 90e8 

  0x000001fd6e89d6ec: ; ImmutableOopMap {rbp=Oop [56]=Oop }
                      ;*invokevirtual getClass {reexecute=0 rethrow=0 return_oop=0}
                      ; - java.lang.reflect.Method::invoke@53 (line 572)
                      ; - org.gradle.internal.reflect.JavaMethod::invoke@6 (line 125)
  0x000001fd6e89d6ec: 106f 90fc 

  0x000001fd6e89d6f0: ;   {other}
  0x000001fd6e89d6f0: 0f1f 8400 | e019 0049 | ba5e ffff | ff49 8be9 | 4c89 4424 | 204c 8954 

  0x000001fd6e89d708: ;   {runtime_call UncommonTrapBlob}
  0x000001fd6e89d708: 2428 90e8 

  0x000001fd6e89d70c: ; ImmutableOopMap {rbp=Oop [32]=Oop [40]=Oop }
                      ;*invokevirtual type {reexecute=0 rethrow=0 return_oop=0}
                      ; - java.lang.invoke.Invokers::checkExactType@1 (line 529)
                      ; - java.lang.invoke.Invokers$Holder::invokeExact_MT@10
                      ; - jdk.internal.reflect.DirectMethodHandleAccessor::invokeImpl@104 (line 157)
                      ; - jdk.internal.reflect.DirectMethodHandleAccessor::invoke@23 (line 103)
                      ; - java.lang.reflect.Method::invoke@102 (line 580)
                      ; - org.gradle.internal.reflect.JavaMethod::invoke@6 (line 125)
  0x000001fd6e89d70c: f06e 90fc 

  0x000001fd6e89d710: ;   {other}
  0x000001fd6e89d710: 0f1f 8400 | 001a 004a | baf6 ffff | ff49 8be9 | 4c89 4424 | 204c 8954 

  0x000001fd6e89d728: ;   {runtime_call UncommonTrapBlob}
  0x000001fd6e89d728: 2428 90e8 

  0x000001fd6e89d72c: ; ImmutableOopMap {rbp=Oop [32]=Oop [40]=Oop }
                      ;*aaload {reexecute=0 rethrow=0 return_oop=0}
                      ; - jdk.internal.reflect.DirectMethodHandleAccessor::invokeImpl@68 (line 155)
                      ; - jdk.internal.reflect.DirectMethodHandleAccessor::invoke@23 (line 103)
                      ; - java.lang.reflect.Method::invoke@102 (line 580)
                      ; - org.gradle.internal.reflect.JavaMethod::invoke@6 (line 125)
  0x000001fd6e89d72c: d06e 90fc 

  0x000001fd6e89d730: ;   {other}
  0x000001fd6e89d730: 0f1f 8400 | 201a 004b | baf6 ffff | ff49 8be9 | 4c89 4424 | 204c 8954 

  0x000001fd6e89d748: ;   {runtime_call UncommonTrapBlob}
  0x000001fd6e89d748: 2428 90e8 

  0x000001fd6e89d74c: ; ImmutableOopMap {rbp=Oop [32]=Oop [40]=Oop }
                      ;*invokevirtual type {reexecute=0 rethrow=0 return_oop=0}
                      ; - java.lang.invoke.Invokers::checkExactType@1 (line 529)
                      ; - java.lang.invoke.LambdaForm$MH/0x000001fd01002800::invokeExact_MT@11
                      ; - jdk.internal.reflect.DirectMethodHandleAccessor::invokeImpl@72 (line 155)
                      ; - jdk.internal.reflect.DirectMethodHandleAccessor::invoke@23 (line 103)
                      ; - java.lang.reflect.Method::invoke@102 (line 580)
                      ; - org.gradle.internal.reflect.JavaMethod::invoke@6 (line 125)
  0x000001fd6e89d74c: b06e 90fc 

  0x000001fd6e89d750: ;   {other}
  0x000001fd6e89d750: 0f1f 8400 | 401a 004c | baf6 ffff | ff49 8be9 | 4c89 4424 | 204c 8954 

  0x000001fd6e89d768: ;   {runtime_call UncommonTrapBlob}
  0x000001fd6e89d768: 2428 90e8 

  0x000001fd6e89d76c: ; ImmutableOopMap {rbp=Oop [32]=Oop [40]=Oop }
                      ;*aaload {reexecute=0 rethrow=0 return_oop=0}
                      ; - jdk.internal.reflect.DirectMethodHandleAccessor::invokeImpl@85 (line 156)
                      ; - jdk.internal.reflect.DirectMethodHandleAccessor::invoke@23 (line 103)
                      ; - java.lang.reflect.Method::invoke@102 (line 580)
                      ; - org.gradle.internal.reflect.JavaMethod::invoke@6 (line 125)
  0x000001fd6e89d76c: 906e 90fc 

  0x000001fd6e89d770: ;   {other}
  0x000001fd6e89d770: 0f1f 8400 | 601a 004d | baf6 ffff | ff49 8be9 | 4c89 4424 | 204c 8954 

  0x000001fd6e89d788: ;   {runtime_call UncommonTrapBlob}
  0x000001fd6e89d788: 2428 90e8 

  0x000001fd6e89d78c: ; ImmutableOopMap {rbp=Oop [32]=Oop [40]=Oop }
                      ;*invokevirtual type {reexecute=0 rethrow=0 return_oop=0}
                      ; - java.lang.invoke.Invokers::checkExactType@1 (line 529)
                      ; - java.lang.invoke.LambdaForm$MH/0x000001fd010ee800::invokeExact_MT@11
                      ; - jdk.internal.reflect.DirectMethodHandleAccessor::invokeImpl@92 (line 156)
                      ; - jdk.internal.reflect.DirectMethodHandleAccessor::invoke@23 (line 103)
                      ; - java.lang.reflect.Method::invoke@102 (line 580)
                      ; - org.gradle.internal.reflect.JavaMethod::invoke@6 (line 125)
  0x000001fd6e89d78c: 706e 90fc 

  0x000001fd6e89d790: ;   {other}
  0x000001fd6e89d790: 0f1f 8400 | 801a 004e | baf6 ffff | ff4c 894c | 2420 4489 | 6c24 3444 | 896c 2448 | 894c 2450 
  0x000001fd6e89d7b0: ;   {runtime_call UncommonTrapBlob}
  0x000001fd6e89d7b0: 6666 90e8 

  0x000001fd6e89d7b4: ; ImmutableOopMap {rbp=NarrowOop [32]=Oop [52]=NarrowOop [56]=Oop [64]=Oop [72]=NarrowOop [80]=NarrowOop }
                      ;*invokeinterface getConstantPool {reexecute=0 rethrow=0 return_oop=0}
                      ; - java.lang.reflect.Executable::declaredAnnotations@53 (line 637)
                      ; - java.lang.reflect.Executable::getAnnotation@7 (line 600)
                      ; - java.lang.reflect.Method::getAnnotation@2 (line 793)
                      ; - java.lang.reflect.AnnotatedElement::isAnnotationPresent@2 (line 292)
                      ; - java.lang.reflect.AccessibleObject::isAnnotationPresent@2 (line 558)
                      ; - jdk.internal.reflect.Reflection::isCallerSensitive@18 (line 347)
                      ; - java.lang.reflect.Method::isCallerSensitive@11 (line 618)
                      ; - java.lang.reflect.Method::invoke@1 (line 561)
                      ; - org.gradle.internal.reflect.JavaMethod::invoke@6 (line 125)
  0x000001fd6e89d7b4: 486e 90fc 

  0x000001fd6e89d7b8: ;   {other}
  0x000001fd6e89d7b8: 0f1f 8400 | a81a 004f | baf6 ffff | ff49 8be9 | 4c8b 5c24 | 384c 895c | 2428 4c89 

  0x000001fd6e89d7d4: ;   {runtime_call UncommonTrapBlob}
  0x000001fd6e89d7d4: 5424 38e8 

  0x000001fd6e89d7d8: ; ImmutableOopMap {rbp=Oop [40]=Oop [56]=Oop [64]=Oop }
                      ;*invokeinterface invoke {reexecute=0 rethrow=0 return_oop=0}
                      ; - java.lang.reflect.Method::invoke@90 (line 580)
                      ; - org.gradle.internal.reflect.JavaMethod::invoke@6 (line 125)
  0x000001fd6e89d7d8: 246e 90fc 

  0x000001fd6e89d7dc: ;   {other}
  0x000001fd6e89d7dc: 0f1f 8400 | cc1a 0050 | baf6 ffff 

  0x000001fd6e89d7e8: ;   {runtime_call UncommonTrapBlob}
  0x000001fd6e89d7e8: ff66 90e8 

  0x000001fd6e89d7ec: ; ImmutableOopMap {rbp=Oop [40]=Oop [56]=Oop }
                      ;*aaload {reexecute=0 rethrow=0 return_oop=0}
                      ; - jdk.internal.reflect.DirectMethodHandleAccessor::invokeImpl@74 (line 169)
                      ; - jdk.internal.reflect.DirectMethodHandleAccessor::invoke@24 (line 130)
                      ; - java.lang.reflect.Method::invoke@90 (line 580)
                      ; - org.gradle.internal.reflect.JavaMethod::invoke@6 (line 125)
  0x000001fd6e89d7ec: 106e 90fc 

  0x000001fd6e89d7f0: ;   {other}
  0x000001fd6e89d7f0: 0f1f 8400 | e01a 0051 | baf6 ffff 

  0x000001fd6e89d7fc: ;   {runtime_call UncommonTrapBlob}
  0x000001fd6e89d7fc: ff66 90e8 

  0x000001fd6e89d800: ; ImmutableOopMap {rbp=Oop [40]=Oop [56]=Oop }
                      ;*aaload {reexecute=0 rethrow=0 return_oop=0}
                      ; - jdk.internal.reflect.DirectMethodHandleAccessor::invokeImpl@92 (line 170)
                      ; - jdk.internal.reflect.DirectMethodHandleAccessor::invoke@24 (line 130)
                      ; - java.lang.reflect.Method::invoke@90 (line 580)
                      ; - org.gradle.internal.reflect.JavaMethod::invoke@6 (line 125)
  0x000001fd6e89d800: fc6d 90fc 

  0x000001fd6e89d804: ;   {other}
  0x000001fd6e89d804: 0f1f 8400 | f41a 0052 | baf6 ffff 

  0x000001fd6e89d810: ;   {runtime_call UncommonTrapBlob}
  0x000001fd6e89d810: ff66 90e8 

  0x000001fd6e89d814: ; ImmutableOopMap {rbp=Oop [40]=Oop [56]=Oop }
                      ;*aaload {reexecute=0 rethrow=0 return_oop=0}
                      ; - jdk.internal.reflect.DirectMethodHandleAccessor::invokeImpl@59 (line 168)
                      ; - jdk.internal.reflect.DirectMethodHandleAccessor::invoke@24 (line 130)
                      ; - java.lang.reflect.Method::invoke@90 (line 580)
                      ; - org.gradle.internal.reflect.JavaMethod::invoke@6 (line 125)
  0x000001fd6e89d814: e86d 90fc 

  0x000001fd6e89d818: ;   {other}
  0x000001fd6e89d818: 0f1f 8400 | 081b 0053 | baf6 ffff 

  0x000001fd6e89d824: ;   {runtime_call UncommonTrapBlob}
  0x000001fd6e89d824: ff66 90e8 

  0x000001fd6e89d828: ; ImmutableOopMap {rbp=Oop [40]=Oop [56]=Oop }
                      ;*invokevirtual type {reexecute=0 rethrow=0 return_oop=0}
                      ; - java.lang.invoke.Invokers::checkExactType@1 (line 529)
                      ; - java.lang.invoke.LambdaForm$MH/0x000001fd01002800::invokeExact_MT@11
                      ; - jdk.internal.reflect.DirectMethodHandleAccessor::invokeImpl@136 (line 178)
                      ; - jdk.internal.reflect.DirectMethodHandleAccessor::invoke@24 (line 130)
                      ; - java.lang.reflect.Method::invoke@90 (line 580)
                      ; - org.gradle.internal.reflect.JavaMethod::invoke@6 (line 125)
  0x000001fd6e89d828: d46d 90fc 

  0x000001fd6e89d82c: ;   {other}
  0x000001fd6e89d82c: 0f1f 8400 | 1c1b 0054 | 4c8b d0e9 | 9801 0000 | 4c8b d0e9 | 9001 0000 | 4c8b d0e9 | 8801 0000 
  0x000001fd6e89d84c: 4c8b d0e9 | 8001 0000 | 4c8b d0e9 | 8b00 0000 | 4c8b d0e9 | 7001 0000 | 4c8b d0e9 | 6801 0000 
  0x000001fd6e89d86c: 4c8b d0eb | 764c 8bd0 | e95b 0100 | 004c 8bd0 | e953 0100 | 004c 8bd0 | eb61 4c8b | d0eb 5c4c 
  0x000001fd6e89d88c: 8bd0 eb57 | 4c8b d0eb | 524c 8bd0 | e953 0100 | 00eb 2044 | 8b50 0849 | bb00 0000 | 00fd 0100 
  0x000001fd6e89d8ac: 004d 03da | 4889 4424 | 30eb 674c | 8bd0 e915 | 0100 0044 | 8b50 0849 | bb00 0000 | 00fd 0100 
  0x000001fd6e89d8cc: 004d 03da | 4889 4424 | 30eb 474c | 8bc8 e947 | 0100 004c | 8bd0 eb03 | 4c8b d04d | 8bca 458b 
  0x000001fd6e89d8ec: 5a08 49ba | 0000 0000 | fd01 0000 | 4d03 d3e9 | 7902 0000 | 4c8b d0e9 | e800 0000 | 448b 5008 
  0x000001fd6e89d90c: 49bb 0000 | 0000 fd01 | 0000 4d03 | da48 8944 | 2430 4d8b 

  0x000001fd6e89d920: ;   {metadata('java/lang/ClassCastException')}
  0x000001fd6e89d920: 5350 49b8 | 60b4 0600 | fd01 0000 | 4d3b d00f | 85b0 0400 | 004c 8b54 | 2430 4c89 | 5424 3048 
  0x000001fd6e89d940: 8b54 2428 | 4d8b c248 | 8b6c 2420 

  0x000001fd6e89d94c: ;   {optimized virtual_call}
  0x000001fd6e89d94c: 6666 90e8 

  0x000001fd6e89d950: ; ImmutableOopMap {rbp=Oop [32]=Oop [48]=Oop [56]=Oop }
                      ;*invokevirtual isIllegalArgument {reexecute=0 rethrow=0 return_oop=0}
                      ; - jdk.internal.reflect.DirectMethodHandleAccessor::invoke@33 (line 132)
                      ; - java.lang.reflect.Method::invoke@90 (line 580)
                      ; - org.gradle.internal.reflect.JavaMethod::invoke@6 (line 125)
  0x000001fd6e89d950: 2c11 90fc 

  0x000001fd6e89d954: ;   {other}
  0x000001fd6e89d954: 0f1f 8400 | 441c 0055 | 85c0 0f85 | 9906 0000 | 498b 87b8 | 0100 004c | 8bd0 4983 | c228 4d3b 
  0x000001fd6e89d974: 97c8 0100 | 000f 8345 | 0600 004d | 8997 b801 | 0000 410f | 1882 0001 | 0000 48c7 | 0001 0000 
  0x000001fd6e89d994: ;   {metadata('java/lang/reflect/InvocationTargetException')}
  0x000001fd6e89d994: 00c7 4008 | f09e 0401 | 4489 600c | 4c89 6010 | 4c89 6018 | 4c89 6020 | 488b e848 | 8bd5 4c8b 
  0x000001fd6e89d9b4: ;   {optimized virtual_call}
  0x000001fd6e89d9b4: 4424 30e8 

  0x000001fd6e89d9b8: ; ImmutableOopMap {rbp=Oop [32]=Oop [56]=Oop }
                      ;*invokespecial <init> {reexecute=0 rethrow=0 return_oop=0}
                      ; - jdk.internal.reflect.DirectMethodHandleAccessor::invoke@55 (line 136)
                      ; - java.lang.reflect.Method::invoke@90 (line 580)
                      ; - org.gradle.internal.reflect.JavaMethod::invoke@6 (line 125)
  0x000001fd6e89d9b8: c410 90fc 

  0x000001fd6e89d9bc: ;   {other}
  0x000001fd6e89d9bc: 0f1f 8400 | ac1c 0056 | 4c8b d5e9 | 9702 0000 | 4c8b d0eb | 034c 8bd0 | 4d8b ca45 | 8b42 0849 
  0x000001fd6e89d9dc: ba00 0000 | 00fd 0100 | 004d 03d0 | e98c 0100 | 004c 8bd0 | 4d8b ca45 | 8b5a 0849 | ba00 0000 
  0x000001fd6e89d9fc: 00fd 0100 | 004d 03d3 | e970 0100 | 00eb 41eb | 5feb 784d 

  0x000001fd6e89da10: ;   {metadata('java/lang/Exception')}
  0x000001fd6e89da10: 8b52 4049 | bbb8 c000 | 00fd 0100 | 004d 3bd3 | 0f84 7105 | 0000 498b | d1e9 6602 | 0000 4c8b 
  0x000001fd6e89da30: c844 8b40 | 0849 ba00 | 0000 00fd | 0100 004d | 03d0 e932 | 0100 00e9 | 5d01 0000 | 448b 5808 
  0x000001fd6e89da50: 49b8 0000 | 0000 fd01 | 0000 4d03 | c348 8944 | 2430 e958 | 0100 00e9 | 2501 0000 | 448b 5808 
  0x000001fd6e89da70: 49b8 0000 | 0000 fd01 | 0000 4d03 | c348 8944 | 2430 e938 | 0100 0044 | 8b50 0849 | b800 0000 
  0x000001fd6e89da90: 00fd 0100 | 004d 03c2 | 4889 4424 | 30e9 1d01 | 0000 4c8b | c844 8b40 | 0849 ba00 | 0000 00fd 
  0x000001fd6e89dab0: 0100 004d | 03d0 e9be | 0000 0048 | 8bd8 eb08 | 488b d8eb | 0348 8bd8 | 4c8b 5c24 | 3048 8d44 
  0x000001fd6e89dad0: 2470 4883 | 3800 0f84 | 7900 0000 | 4d8b 1341 | f6c2 020f | 8462 0000 | 0049 83ba | 8600 0000 
  0x000001fd6e89daf0: 0074 0949 | ff8a 8600 | 0000 eb4b | 498b 8296 | 0000 0049 | 0b82 8e00 | 0000 750a | 49c7 423e 
  0x000001fd6e89db10: ;   {no_reloc}
  0x000001fd6e89db10: 0000 0000 | eb3d 4983 | ba9e 0000 | 0000 7422 | 4833 c049 | c742 3e00 | 0000 00f0 | 8304 2400 
  0x000001fd6e89db30: 4983 ba9e | 0000 0000 | 750d f04d | 0fb1 7a3e | 7505 83c8 | 01eb 0ca8 | 00eb 084c | 8b10 f04d 
  0x000001fd6e89db50: 0fb1 1375 | 0a49 ff8f | 5005 0000 | 4533 d20f | 850b 0400 | 004c 8bcb | 448b 5b08 | 49ba 0000 
  0x000001fd6e89db70: 0000 fd01 | 0000 4d03 

  0x000001fd6e89db78: ;   {metadata('java/lang/reflect/InvocationTargetException')}
  0x000001fd6e89db78: d349 bbf0 | 9e04 01fd | 0100 004d | 3bd3 0f85 | 83fe ffff | e9d5 0000 | 0044 8b58 | 0849 b800 
  0x000001fd6e89db98: 0000 00fd | 0100 004d | 03c3 4889 | 4424 30eb | 1644 8b58 | 0849 b800 | 0000 00fd | 0100 004d 
  0x000001fd6e89dbb8: 03c3 4889 | 4424 304d 

  0x000001fd6e89dbc0: ;   {metadata('java/lang/ClassCastException')}
  0x000001fd6e89dbc0: 8b50 5049 | bb60 b406 | 00fd 0100 | 004d 3bd3 | 0f85 cb00 | 0000 4c8b | 5424 304c | 8954 2430 
  0x000001fd6e89dbe0: 488b 5424 | 284d 8bc2 

  0x000001fd6e89dbe8: ;   {optimized virtual_call}
  0x000001fd6e89dbe8: 6666 90e8 

  0x000001fd6e89dbec: ; ImmutableOopMap {[32]=Oop [48]=Oop [56]=Oop }
                      ;*invokevirtual isIllegalArgument {reexecute=0 rethrow=0 return_oop=0}
                      ; - jdk.internal.reflect.DirectMethodHandleAccessor::invoke@30 (line 105)
                      ; - java.lang.reflect.Method::invoke@102 (line 580)
                      ; - org.gradle.internal.reflect.JavaMethod::invoke@6 (line 125)
  0x000001fd6e89dbec: 900e 90fc 

  0x000001fd6e89dbf0: ;   {other}
  0x000001fd6e89dbf0: 0f1f 8400 | e01e 0057 | 85c0 0f85 | d002 0000 | 498b 87b8 | 0100 004c | 8bd0 4983 | c228 4d3b 
  0x000001fd6e89dc10: 97c8 0100 | 000f 83ad | 0100 004d | 8997 b801 | 0000 410f | 1882 0001 | 0000 48c7 | 0001 0000 
  0x000001fd6e89dc30: ;   {metadata('java/lang/reflect/InvocationTargetException')}
  0x000001fd6e89dc30: 00c7 4008 | f09e 0401 | 4489 600c | 4c89 6010 | 4c89 6018 | 4c89 6020 | 488b e848 | 8bd5 4c8b 
  0x000001fd6e89dc50: ;   {optimized virtual_call}
  0x000001fd6e89dc50: 4424 30e8 

  0x000001fd6e89dc54: ; ImmutableOopMap {rbp=Oop [32]=Oop [56]=Oop }
                      ;*invokespecial <init> {reexecute=0 rethrow=0 return_oop=0}
                      ; - jdk.internal.reflect.DirectMethodHandleAccessor::invoke@51 (line 109)
                      ; - java.lang.reflect.Method::invoke@102 (line 580)
                      ; - org.gradle.internal.reflect.JavaMethod::invoke@6 (line 125)
  0x000001fd6e89dc54: 280e 90fc 

  0x000001fd6e89dc58: ;   {other}
  0x000001fd6e89dc58: 0f1f 8400 | 481f 0058 | 4c8b d54d | 8bca 458b | 5924 4585 | db0f 84e5 | 0000 0049 | 8bd3 4533 
  0x000001fd6e89dc78: ;   {static_call}
  0x000001fd6e89dc78: c066 90e8 

  0x000001fd6e89dc7c: ; ImmutableOopMap {}
                      ;*invokestatic throwAsUncheckedException {reexecute=0 rethrow=0 return_oop=1}
                      ; - org.gradle.internal.UncheckedException::throwAsUncheckedException@2 (line 42)
                      ; - org.gradle.internal.reflect.JavaMethod::invoke@37 (line 129)
  0x000001fd6e89dc7c: 0014 90fc 

  0x000001fd6e89dc80: ;   {other}
  0x000001fd6e89dc80: 0f1f 8400 | 701f 0059 | 4885 c00f | 842c 0200 | 0048 8bd0 | 4881 c480 | 0000 005d 

  0x000001fd6e89dc9c: ;   {runtime_call _rethrow_Java}
  0x000001fd6e89dc9c: e95f 039d 

  0x000001fd6e89dca0: ;   {metadata('java/lang/invoke/WrongMethodTypeException')}
  0x000001fd6e89dca0: fc49 bb38 | 8e25 03fd | 0100 004d | 3bc3 0f84 | 22ff ffff 

  0x000001fd6e89dcb4: ;   {metadata('java/lang/NullPointerException')}
  0x000001fd6e89dcb4: 49bb e0d8 | 0600 fd01 | 0000 4d3b | d30f 8599 | 0000 004c | 8b54 2430 | 4c89 5424 | 3048 8b54 
  0x000001fd6e89dcd4: 2428 4d8b 

  0x000001fd6e89dcd8: ;   {optimized virtual_call}
  0x000001fd6e89dcd8: c266 90e8 

  0x000001fd6e89dcdc: ; ImmutableOopMap {[32]=Oop [48]=Oop [56]=Oop }
                      ;*invokevirtual isIllegalArgument {reexecute=0 rethrow=0 return_oop=0}
                      ; - jdk.internal.reflect.DirectMethodHandleAccessor::invoke@58 (line 112)
                      ; - java.lang.reflect.Method::invoke@102 (line 580)
                      ; - org.gradle.internal.reflect.JavaMethod::invoke@6 (line 125)
  0x000001fd6e89dcdc: a00d 90fc 

  0x000001fd6e89dce0: ;   {other}
  0x000001fd6e89dce0: 0f1f 8400 | d01f 005a | 85c0 0f85 | bc02 0000 | 498b 87b8 | 0100 004c | 8bd0 4983 | c228 4d3b 
  0x000001fd6e89dd00: 97c8 0100 | 000f 8395 | 0100 004d | 8997 b801 | 0000 410f | 1882 0001 | 0000 48c7 | 0001 0000 
  0x000001fd6e89dd20: ;   {metadata('java/lang/reflect/InvocationTargetException')}
  0x000001fd6e89dd20: 00c7 4008 | f09e 0401 | 4489 600c | 4c89 6010 | 4c89 6018 | 4c89 6020 | 488b e848 | 8bd5 4c8b 
  0x000001fd6e89dd40: ;   {optimized virtual_call}
  0x000001fd6e89dd40: 4424 30e8 

  0x000001fd6e89dd44: ; ImmutableOopMap {rbp=Oop [32]=Oop [56]=Oop }
                      ;*invokespecial <init> {reexecute=0 rethrow=0 return_oop=0}
                      ; - jdk.internal.reflect.DirectMethodHandleAccessor::invoke@78 (line 115)
                      ; - java.lang.reflect.Method::invoke@102 (line 580)
                      ; - org.gradle.internal.reflect.JavaMethod::invoke@6 (line 125)
  0x000001fd6e89dd44: 380d 90fc 

  0x000001fd6e89dd48: ;   {other}
  0x000001fd6e89dd48: 0f1f 8400 | 3820 005b | 4c8b d5e9 | 0bff ffff | 498b d1e9 | 16ff ffff | 498b 87b8 | 0100 004c 
  0x000001fd6e89dd68: 8bd0 4983 | c228 4d3b | 97c8 0100 | 000f 836d | 0100 004d | 8997 b801 | 0000 410f | 1882 0001 
  0x000001fd6e89dd88: 0000 48c7 | 0001 0000 

  0x000001fd6e89dd90: ;   {metadata('java/lang/reflect/InvocationTargetException')}
  0x000001fd6e89dd90: 00c7 4008 | f09e 0401 | 4489 600c | 4c89 6010 | 4c89 6018 | 4c89 6020 | 488b e848 | 8bd5 4c8b 
  0x000001fd6e89ddb0: ;   {optimized virtual_call}
  0x000001fd6e89ddb0: 4424 30e8 

  0x000001fd6e89ddb4: ; ImmutableOopMap {rbp=Oop [32]=Oop [56]=Oop }
                      ;*invokespecial <init> {reexecute=0 rethrow=0 return_oop=0}
                      ; - jdk.internal.reflect.DirectMethodHandleAccessor::invoke@88 (line 118)
                      ; - java.lang.reflect.Method::invoke@102 (line 580)
                      ; - org.gradle.internal.reflect.JavaMethod::invoke@6 (line 125)
  0x000001fd6e89ddb4: c80c 90fc 

  0x000001fd6e89ddb8: ;   {other}
  0x000001fd6e89ddb8: 0f1f 8400 | a820 005c | 4c8b d5e9 | 9bfe ffff 

  0x000001fd6e89ddc8: ;   {metadata('java/lang/reflect/InvocationTargetException')}
  0x000001fd6e89ddc8: 48ba f09e | 0401 fd01 

  0x000001fd6e89ddd0: ;   {runtime_call _new_instance_Java}
  0x000001fd6e89ddd0: 0000 90e8 

  0x000001fd6e89ddd4: ; ImmutableOopMap {[32]=Oop [48]=Oop [56]=Oop }
                      ;*new {reexecute=0 rethrow=0 return_oop=1}
                      ; - jdk.internal.reflect.DirectMethodHandleAccessor::invoke@46 (line 109)
                      ; - java.lang.reflect.Method::invoke@102 (line 580)
                      ; - org.gradle.internal.reflect.JavaMethod::invoke@6 (line 125)
  0x000001fd6e89ddd4: 28dd 9cfc 

  0x000001fd6e89ddd8: ;   {other}
  0x000001fd6e89ddd8: 0f1f 8400 | c820 005d | e963 feff 

  0x000001fd6e89dde4: ;   {metadata('java/lang/invoke/WrongMethodTypeException')}
  0x000001fd6e89dde4: ff49 b838 | 8e25 03fd | 0100 004d | 3bd8 0f84 | 3dfb ffff 

  0x000001fd6e89ddf8: ;   {metadata('java/lang/NullPointerException')}
  0x000001fd6e89ddf8: 49bb e0d8 | 0600 fd01 | 0000 4d3b | d30f 85fa | 0000 004c | 8b54 2430 | 4c89 5424 | 3048 8b54 
  0x000001fd6e89de18: 2428 4d8b | c248 8b6c 

  0x000001fd6e89de20: ;   {optimized virtual_call}
  0x000001fd6e89de20: 2420 90e8 

  0x000001fd6e89de24: ; ImmutableOopMap {rbp=Oop [32]=Oop [48]=Oop [56]=Oop }
                      ;*invokevirtual isIllegalArgument {reexecute=0 rethrow=0 return_oop=0}
                      ; - jdk.internal.reflect.DirectMethodHandleAccessor::invoke@64 (line 139)
                      ; - java.lang.reflect.Method::invoke@90 (line 580)
                      ; - org.gradle.internal.reflect.JavaMethod::invoke@6 (line 125)
  0x000001fd6e89de24: 580c 90fc 

  0x000001fd6e89de28: ;   {other}
  0x000001fd6e89de28: 0f1f 8400 | 1821 005e | 85c0 0f85 | f901 0000 | 498b 87b8 | 0100 004c | 8bd0 4983 | c228 4d3b 
  0x000001fd6e89de48: 97c8 0100 | 000f 838e | 0100 004d | 8997 b801 | 0000 410f | 1882 0001 | 0000 48c7 | 0001 0000 
  0x000001fd6e89de68: ;   {metadata('java/lang/reflect/InvocationTargetException')}
  0x000001fd6e89de68: 00c7 4008 | f09e 0401 | 4489 600c | 4c89 6010 | 4c89 6018 | 4c89 6020 | 488b e848 | 8bd5 4c8b 
  0x000001fd6e89de88: ;   {optimized virtual_call}
  0x000001fd6e89de88: 4424 30e8 

  0x000001fd6e89de8c: ; ImmutableOopMap {rbp=Oop [32]=Oop [56]=Oop }
                      ;*invokespecial <init> {reexecute=0 rethrow=0 return_oop=0}
                      ; - jdk.internal.reflect.DirectMethodHandleAccessor::invoke@86 (line 142)
                      ; - java.lang.reflect.Method::invoke@90 (line 580)
                      ; - org.gradle.internal.reflect.JavaMethod::invoke@6 (line 125)
  0x000001fd6e89de8c: f00b 90fc 

  0x000001fd6e89de90: ;   {other}
  0x000001fd6e89de90: 0f1f 8400 | 8021 005f | 4c8b d5e9 | c3fd ffff 

  0x000001fd6e89dea0: ;   {metadata('java/lang/reflect/InvocationTargetException')}
  0x000001fd6e89dea0: 48ba f09e | 0401 fd01 

  0x000001fd6e89dea8: ;   {runtime_call _new_instance_Java}
  0x000001fd6e89dea8: 0000 90e8 

  0x000001fd6e89deac: ; ImmutableOopMap {[32]=Oop [48]=Oop [56]=Oop }
                      ;*new {reexecute=0 rethrow=0 return_oop=1}
                      ; - jdk.internal.reflect.DirectMethodHandleAccessor::invoke@73 (line 115)
                      ; - java.lang.reflect.Method::invoke@102 (line 580)
                      ; - org.gradle.internal.reflect.JavaMethod::invoke@6 (line 125)
  0x000001fd6e89deac: 50dc 9cfc 

  0x000001fd6e89deb0: ;   {other}
  0x000001fd6e89deb0: 0f1f 8400 | a021 0060 | e97b feff | ffba f6ff 

  0x000001fd6e89dec0: ;   {runtime_call UncommonTrapBlob}
  0x000001fd6e89dec0: ffff 90e8 

  0x000001fd6e89dec4: ; ImmutableOopMap {}
                      ;*athrow {reexecute=1 rethrow=0 return_oop=0}
                      ; - (reexecute) org.gradle.internal.reflect.JavaMethod::invoke@40 (line 129)
  0x000001fd6e89dec4: 3867 90fc 

  0x000001fd6e89dec8: ;   {other}
  0x000001fd6e89dec8: 0f1f 8400 | b821 0061 | ba61 0000 | 0048 8b6c 

  0x000001fd6e89ded8: ;   {runtime_call UncommonTrapBlob}
  0x000001fd6e89ded8: 2420 90e8 

  0x000001fd6e89dedc: ; ImmutableOopMap {rbp=Oop [56]=Oop }
                      ;*new {reexecute=0 rethrow=0 return_oop=0}
                      ; - jdk.internal.reflect.DirectMethodHandleAccessor::invoke@36 (line 107)
                      ; - java.lang.reflect.Method::invoke@102 (line 580)
                      ; - org.gradle.internal.reflect.JavaMethod::invoke@6 (line 125)
  0x000001fd6e89dedc: 2067 90fc 

  0x000001fd6e89dee0: ;   {other}
  0x000001fd6e89dee0: 0f1f 8400 | d021 0062 

  0x000001fd6e89dee8: ;   {metadata('java/lang/reflect/InvocationTargetException')}
  0x000001fd6e89dee8: 48ba f09e | 0401 fd01 

  0x000001fd6e89def0: ;   {runtime_call _new_instance_Java}
  0x000001fd6e89def0: 0000 90e8 

  0x000001fd6e89def4: ; ImmutableOopMap {[32]=Oop [48]=Oop [56]=Oop }
                      ;*new {reexecute=0 rethrow=0 return_oop=1}
                      ; - jdk.internal.reflect.DirectMethodHandleAccessor::invoke@83 (line 118)
                      ; - java.lang.reflect.Method::invoke@102 (line 580)
                      ; - org.gradle.internal.reflect.JavaMethod::invoke@6 (line 125)
  0x000001fd6e89def4: 08dc 9cfc 

  0x000001fd6e89def8: ;   {other}
  0x000001fd6e89def8: 0f1f 8400 | e821 0063 | e9a3 feff | ff49 8b87 | b801 0000 | 4c8b d049 | 83c2 284d | 3b97 c801 
  0x000001fd6e89df18: 0000 0f83 | f000 0000 | 4d89 97b8 | 0100 0041 | 0f18 8200 | 0100 0048 | c700 0100 

  0x000001fd6e89df34: ;   {metadata('java/lang/reflect/InvocationTargetException')}
  0x000001fd6e89df34: 0000 c740 | 08f0 9e04 | 0144 8960 | 0c4c 8960 | 104c 8960 | 184c 8960 | 2048 8be8 | 488b d54c 
  0x000001fd6e89df54: 8b44 2430 

  0x000001fd6e89df58: ;   {optimized virtual_call}
  0x000001fd6e89df58: 6666 90e8 

  0x000001fd6e89df5c: ; ImmutableOopMap {rbp=Oop [32]=Oop [56]=Oop }
                      ;*invokespecial <init> {reexecute=0 rethrow=0 return_oop=0}
                      ; - jdk.internal.reflect.DirectMethodHandleAccessor::invoke@98 (line 145)
                      ; - java.lang.reflect.Method::invoke@90 (line 580)
                      ; - org.gradle.internal.reflect.JavaMethod::invoke@6 (line 125)
  0x000001fd6e89df5c: 200b 90fc 

  0x000001fd6e89df60: ;   {other}
  0x000001fd6e89df60: 0f1f 8400 | 5022 0064 | 4c8b d5e9 | f3fc ffff | 488b 4c24 | 3048 8d54 | 2470 4d8b | c749 ba60 
  0x000001fd6e89df80: f774 e5fa | 7f00 0041 

  0x000001fd6e89df88: ;   {other}
  0x000001fd6e89df88: ffd2 0f1f | 8400 0000 | 0000 e9ce | fbff ff49 | 8be9 ba88 

  0x000001fd6e89df9c: ;   {runtime_call UncommonTrapBlob}
  0x000001fd6e89df9c: 0000 00e8 

  0x000001fd6e89dfa0: ; ImmutableOopMap {rbp=Oop [32]=Oop [56]=Oop }
                      ;*new {reexecute=0 rethrow=0 return_oop=0}
                      ; - org.gradle.internal.reflect.JavaMethod::invoke@42 (line 131)
  0x000001fd6e89dfa0: 5c66 90fc 

  0x000001fd6e89dfa4: ;   {other}
  0x000001fd6e89dfa4: 0f1f 8400 | 9422 0065 | ba61 0000 | 0048 8b6c 

  0x000001fd6e89dfb4: ;   {runtime_call UncommonTrapBlob}
  0x000001fd6e89dfb4: 2420 90e8 

  0x000001fd6e89dfb8: ; ImmutableOopMap {rbp=Oop [48]=Oop [56]=Oop }
                      ;*new {reexecute=0 rethrow=0 return_oop=0}
                      ; - jdk.internal.reflect.DirectMethodHandleAccessor::invoke@64 (line 113)
                      ; - java.lang.reflect.Method::invoke@102 (line 580)
                      ; - org.gradle.internal.reflect.JavaMethod::invoke@6 (line 125)
  0x000001fd6e89dfb8: 4466 90fc 

  0x000001fd6e89dfbc: ;   {other}
  0x000001fd6e89dfbc: 0f1f 8400 | ac22 0066 

  0x000001fd6e89dfc4: ;   {metadata('java/lang/reflect/InvocationTargetException')}
  0x000001fd6e89dfc4: 48ba f09e | 0401 fd01 

  0x000001fd6e89dfcc: ;   {runtime_call _new_instance_Java}
  0x000001fd6e89dfcc: 0000 90e8 

  0x000001fd6e89dfd0: ; ImmutableOopMap {rbp=Oop [32]=Oop [48]=Oop [56]=Oop }
                      ;*new {reexecute=0 rethrow=0 return_oop=1}
                      ; - jdk.internal.reflect.DirectMethodHandleAccessor::invoke@49 (line 136)
                      ; - java.lang.reflect.Method::invoke@90 (line 580)
                      ; - org.gradle.internal.reflect.JavaMethod::invoke@6 (line 125)
  0x000001fd6e89dfd0: 2cdb 9cfc 

  0x000001fd6e89dfd4: ;   {other}
  0x000001fd6e89dfd4: 0f1f 8400 | c422 0067 | e9cb f9ff 

  0x000001fd6e89dfe0: ;   {metadata('java/lang/reflect/InvocationTargetException')}
  0x000001fd6e89dfe0: ff48 baf0 | 9e04 01fd 

  0x000001fd6e89dfe8: ;   {runtime_call _new_instance_Java}
  0x000001fd6e89dfe8: 0100 00e8 

  0x000001fd6e89dfec: ; ImmutableOopMap {rbp=Oop [32]=Oop [48]=Oop [56]=Oop }
                      ;*new {reexecute=0 rethrow=0 return_oop=1}
                      ; - jdk.internal.reflect.DirectMethodHandleAccessor::invoke@80 (line 142)
                      ; - java.lang.reflect.Method::invoke@90 (line 580)
                      ; - org.gradle.internal.reflect.JavaMethod::invoke@6 (line 125)
  0x000001fd6e89dfec: 10db 9cfc 

  0x000001fd6e89dff0: ;   {other}
  0x000001fd6e89dff0: 0f1f 8400 | e022 0068 | e983 feff | ffba 6100 

  0x000001fd6e89e000: ;   {runtime_call UncommonTrapBlob}
  0x000001fd6e89e000: 0000 90e8 

  0x000001fd6e89e004: ; ImmutableOopMap {rbp=Oop [56]=Oop }
                      ;*new {reexecute=0 rethrow=0 return_oop=0}
                      ; - jdk.internal.reflect.DirectMethodHandleAccessor::invoke@39 (line 134)
                      ; - java.lang.reflect.Method::invoke@90 (line 580)
                      ; - org.gradle.internal.reflect.JavaMethod::invoke@6 (line 125)
  0x000001fd6e89e004: f865 90fc 

  0x000001fd6e89e008: ;   {other}
  0x000001fd6e89e008: 0f1f 8400 | f822 0069 

  0x000001fd6e89e010: ;   {metadata('java/lang/reflect/InvocationTargetException')}
  0x000001fd6e89e010: 48ba f09e | 0401 fd01 | 0000 488b 

  0x000001fd6e89e01c: ;   {runtime_call _new_instance_Java}
  0x000001fd6e89e01c: 6c24 20e8 

  0x000001fd6e89e020: ; ImmutableOopMap {rbp=Oop [32]=Oop [48]=Oop [56]=Oop }
                      ;*new {reexecute=0 rethrow=0 return_oop=1}
                      ; - jdk.internal.reflect.DirectMethodHandleAccessor::invoke@92 (line 145)
                      ; - java.lang.reflect.Method::invoke@90 (line 580)
                      ; - org.gradle.internal.reflect.JavaMethod::invoke@6 (line 125)
  0x000001fd6e89e020: dcda 9cfc 

  0x000001fd6e89e024: ;   {other}
  0x000001fd6e89e024: 0f1f 8400 | 1423 006a | e91c ffff | ffba 6100 

  0x000001fd6e89e034: ;   {runtime_call UncommonTrapBlob}
  0x000001fd6e89e034: 0000 90e8 

  0x000001fd6e89e038: ; ImmutableOopMap {rbp=Oop [48]=Oop [56]=Oop }
                      ;*new {reexecute=0 rethrow=0 return_oop=0}
                      ; - jdk.internal.reflect.DirectMethodHandleAccessor::invoke@70 (line 140)
                      ; - java.lang.reflect.Method::invoke@90 (line 580)
                      ; - org.gradle.internal.reflect.JavaMethod::invoke@6 (line 125)
  0x000001fd6e89e038: c465 90fc 

  0x000001fd6e89e03c: ;   {other}
  0x000001fd6e89e03c: 0f1f 8400 | 2c23 006b 

  0x000001fd6e89e044: ;   {internal_word}
  0x000001fd6e89e044: 49ba e1c7 | 896e fd01 | 0000 4d89 | 9768 0400 

  0x000001fd6e89e054: ;   {runtime_call SafepointBlob}
  0x000001fd6e89e054: 00e9 a676 

  0x000001fd6e89e058: ;   {runtime_call StubRoutines (final stubs)}
  0x000001fd6e89e058: 90fc e801 | 6d8e fce9 | dae1 ffff | f4f4 f4f4 
[Stub Code]
  0x000001fd6e89e068: ;   {no_reloc}
  0x000001fd6e89e068: 48bb 0000 | 0000 0000 

  0x000001fd6e89e070: ;   {runtime_call}
  0x000001fd6e89e070: 0000 e9fb 

  0x000001fd6e89e074: ;   {static_stub}
  0x000001fd6e89e074: ffff ff48 | bb00 0000 | 0000 0000 

  0x000001fd6e89e080: ;   {runtime_call}
  0x000001fd6e89e080: 00e9 fbff 

  0x000001fd6e89e084: ;   {static_stub}
  0x000001fd6e89e084: ffff 48bb | 0000 0000 | 0000 0000 

  0x000001fd6e89e090: ;   {runtime_call}
  0x000001fd6e89e090: e9fb ffff 

  0x000001fd6e89e094: ;   {static_stub}
  0x000001fd6e89e094: ff48 bb00 | 0000 0000 

  0x000001fd6e89e09c: ;   {runtime_call}
  0x000001fd6e89e09c: 0000 00e9 | fbff ffff 

  0x000001fd6e89e0a4: ;   {static_stub}
  0x000001fd6e89e0a4: 48bb 0000 | 0000 0000 

  0x000001fd6e89e0ac: ;   {runtime_call}
  0x000001fd6e89e0ac: 0000 e9fb 

  0x000001fd6e89e0b0: ;   {static_stub}
  0x000001fd6e89e0b0: ffff ff48 | bb00 0000 | 0000 0000 

  0x000001fd6e89e0bc: ;   {runtime_call}
  0x000001fd6e89e0bc: 00e9 fbff 

  0x000001fd6e89e0c0: ;   {static_stub}
  0x000001fd6e89e0c0: ffff 48bb | 0000 0000 | 0000 0000 

  0x000001fd6e89e0cc: ;   {runtime_call}
  0x000001fd6e89e0cc: e9fb ffff 

  0x000001fd6e89e0d0: ;   {static_stub}
  0x000001fd6e89e0d0: ff48 bb00 | 0000 0000 

  0x000001fd6e89e0d8: ;   {runtime_call}
  0x000001fd6e89e0d8: 0000 00e9 | fbff ffff 

  0x000001fd6e89e0e0: ;   {static_stub}
  0x000001fd6e89e0e0: 48bb 0000 | 0000 0000 

  0x000001fd6e89e0e8: ;   {runtime_call}
  0x000001fd6e89e0e8: 0000 e9fb 

  0x000001fd6e89e0ec: ;   {static_stub}
  0x000001fd6e89e0ec: ffff ff48 | bb00 0000 | 0000 0000 

  0x000001fd6e89e0f8: ;   {runtime_call}
  0x000001fd6e89e0f8: 00e9 fbff 

  0x000001fd6e89e0fc: ;   {static_stub}
  0x000001fd6e89e0fc: ffff 48bb | 0000 0000 | 0000 0000 

  0x000001fd6e89e108: ;   {runtime_call}
  0x000001fd6e89e108: e9fb ffff 

  0x000001fd6e89e10c: ;   {static_stub}
  0x000001fd6e89e10c: ff48 bb00 | 0000 0000 

  0x000001fd6e89e114: ;   {runtime_call}
  0x000001fd6e89e114: 0000 00e9 | fbff ffff 

  0x000001fd6e89e11c: ;   {static_stub}
  0x000001fd6e89e11c: 48bb 0000 | 0000 0000 

  0x000001fd6e89e124: ;   {runtime_call}
  0x000001fd6e89e124: 0000 e9fb 

  0x000001fd6e89e128: ;   {static_stub}
  0x000001fd6e89e128: ffff ff48 | bb00 0000 | 0000 0000 

  0x000001fd6e89e134: ;   {runtime_call}
  0x000001fd6e89e134: 00e9 fbff 

  0x000001fd6e89e138: ;   {static_stub}
  0x000001fd6e89e138: ffff 48bb | 0000 0000 | 0000 0000 

  0x000001fd6e89e144: ;   {runtime_call}
  0x000001fd6e89e144: e9fb ffff 

  0x000001fd6e89e148: ;   {static_stub}
  0x000001fd6e89e148: ff48 bb00 | 0000 0000 

  0x000001fd6e89e150: ;   {runtime_call}
  0x000001fd6e89e150: 0000 00e9 | fbff ffff 

  0x000001fd6e89e158: ;   {static_stub}
  0x000001fd6e89e158: 48bb 0000 | 0000 0000 

  0x000001fd6e89e160: ;   {runtime_call}
  0x000001fd6e89e160: 0000 e9fb 

  0x000001fd6e89e164: ;   {static_stub}
  0x000001fd6e89e164: ffff ff48 | bb00 0000 | 0000 0000 

  0x000001fd6e89e170: ;   {runtime_call}
  0x000001fd6e89e170: 00e9 fbff 

  0x000001fd6e89e174: ;   {static_stub}
  0x000001fd6e89e174: ffff 48bb | 0000 0000 | 0000 0000 

  0x000001fd6e89e180: ;   {runtime_call}
  0x000001fd6e89e180: e9fb ffff 

  0x000001fd6e89e184: ;   {static_stub}
  0x000001fd6e89e184: ff48 bb00 | 0000 0000 

  0x000001fd6e89e18c: ;   {runtime_call}
  0x000001fd6e89e18c: 0000 00e9 | fbff ffff 

  0x000001fd6e89e194: ;   {static_stub}
  0x000001fd6e89e194: 48bb 0000 | 0000 0000 

  0x000001fd6e89e19c: ;   {runtime_call}
  0x000001fd6e89e19c: 0000 e9fb 

  0x000001fd6e89e1a0: ;   {runtime_call ExceptionBlob}
  0x000001fd6e89e1a0: ffff ffe9 | d8e2 9cfc 
[Deopt Handler Code]
  0x000001fd6e89e1a8: e800 0000 | 0048 832c 

  0x000001fd6e89e1b0: ;   {runtime_call DeoptimizationBlob}
  0x000001fd6e89e1b0: 2405 e9e9 | 6790 fce8 | 0000 0000 | 4883 2c24 

  0x000001fd6e89e1c0: ;   {runtime_call DeoptimizationBlob}
  0x000001fd6e89e1c0: 05e9 da67 | 90fc f4f4 
[/MachCode]


---------------  P R O C E S S  ---------------

Threads class SMR info:
_java_thread_list=0x000001fd92ab8010, length=148, elements={
0x000001fd5952aa30, 0x000001fd78736130, 0x000001fd78739dc0, 0x000001fd7873da10,
0x000001fd7873ea30, 0x000001fd787401b0, 0x000001fd78743660, 0x000001fd78758ff0,
0x000001fd7875eda0, 0x000001fd7861c310, 0x000001fd78a2e6e0, 0x000001fd7f2352b0,
0x000001fd7dca9ab0, 0x000001fd7f52cd20, 0x000001fd7f4fdc50, 0x000001fd7f4fc8a0,
0x000001fd7f4fae60, 0x000001fd42166e50, 0x000001fd42167b70, 0x000001fd42168200,
0x000001fd44dc4680, 0x000001fd44dc1890, 0x000001fd44dc1f20, 0x000001fd43520a40,
0x000001fd55ddf410, 0x000001fd4278acf0, 0x000001fd4278ba10, 0x000001fd427892b0,
0x000001fd435203b0, 0x000001fd43523ec0, 0x000001fd43527340, 0x000001fd55de35b0,
0x000001fd928dcc50, 0x000001fd928d9e60, 0x000001fd928e00d0, 0x000001fd46a6ae10,
0x000001fd94d1bbc0, 0x000001fd94d1dc90, 0x000001fd94d1c8e0, 0x000001fd94d1e9b0,
0x000001fd94d1b530, 0x000001fd94d1d600, 0x000001fd94d1f6d0, 0x000001fd94d1f040,
0x000001fd94d1c250, 0x000001fd57950420, 0x000001fd55de4960, 0x000001fd57946010,
0x000001fd58bc4ef0, 0x000001fd9af129a0, 0x000001fd9af1cdb0, 0x000001fd7f4fa7d0,
0x000001fd46a6e920, 0x000001fd46a6efb0, 0x000001fd46a6f640, 0x000001fd46a6c1c0,
0x000001fd46a709f0, 0x000001fd46a72430, 0x000001fd46a6fcd0, 0x000001fd94645110,
0x000001fd946543e0, 0x000001fd46a7e280, 0x000001fd9af1c090, 0x000001fd9af1c720,
0x000001fd9af19930, 0x000001fd94d39440, 0x000001fd9464acf0, 0x000001fd46a858a0,
0x000001fd46a85f30, 0x000001fd9af29fb0, 0x000001fd9f15ac80, 0x000001fda7a4f160,
0x000001fda7a4fe80, 0x000001fd9af0fbb0, 0x000001fd9f4ebd20, 0x000001fd9fbe5aa0,
0x000001fda4e117e0, 0x000001fda5bb84d0, 0x000001fd46075920, 0x000001fda8bb3910,
0x000001fda4b25210, 0x000001fda92e6060, 0x000001fda801b5d0, 0x000001fda801af40,
0x000001fd9ad70050, 0x000001fda92e4cb0, 0x000001fda92e3f90, 0x000001fda92e5340,
0x000001fd94655e20, 0x000001fd94657860, 0x000001fd94654a70, 0x000001fd946592a0,
0x000001fd94658c10, 0x000001fd946564b0, 0x000001fd94659fc0, 0x000001fd94656b40,
0x000001fd9465a650, 0x000001fd9465c720, 0x000001fd9465cdb0, 0x000001fd9465d440,
0x000001fd9465dad0, 0x000001fd9465e160, 0x000001fd9465ba00, 0x000001fd9465ace0,
0x000001fd9465f510, 0x000001fd9465e7f0, 0x000001fd9465ee80, 0x000001fd9465fba0,
0x000001fda4a811c0, 0x000001fd9fbe74e0, 0x000001fd9fbe6130, 0x000001fd9fbe67c0,
0x000001fd9fbe6e50, 0x000001fda92e2be0, 0x000001fda92e3900, 0x000001fda92e3270,
0x000001fda92e4620, 0x000001fda92e59d0, 0x000001fda6760350, 0x000001fda675f630,
0x000001fdae3e3c90, 0x000001fd9fde8350, 0x000001fd9abd61a0, 0x000001fd945e5850,
0x000001fda4e0f710, 0x000001fd9ad6f9c0, 0x000001fdae3e3600, 0x000001fd9ad6df80,
0x000001fda4e11150, 0x000001fd945e6c00, 0x000001fd997c8380, 0x000001fda5bb77b0,
0x000001fda801e3c0, 0x000001fda4e0f080, 0x000001fda7a51230, 0x000001fda6761070,
0x000001fdae3e49b0, 0x000001fdae3e4320, 0x000001fda71f0240, 0x000001fda4fa9a30,
0x000001fda71ee170, 0x000001fd9fbbaf90, 0x000001fdae3e5040, 0x000001fd9fbb9be0,
0x000001fda4f64940, 0x000001fda801f0e0, 0x000001fda56dd670, 0x000001fda4f64fd0
}
_to_delete_list=0x000001fd4536aa30, length=149, elements={
0x000001fd5952aa30, 0x000001fd78736130, 0x000001fd78739dc0, 0x000001fd7873da10,
0x000001fd7873ea30, 0x000001fd787401b0, 0x000001fd78743660, 0x000001fd78758ff0,
0x000001fd7875eda0, 0x000001fd7861c310, 0x000001fd78a2e6e0, 0x000001fd7f2352b0,
0x000001fd7dca9ab0, 0x000001fd7f52cd20, 0x000001fd7f4fdc50, 0x000001fd7f4fc8a0,
0x000001fd7f4fae60, 0x000001fd42166e50, 0x000001fd42167b70, 0x000001fd42168200,
0x000001fd44dc4680, 0x000001fd44dc1890, 0x000001fd44dc1f20, 0x000001fd43520a40,
0x000001fd55ddf410, 0x000001fd4278acf0, 0x000001fd4278ba10, 0x000001fd427892b0,
0x000001fd435203b0, 0x000001fd43523ec0, 0x000001fd43527340, 0x000001fd55de35b0,
0x000001fd928dcc50, 0x000001fd928d9e60, 0x000001fd928e00d0, 0x000001fd46a6ae10,
0x000001fd94d1bbc0, 0x000001fd94d1dc90, 0x000001fd94d1c8e0, 0x000001fd94d1e9b0,
0x000001fd94d1b530, 0x000001fd94d1d600, 0x000001fd94d1f6d0, 0x000001fd94d1f040,
0x000001fd94d1c250, 0x000001fd57950420, 0x000001fd55de4960, 0x000001fd57946010,
0x000001fd58bc4ef0, 0x000001fd9af129a0, 0x000001fd9af1cdb0, 0x000001fd7f4fa7d0,
0x000001fd46a6e920, 0x000001fd46a6efb0, 0x000001fd46a6f640, 0x000001fd46a6c1c0,
0x000001fd46a709f0, 0x000001fd46a72430, 0x000001fd46a6fcd0, 0x000001fd94645110,
0x000001fd946543e0, 0x000001fd46a7e280, 0x000001fd9af1c090, 0x000001fd9af1c720,
0x000001fd9af19930, 0x000001fd94d39440, 0x000001fd9464acf0, 0x000001fd46a858a0,
0x000001fd46a85f30, 0x000001fd9af29fb0, 0x000001fd9f15ac80, 0x000001fda7a4f160,
0x000001fda7a4fe80, 0x000001fd9af0fbb0, 0x000001fd9f4ebd20, 0x000001fd9fbe5aa0,
0x000001fda4e117e0, 0x000001fda5bb84d0, 0x000001fd46075920, 0x000001fda8bb3910,
0x000001fda4b25210, 0x000001fda92e6060, 0x000001fda801b5d0, 0x000001fda801af40,
0x000001fd9ad70050, 0x000001fda92e4cb0, 0x000001fda92e3f90, 0x000001fda92e5340,
0x000001fd94655e20, 0x000001fd94657860, 0x000001fd94654a70, 0x000001fd946592a0,
0x000001fd94658c10, 0x000001fd946564b0, 0x000001fd94659fc0, 0x000001fd94656b40,
0x000001fd9465a650, 0x000001fd9465c720, 0x000001fd9465cdb0, 0x000001fd9465d440,
0x000001fd9465dad0, 0x000001fd9465e160, 0x000001fd9465ba00, 0x000001fd9465ace0,
0x000001fd9465f510, 0x000001fd9465e7f0, 0x000001fd9465ee80, 0x000001fd9465fba0,
0x000001fda4a811c0, 0x000001fd9fbe74e0, 0x000001fd9fbe6130, 0x000001fd9fbe67c0,
0x000001fd9fbe6e50, 0x000001fda92e2be0, 0x000001fda92e3900, 0x000001fda92e3270,
0x000001fda92e4620, 0x000001fda92e59d0, 0x000001fda6760350, 0x000001fda675f630,
0x000001fdae3e3c90, 0x000001fd9fde8350, 0x000001fd9abd61a0, 0x000001fd945e5850,
0x000001fda4e0f710, 0x000001fd9ad6f9c0, 0x000001fdae3e3600, 0x000001fd9ad6df80,
0x000001fda4e11150, 0x000001fd945e6c00, 0x000001fd997c8380, 0x000001fda5bb77b0,
0x000001fda801e3c0, 0x000001fda4e0f080, 0x000001fd9f15a5f0, 0x000001fda7a51230,
0x000001fda6761070, 0x000001fdae3e49b0, 0x000001fdae3e4320, 0x000001fda71f0240,
0x000001fda4fa9a30, 0x000001fda71ee170, 0x000001fd9fbbaf90, 0x000001fdae3e5040,
0x000001fd9fbb9be0, 0x000001fda4f64940, 0x000001fda801f0e0, 0x000001fda56dd670,
0x000001fda4f64fd0
}

Java Threads: ( => current thread )
  0x000001fd5952aa30 JavaThread "main"                              [_thread_blocked, id=18352, stack(0x0000005270000000,0x0000005270100000) (1024K)]
  0x000001fd78736130 JavaThread "Reference Handler"          daemon [_thread_blocked, id=26504, stack(0x0000005270800000,0x0000005270900000) (1024K)]
  0x000001fd78739dc0 JavaThread "Finalizer"                  daemon [_thread_blocked, id=27516, stack(0x0000005270900000,0x0000005270a00000) (1024K)]
  0x000001fd7873da10 JavaThread "Signal Dispatcher"          daemon [_thread_blocked, id=24660, stack(0x0000005270a00000,0x0000005270b00000) (1024K)]
  0x000001fd7873ea30 JavaThread "Attach Listener"            daemon [_thread_blocked, id=25432, stack(0x0000005270b00000,0x0000005270c00000) (1024K)]
  0x000001fd787401b0 JavaThread "Service Thread"             daemon [_thread_blocked, id=17324, stack(0x0000005270c00000,0x0000005270d00000) (1024K)]
  0x000001fd78743660 JavaThread "Monitor Deflation Thread"   daemon [_thread_blocked, id=20116, stack(0x0000005270d00000,0x0000005270e00000) (1024K)]
  0x000001fd78758ff0 JavaThread "C2 CompilerThread0"         daemon [_thread_in_native, id=18560, stack(0x0000005270e00000,0x0000005270f00000) (1024K)]
  0x000001fd7875eda0 JavaThread "C1 CompilerThread0"         daemon [_thread_blocked, id=4956, stack(0x0000005270f00000,0x0000005271000000) (1024K)]
  0x000001fd7861c310 JavaThread "Common-Cleaner"             daemon [_thread_blocked, id=28516, stack(0x0000005271000000,0x0000005271100000) (1024K)]
  0x000001fd78a2e6e0 JavaThread "Notification Thread"        daemon [_thread_blocked, id=27192, stack(0x0000005271100000,0x0000005271200000) (1024K)]
  0x000001fd7f2352b0 JavaThread "Daemon health stats"               [_thread_blocked, id=12456, stack(0x0000005271300000,0x0000005271400000) (1024K)]
  0x000001fd7dca9ab0 JavaThread "Incoming local TCP Connector on port 49165"        [_thread_in_native, id=27968, stack(0x0000005271d00000,0x0000005271e00000) (1024K)]
  0x000001fd7f52cd20 JavaThread "Daemon periodic checks"            [_thread_blocked, id=16536, stack(0x0000005271e00000,0x0000005271f00000) (1024K)]
  0x000001fd7f4fdc50 JavaThread "Cache worker for journal cache (C:\Users\Risky\.gradle\caches\journal-1)"        [_thread_blocked, id=26268, stack(0x0000005272600000,0x0000005272700000) (1024K)]
  0x000001fd7f4fc8a0 JavaThread "File lock request listener"        [_thread_in_native, id=5700, stack(0x0000005272700000,0x0000005272800000) (1024K)]
  0x000001fd7f4fae60 JavaThread "Cache worker for file hash cache (C:\Users\Risky\.gradle\caches\9.5.1\fileHashes)"        [_thread_blocked, id=12752, stack(0x0000005272800000,0x0000005272900000) (1024K)]
  0x000001fd42166e50 JavaThread "Cache worker for file content cache (C:\Users\Risky\.gradle\caches\9.5.1\fileContent)"        [_thread_blocked, id=22736, stack(0x0000005272f00000,0x0000005273000000) (1024K)]
  0x000001fd42167b70 JavaThread "File watcher server"        daemon [_thread_in_native, id=25624, stack(0x0000005273000000,0x0000005273100000) (1024K)]
  0x000001fd42168200 JavaThread "File watcher consumer"      daemon [_thread_blocked, id=14844, stack(0x0000005273100000,0x0000005273200000) (1024K)]
  0x000001fd44dc4680 JavaThread "DefaultDispatcher-worker-1" daemon [_thread_blocked, id=27552, stack(0x0000005273800000,0x0000005273900000) (1024K)]
  0x000001fd44dc1890 JavaThread "DefaultDispatcher-worker-2" daemon [_thread_blocked, id=20692, stack(0x0000005273900000,0x0000005273a00000) (1024K)]
  0x000001fd44dc1f20 JavaThread "DefaultDispatcher-worker-3" daemon [_thread_blocked, id=18412, stack(0x0000005273a00000,0x0000005273b00000) (1024K)]
  0x000001fd43520a40 JavaThread "Memory manager"                    [_thread_blocked, id=8180, stack(0x0000005274500000,0x0000005274600000) (1024K)]
  0x000001fd55ddf410 JavaThread "pool-3-thread-1"                   [_thread_blocked, id=13072, stack(0x0000005274700000,0x0000005274800000) (1024K)]
  0x000001fd4278acf0 JavaThread "DefaultDispatcher-worker-1" daemon [_thread_blocked, id=19852, stack(0x0000005273600000,0x0000005273700000) (1024K)]
  0x000001fd4278ba10 JavaThread "DefaultDispatcher-worker-2" daemon [_thread_blocked, id=1500, stack(0x0000005274400000,0x0000005274500000) (1024K)]
  0x000001fd427892b0 JavaThread "DefaultDispatcher-worker-3" daemon [_thread_blocked, id=28456, stack(0x0000005275700000,0x0000005275800000) (1024K)]
  0x000001fd435203b0 JavaThread "Periodic tasks thread"      daemon [_thread_blocked, id=25084, stack(0x0000005275a00000,0x0000005275b00000) (1024K)]
  0x000001fd43523ec0 JavaThread "ApplicationImpl pooled thread 1"        [_thread_blocked, id=14152, stack(0x0000005275b00000,0x0000005275c00000) (1024K)]
  0x000001fd43527340 JavaThread "Java2D Disposer"            daemon [_thread_blocked, id=15176, stack(0x0000005275d00000,0x0000005275e00000) (1024K)]
  0x000001fd55de35b0 JavaThread "AWT-Windows"                daemon [_thread_in_native, id=25712, stack(0x0000005275f00000,0x0000005276000000) (1024K)]
  0x000001fd928dcc50 JavaThread "RMI Scheduler(0)"           daemon [_thread_blocked, id=16852, stack(0x0000005275900000,0x0000005275a00000) (1024K)]
  0x000001fd928d9e60 JavaThread "RMI TCP Accept-0"           daemon [_thread_in_native, id=22868, stack(0x0000005276400000,0x0000005276500000) (1024K)]
  0x000001fd928e00d0 JavaThread "Cache worker for Java compile cache (C:\Users\Risky\.gradle\caches\9.5.1\javaCompile)"        [_thread_blocked, id=17668, stack(0x0000005276800000,0x0000005276900000) (1024K)]
  0x000001fd46a6ae10 JavaThread "pool-7-thread-1"                   [_thread_blocked, id=22200, stack(0x0000005274b00000,0x0000005274c00000) (1024K)]
  0x000001fd94d1bbc0 JavaThread "DefaultDispatcher-worker-1" daemon [_thread_blocked, id=21768, stack(0x0000005277e00000,0x0000005277f00000) (1024K)]
  0x000001fd94d1dc90 JavaThread "DefaultDispatcher-worker-2" daemon [_thread_blocked, id=23076, stack(0x0000005277f00000,0x0000005278000000) (1024K)]
  0x000001fd94d1c8e0 JavaThread "DefaultDispatcher-worker-3" daemon [_thread_blocked, id=20684, stack(0x0000005278000000,0x0000005278100000) (1024K)]
  0x000001fd94d1e9b0 JavaThread "DefaultDispatcher-worker-4" daemon [_thread_blocked, id=10748, stack(0x0000005278100000,0x0000005278200000) (1024K)]
  0x000001fd94d1b530 JavaThread "DefaultDispatcher-worker-5" daemon [_thread_blocked, id=28132, stack(0x0000005278200000,0x0000005278300000) (1024K)]
  0x000001fd94d1d600 JavaThread "DefaultDispatcher-worker-6" daemon [_thread_blocked, id=20648, stack(0x0000005278300000,0x0000005278400000) (1024K)]
  0x000001fd94d1f6d0 JavaThread "DefaultDispatcher-worker-7" daemon [_thread_blocked, id=21740, stack(0x0000005278400000,0x0000005278500000) (1024K)]
  0x000001fd94d1f040 JavaThread "DefaultDispatcher-worker-8" daemon [_thread_blocked, id=20764, stack(0x0000005278500000,0x0000005278600000) (1024K)]
  0x000001fd94d1c250 JavaThread "DefaultDispatcher-worker-9" daemon [_thread_blocked, id=26716, stack(0x0000005278600000,0x0000005278700000) (1024K)]
  0x000001fd57950420 JavaThread "Periodic tasks thread"      daemon [_thread_blocked, id=17108, stack(0x0000005278700000,0x0000005278800000) (1024K)]
  0x000001fd55de4960 JavaThread "ApplicationImpl pooled thread 1"        [_thread_blocked, id=17140, stack(0x0000005278800000,0x0000005278900000) (1024K)]
  0x000001fd57946010 JavaThread "ApplicationImpl pooled thread 2"        [_thread_blocked, id=18032, stack(0x000000526fd00000,0x000000526fe00000) (1024K)]
  0x000001fd58bc4ef0 JavaThread "pool-11-thread-1"                  [_thread_blocked, id=360, stack(0x0000005274c00000,0x0000005274d00000) (1024K)]
  0x000001fd9af129a0 JavaThread "pool-14-thread-1"                  [_thread_blocked, id=24684, stack(0x0000005274800000,0x0000005274900000) (1024K)]
  0x000001fd9af1cdb0 JavaThread "pool-17-thread-1"                  [_thread_blocked, id=15136, stack(0x0000005274a00000,0x0000005274b00000) (1024K)]
  0x000001fd7f4fa7d0 JavaThread "pool-20-thread-1"                  [_thread_blocked, id=6336, stack(0x0000005274d00000,0x0000005274e00000) (1024K)]
  0x000001fd46a6e920 JavaThread "DefaultDispatcher-worker-4" daemon [_thread_blocked, id=23412, stack(0x0000005276a00000,0x0000005276b00000) (1024K)]
  0x000001fd46a6efb0 JavaThread "DefaultDispatcher-worker-5" daemon [_thread_blocked, id=12660, stack(0x0000005276b00000,0x0000005276c00000) (1024K)]
  0x000001fd46a6f640 JavaThread "DefaultDispatcher-worker-6" daemon [_thread_blocked, id=24520, stack(0x0000005276c00000,0x0000005276d00000) (1024K)]
  0x000001fd46a6c1c0 JavaThread "DefaultDispatcher-worker-7" daemon [_thread_blocked, id=10232, stack(0x0000005276d00000,0x0000005276e00000) (1024K)]
  0x000001fd46a709f0 JavaThread "DefaultDispatcher-worker-8" daemon [_thread_blocked, id=19224, stack(0x0000005276e00000,0x0000005276f00000) (1024K)]
  0x000001fd46a72430 JavaThread "DefaultDispatcher-worker-9" daemon [_thread_blocked, id=27420, stack(0x0000005276f00000,0x0000005277000000) (1024K)]
  0x000001fd46a6fcd0 JavaThread "DefaultDispatcher-worker-10" daemon [_thread_blocked, id=17800, stack(0x0000005277000000,0x0000005277100000) (1024K)]
  0x000001fd94645110 JavaThread "pool-25-thread-1"                  [_thread_blocked, id=22928, stack(0x0000005274e00000,0x0000005274f00000) (1024K)]
  0x000001fd946543e0 JavaThread "pool-27-thread-1"                  [_thread_blocked, id=12420, stack(0x0000005275100000,0x0000005275200000) (1024K)]
  0x000001fd46a7e280 JavaThread "pool-30-thread-1"                  [_thread_blocked, id=4696, stack(0x0000005274900000,0x0000005274a00000) (1024K)]
  0x000001fd9af1c090 JavaThread "DefaultDispatcher-worker-10" daemon [_thread_blocked, id=5408, stack(0x0000005279300000,0x0000005279400000) (1024K)]
  0x000001fd9af1c720 JavaThread "DefaultDispatcher-worker-11" daemon [_thread_blocked, id=25180, stack(0x0000005279400000,0x0000005279500000) (1024K)]
  0x000001fd9af19930 JavaThread "DefaultDispatcher-worker-12" daemon [_thread_blocked, id=4344, stack(0x0000005279500000,0x0000005279600000) (1024K)]
  0x000001fd94d39440 JavaThread "pool-35-thread-1"                  [_thread_blocked, id=29400, stack(0x0000005274600000,0x0000005274700000) (1024K)]
  0x000001fd9464acf0 JavaThread "pool-38-thread-1"                  [_thread_blocked, id=5452, stack(0x0000005275000000,0x0000005275100000) (1024K)]
  0x000001fd46a858a0 JavaThread "ForkJoinPool.commonPool-worker-26" daemon [_thread_blocked, id=7632, stack(0x0000005277300000,0x0000005277400000) (1024K)]
  0x000001fd46a85f30 JavaThread "ForkJoinPool.commonPool-worker-25" daemon [_thread_blocked, id=26912, stack(0x0000005277400000,0x0000005277500000) (1024K)]
  0x000001fd9af29fb0 JavaThread "RMI GC Daemon"              daemon [_thread_blocked, id=13064, stack(0x0000005277800000,0x0000005277900000) (1024K)]
  0x000001fd9f15ac80 JavaThread "RMI Reaper"                        [_thread_blocked, id=3124, stack(0x0000005277900000,0x0000005277a00000) (1024K)]
  0x000001fda7a4f160 JavaThread "ForkJoinPool.commonPool-worker-27" daemon [_thread_blocked, id=28736, stack(0x0000005278f00000,0x0000005279000000) (1024K)]
  0x000001fda7a4fe80 JavaThread "ForkJoinPool.commonPool-worker-30" daemon [_thread_blocked, id=10152, stack(0x0000005279200000,0x0000005279300000) (1024K)]
  0x000001fd9af0fbb0 JavaThread "ForkJoinPool.commonPool-worker-31" daemon [_thread_blocked, id=29612, stack(0x0000005279600000,0x0000005279700000) (1024K)]
  0x000001fd9f4ebd20 JavaThread "ForkJoinPool.commonPool-worker-33" daemon [_thread_blocked, id=7376, stack(0x0000005279800000,0x0000005279900000) (1024K)]
  0x000001fd9fbe5aa0 JavaThread "pool-43-thread-1"                  [_thread_blocked, id=19252, stack(0x0000005274f00000,0x0000005275000000) (1024K)]
  0x000001fda4e117e0 JavaThread "pool-45-thread-1"                  [_thread_blocked, id=10884, stack(0x0000005275500000,0x0000005275600000) (1024K)]
  0x000001fda5bb84d0 JavaThread "Daemon Thread 6"                   [_thread_blocked, id=20824, stack(0x000000526fe00000,0x000000526ff00000) (1024K)]
  0x000001fd46075920 JavaThread "Daemon worker Thread 6"            [_thread_blocked, id=2108, stack(0x0000005272400000,0x0000005272500000) (1024K)]
  0x000001fda8bb3910 JavaThread "pool-48-thread-1"                  [_thread_blocked, id=12732, stack(0x0000005275c00000,0x0000005275d00000) (1024K)]
  0x000001fda4b25210 JavaThread "VFS cleanup Thread 6"              [_thread_blocked, id=2744, stack(0x0000005272500000,0x0000005272600000) (1024K)]
  0x000001fda92e6060 JavaThread "pool-51-thread-1"                  [_thread_blocked, id=29520, stack(0x0000005276000000,0x0000005276100000) (1024K)]
  0x000001fda801b5d0 JavaThread "Handler for socket connection from /127.0.0.1:49165 to /127.0.0.1:57644"        [_thread_in_native, id=20796, stack(0x000000526ff00000,0x0000005270000000) (1024K)]
  0x000001fda801af40 JavaThread "Cancel handler"                    [_thread_blocked, id=18060, stack(0x0000005271f00000,0x0000005272000000) (1024K)]
  0x000001fd9ad70050 JavaThread "Asynchronous log dispatcher for DefaultDaemonConnection: socket connection from /127.0.0.1:49165 to /127.0.0.1:57644"        [_thread_blocked, id=6440, stack(0x0000005272000000,0x0000005272100000) (1024K)]
  0x000001fda92e4cb0 JavaThread "Stdin handler"                     [_thread_blocked, id=29092, stack(0x0000005272100000,0x0000005272200000) (1024K)]
  0x000001fda92e3f90 JavaThread "Daemon client event forwarder"        [_thread_blocked, id=29044, stack(0x0000005272200000,0x0000005272300000) (1024K)]
  0x000001fda92e5340 JavaThread "Cache worker for file hash cache (C:\Dev\workspaces\ClientDueDateTracker\.gradle\9.5.1\fileHashes)"        [_thread_blocked, id=17116, stack(0x0000005272b00000,0x0000005272c00000) (1024K)]
  0x000001fd94655e20 JavaThread "Cache worker for checksums cache (C:\Dev\workspaces\ClientDueDateTracker\.gradle\9.5.1\checksums)"        [_thread_blocked, id=26168, stack(0x0000005272c00000,0x0000005272d00000) (1024K)]
  0x000001fd94657860 JavaThread "Cache worker for Build Output Cleanup Cache (C:\Dev\workspaces\ClientDueDateTracker\.gradle\buildOutputCleanup)"        [_thread_blocked, id=19764, stack(0x0000005272d00000,0x0000005272e00000) (1024K)]
  0x000001fd94654a70 JavaThread "Cache worker for cache directory md-supplier (C:\Users\Risky\.gradle\caches\9.5.1\md-supplier)"        [_thread_blocked, id=11112, stack(0x0000005273200000,0x0000005273300000) (1024K)]
  0x000001fd946592a0 JavaThread "Cache worker for cache directory md-rule (C:\Users\Risky\.gradle\caches\9.5.1\md-rule)"        [_thread_blocked, id=15448, stack(0x0000005273300000,0x0000005273400000) (1024K)]
  0x000001fd94658c10 JavaThread "Build operations"                  [_thread_blocked, id=11236, stack(0x0000005273400000,0x0000005273500000) (1024K)]
  0x000001fd946564b0 JavaThread "Build operations Thread 2"         [_thread_blocked, id=10412, stack(0x0000005273500000,0x0000005273600000) (1024K)]
  0x000001fd94659fc0 JavaThread "Configuration cache report writer"        [_thread_blocked, id=16276, stack(0x0000005273700000,0x0000005273800000) (1024K)]
  0x000001fd94656b40 JavaThread "Build operations Thread 3"         [_thread_blocked, id=18460, stack(0x0000005273c00000,0x0000005273d00000) (1024K)]
  0x000001fd9465a650 JavaThread "Build operations Thread 4"         [_thread_blocked, id=23996, stack(0x0000005273d00000,0x0000005273e00000) (1024K)]
  0x000001fd9465c720 JavaThread "Build operations Thread 5"         [_thread_blocked, id=11652, stack(0x0000005273e00000,0x0000005273f00000) (1024K)]
  0x000001fd9465cdb0 JavaThread "Build operations Thread 6"         [_thread_blocked, id=19860, stack(0x0000005273f00000,0x0000005274000000) (1024K)]
  0x000001fd9465d440 JavaThread "Build operations Thread 7"         [_thread_blocked, id=14712, stack(0x0000005274000000,0x0000005274100000) (1024K)]
  0x000001fd9465dad0 JavaThread "Build operations Thread 8"         [_thread_blocked, id=8784, stack(0x0000005274100000,0x0000005274200000) (1024K)]
  0x000001fd9465e160 JavaThread "Build operations Thread 9"         [_thread_blocked, id=29300, stack(0x0000005274200000,0x0000005274300000) (1024K)]
  0x000001fd9465ba00 JavaThread "Build operations Thread 10"        [_thread_blocked, id=12204, stack(0x0000005274300000,0x0000005274400000) (1024K)]
  0x000001fd9465ace0 JavaThread "Build operations Thread 11"        [_thread_blocked, id=5668, stack(0x0000005275200000,0x0000005275300000) (1024K)]
  0x000001fd9465f510 JavaThread "Build operations Thread 12"        [_thread_blocked, id=6428, stack(0x0000005275300000,0x0000005275400000) (1024K)]
  0x000001fd9465e7f0 JavaThread "build event listener"              [_thread_blocked, id=24496, stack(0x0000005275400000,0x0000005275500000) (1024K)]
  0x000001fd9465ee80 JavaThread "pool-54-thread-1"                  [_thread_blocked, id=4608, stack(0x0000005275600000,0x0000005275700000) (1024K)]
  0x000001fd9465fba0 JavaThread "build event listener"              [_thread_blocked, id=14768, stack(0x0000005275800000,0x0000005275900000) (1024K)]
  0x000001fda4a811c0 JavaThread "included builds"                   [_thread_blocked, id=2844, stack(0x0000005275e00000,0x0000005275f00000) (1024K)]
  0x000001fd9fbe74e0 JavaThread "Execution worker"                  [_thread_blocked, id=4860, stack(0x0000005276100000,0x0000005276200000) (1024K)]
  0x000001fd9fbe6130 JavaThread "Execution worker Thread 2"         [_thread_blocked, id=7152, stack(0x0000005276200000,0x0000005276300000) (1024K)]
  0x000001fd9fbe67c0 JavaThread "Execution worker Thread 3"         [_thread_blocked, id=13324, stack(0x0000005276300000,0x0000005276400000) (1024K)]
  0x000001fd9fbe6e50 JavaThread "Execution worker Thread 4"         [_thread_blocked, id=17772, stack(0x0000005276500000,0x0000005276600000) (1024K)]
  0x000001fda92e2be0 JavaThread "Execution worker Thread 5"         [_thread_blocked, id=26964, stack(0x0000005276600000,0x0000005276700000) (1024K)]
  0x000001fda92e3900 JavaThread "Execution worker Thread 6"         [_thread_blocked, id=16568, stack(0x0000005276700000,0x0000005276800000) (1024K)]
  0x000001fda92e3270 JavaThread "Execution worker Thread 7"         [_thread_blocked, id=9772, stack(0x0000005276900000,0x0000005276a00000) (1024K)]
  0x000001fda92e4620 JavaThread "Execution worker Thread 8"         [_thread_blocked, id=13268, stack(0x0000005277100000,0x0000005277200000) (1024K)]
  0x000001fda92e59d0 JavaThread "Execution worker Thread 9"         [_thread_blocked, id=10752, stack(0x0000005277200000,0x0000005277300000) (1024K)]
=>0x000001fda6760350 JavaThread "Execution worker Thread 10"        [_thread_in_vm, id=7436, stack(0x0000005277500000,0x0000005277600000) (1024K)]
  0x000001fda675f630 JavaThread "Execution worker Thread 11"        [_thread_blocked, id=22604, stack(0x0000005277600000,0x0000005277700000) (1024K)]
  0x000001fdae3e3c90 JavaThread "Cache worker for execution history cache (C:\Dev\workspaces\ClientDueDateTracker\.gradle\9.5.1\executionHistory)"        [_thread_blocked, id=26792, stack(0x0000005277700000,0x0000005277800000) (1024K)]
  0x000001fd9fde8350 JavaThread "C2 CompilerThread1"         daemon [_thread_in_native, id=23216, stack(0x0000005272300000,0x0000005272400000) (1024K)]
  0x000001fd9abd61a0 JavaThread "C2 CompilerThread2"         daemon [_thread_in_native, id=14936, stack(0x0000005272e00000,0x0000005272f00000) (1024K)]
  0x000001fd945e5850 JavaThread "WorkerExecutor Queue"              [_thread_blocked, id=10872, stack(0x0000005273b00000,0x0000005273c00000) (1024K)]
  0x000001fda4e0f710 JavaThread "WorkerExecutor Queue Thread 2"        [_thread_blocked, id=23824, stack(0x0000005277a00000,0x0000005277b00000) (1024K)]
  0x000001fd9ad6f9c0 JavaThread "WorkerExecutor Queue Thread 3"        [_thread_blocked, id=15928, stack(0x0000005277b00000,0x0000005277c00000) (1024K)]
  0x000001fdae3e3600 JavaThread "WorkerExecutor Queue Thread 4"        [_thread_blocked, id=19248, stack(0x0000005277c00000,0x0000005277d00000) (1024K)]
  0x000001fd9ad6df80 JavaThread "WorkerExecutor Queue Thread 5"        [_thread_blocked, id=15896, stack(0x0000005277d00000,0x0000005277e00000) (1024K)]
  0x000001fda4e11150 JavaThread "WorkerExecutor Queue Thread 6"        [_thread_blocked, id=29264, stack(0x0000005279c00000,0x0000005279d00000) (1024K)]
  0x000001fd945e6c00 JavaThread "WorkerExecutor Queue Thread 7"        [_thread_blocked, id=13236, stack(0x0000005279d00000,0x0000005279e00000) (1024K)]
  0x000001fd997c8380 JavaThread "WorkerExecutor Queue Thread 8"        [_thread_blocked, id=3376, stack(0x0000005279e00000,0x0000005279f00000) (1024K)]
  0x000001fda5bb77b0 JavaThread "WorkerExecutor Queue Thread 9"        [_thread_blocked, id=6776, stack(0x0000005279f00000,0x000000527a000000) (1024K)]
  0x000001fda801e3c0 JavaThread "WorkerExecutor Queue Thread 10"        [_thread_blocked, id=28800, stack(0x000000527a000000,0x000000527a100000) (1024K)]
  0x000001fda4e0f080 JavaThread "WorkerExecutor Queue Thread 11"        [_thread_blocked, id=2184, stack(0x000000527a100000,0x000000527a200000) (1024K)]
  0x000001fda7a51230 JavaThread "WorkerExecutor Queue Thread 13"        [_thread_blocked, id=25664, stack(0x000000527a300000,0x000000527a400000) (1024K)]
  0x000001fda6761070 JavaThread "WorkerExecutor Queue Thread 14"        [_thread_blocked, id=24804, stack(0x000000527a400000,0x000000527a500000) (1024K)]
  0x000001fdae3e49b0 JavaThread "ForkJoinPool-5-worker-1"    daemon [_thread_blocked, id=16636, stack(0x0000005278900000,0x0000005278a00000) (1024K)]
  0x000001fdae3e4320 JavaThread "ForkJoinPool-5-worker-2"    daemon [_thread_blocked, id=29168, stack(0x0000005278a00000,0x0000005278b00000) (1024K)]
  0x000001fda71f0240 JavaThread "ForkJoinPool-5-worker-3"    daemon [_thread_blocked, id=22148, stack(0x0000005278b00000,0x0000005278c00000) (1024K)]
  0x000001fda4fa9a30 JavaThread "ForkJoinPool-5-worker-4"    daemon [_thread_blocked, id=18992, stack(0x0000005278c00000,0x0000005278d00000) (1024K)]
  0x000001fda71ee170 JavaThread "ForkJoinPool-5-worker-5"    daemon [_thread_blocked, id=12520, stack(0x0000005278d00000,0x0000005278e00000) (1024K)]
  0x000001fd9fbbaf90 JavaThread "ForkJoinPool-5-worker-7"    daemon [_thread_blocked, id=21272, stack(0x0000005278e00000,0x0000005278f00000) (1024K)]
  0x000001fdae3e5040 JavaThread "ForkJoinPool-5-worker-6"    daemon [_thread_blocked, id=2248, stack(0x0000005279000000,0x0000005279100000) (1024K)]
  0x000001fd9fbb9be0 JavaThread "ForkJoinPool-5-worker-8"    daemon [_thread_blocked, id=29568, stack(0x0000005279100000,0x0000005279200000) (1024K)]
  0x000001fda4f64940 JavaThread "ForkJoinPool-5-worker-9"    daemon [_thread_blocked, id=11552, stack(0x0000005279700000,0x0000005279800000) (1024K)]
  0x000001fda801f0e0 JavaThread "ForkJoinPool-5-worker-10"   daemon [_thread_blocked, id=15536, stack(0x0000005279900000,0x0000005279a00000) (1024K)]
  0x000001fda56dd670 JavaThread "ForkJoinPool-5-worker-11"   daemon [_thread_blocked, id=17216, stack(0x0000005279a00000,0x0000005279b00000) (1024K)]
  0x000001fda4f64fd0 JavaThread "ForkJoinPool-5-worker-12"   daemon [_thread_blocked, id=23496, stack(0x0000005279b00000,0x0000005279c00000) (1024K)]
Total: 148

Other Threads:
  0x000001fd78712810 VMThread "VM Thread"                           [id=27108, stack(0x0000005270700000,0x0000005270800000) (1024K)] _threads_hazard_ptr=0x000001fd4536aa30
  0x000001fd7870ca00 WatcherThread "VM Periodic Task Thread"        [id=16168, stack(0x0000005270600000,0x0000005270700000) (1024K)]
  0x000001fd5b828bf0 WorkerThread "GC Thread#0"                     [id=10460, stack(0x0000005270100000,0x0000005270200000) (1024K)]
  0x000001fd7d669880 WorkerThread "GC Thread#1"                     [id=20808, stack(0x0000005271400000,0x0000005271500000) (1024K)]
  0x000001fd7dd32440 WorkerThread "GC Thread#2"                     [id=20404, stack(0x0000005271500000,0x0000005271600000) (1024K)]
  0x000001fd7dd327e0 WorkerThread "GC Thread#3"                     [id=21780, stack(0x0000005271600000,0x0000005271700000) (1024K)]
  0x000001fd7dd32b80 WorkerThread "GC Thread#4"                     [id=10200, stack(0x0000005271700000,0x0000005271800000) (1024K)]
  0x000001fd7dd55f20 WorkerThread "GC Thread#5"                     [id=23848, stack(0x0000005271800000,0x0000005271900000) (1024K)]
  0x000001fd7dd562c0 WorkerThread "GC Thread#6"                     [id=24228, stack(0x0000005271900000,0x0000005271a00000) (1024K)]
  0x000001fd7dd56a30 WorkerThread "GC Thread#7"                     [id=18000, stack(0x0000005271a00000,0x0000005271b00000) (1024K)]
  0x000001fd7dd56dd0 WorkerThread "GC Thread#8"                     [id=23304, stack(0x0000005271b00000,0x0000005271c00000) (1024K)]
  0x000001fd7dd57170 WorkerThread "GC Thread#9"                     [id=22508, stack(0x0000005271c00000,0x0000005271d00000) (1024K)]
  0x000001fd5b83a960 ConcurrentGCThread "G1 Main Marker"            [id=3280, stack(0x0000005270200000,0x0000005270300000) (1024K)]
  0x000001fd5b83bb10 WorkerThread "G1 Conc#0"                       [id=21248, stack(0x0000005270300000,0x0000005270400000) (1024K)]
  0x000001fd7e30e430 WorkerThread "G1 Conc#1"                       [id=18036, stack(0x0000005272900000,0x0000005272a00000) (1024K)]
  0x000001fd7e30e7d0 WorkerThread "G1 Conc#2"                       [id=6512, stack(0x0000005272a00000,0x0000005272b00000) (1024K)]
  0x000001fd785cd040 ConcurrentGCThread "G1 Refine#0"               [id=20268, stack(0x0000005270400000,0x0000005270500000) (1024K)]
  0x000001fd785cdac0 ConcurrentGCThread "G1 Service"                [id=19280, stack(0x0000005270500000,0x0000005270600000) (1024K)]
Total: 18

Threads with active compile tasks:
C2 CompilerThread0  4870417 204446       4       com.android.tools.r8.internal.e71::c (138 bytes)
C2 CompilerThread1  4870417 204780       4       com.android.tools.r8.internal.ni2::a (202 bytes)
C2 CompilerThread2  4870417 204965       4       com.android.tools.r8.internal.h13::a (144 bytes)
Total: 3

VM state: not at safepoint (normal execution)

VM Mutex/Monitor currently owned by a thread: None

Heap address: 0x0000000080000000, size: 2048 MB, Compressed Oops mode: 32-bit

CDS archive(s) mapped at: [0x000001fd00000000-0x000001fd00c90000-0x000001fd00c90000), size 13172736, SharedBaseAddress: 0x000001fd00000000, ArchiveRelocationMode: 1.
Compressed class space mapped at: 0x000001fd01000000-0x000001fd41000000, reserved size: 1073741824
Narrow klass base: 0x000001fd00000000, Narrow klass shift: 0, Narrow klass range: 0x100000000

GC Precious Log:
 CardTable entry size: 512
 Card Set container configuration: InlinePtr #cards 5 size 8 Array Of Cards #cards 12 size 40 Howl #buckets 4 coarsen threshold 1843 Howl Bitmap #cards 512 size 80 coarsen threshold 460 Card regions per heap region 1 cards per card region 2048
 CPUs: 12 total, 12 available
 Memory: 32676M
 Large Page Support: Disabled
 NUMA Support: Disabled
 Compressed Oops: Enabled (32-bit)
 Heap Region Size: 1M
 Heap Min Capacity: 8M
 Heap Initial Capacity: 512M
 Heap Max Capacity: 2G
 Pre-touch: Disabled
 Parallel Workers: 10
 Concurrent Workers: 3
 Concurrent Refinement Workers: 10
 Periodic GC: Disabled

Heap:
 garbage-first heap   total 1806336K, used 1224361K [0x0000000080000000, 0x0000000100000000)
  region size 1024K, 347 young (355328K), 86 survivors (88064K)
 Metaspace       used 489040K, committed 500544K, reserved 1572864K
  class space    used 59604K, committed 62464K, reserved 1048576K

Heap Regions: E=young(eden), S=young(survivor), O=old, HS=humongous(starts), HC=humongous(continues), CS=collection set, F=free, TAMS=top-at-mark-start, PB=parsable bottom
|   0|0x0000000080000000, 0x0000000080100000, 0x0000000080100000|100%|HS|  |TAMS 0x0000000080000000| PB 0x0000000080000000| Complete 
|   1|0x0000000080100000, 0x0000000080200000, 0x0000000080200000|100%|HC|  |TAMS 0x0000000080100000| PB 0x0000000080100000| Complete 
|   2|0x0000000080200000, 0x0000000080300000, 0x0000000080300000|100%|HC|  |TAMS 0x0000000080200000| PB 0x0000000080200000| Complete 
|   3|0x0000000080300000, 0x0000000080400000, 0x0000000080400000|100%|HC|  |TAMS 0x0000000080300000| PB 0x0000000080300000| Complete 
|   4|0x0000000080400000, 0x0000000080500000, 0x0000000080500000|100%| O|  |TAMS 0x0000000080400000| PB 0x0000000080400000| Untracked 
|   5|0x0000000080500000, 0x00000000805fffa0, 0x0000000080600000| 99%| O|  |TAMS 0x0000000080500000| PB 0x0000000080500000| Untracked 
|   6|0x0000000080600000, 0x00000000806fffa0, 0x0000000080700000| 99%| O|  |TAMS 0x0000000080600000| PB 0x0000000080600000| Untracked 
|   7|0x0000000080700000, 0x00000000807fffe0, 0x0000000080800000| 99%| O|  |TAMS 0x0000000080700000| PB 0x0000000080700000| Untracked 
|   8|0x0000000080800000, 0x0000000080900000, 0x0000000080900000|100%|HS|  |TAMS 0x0000000080800000| PB 0x0000000080800000| Complete 
|   9|0x0000000080900000, 0x0000000080a00000, 0x0000000080a00000|100%| O|  |TAMS 0x0000000080900000| PB 0x0000000080900000| Untracked 
|  10|0x0000000080a00000, 0x0000000080afffc8, 0x0000000080b00000| 99%| O|  |TAMS 0x0000000080a00000| PB 0x0000000080a00000| Untracked 
|  11|0x0000000080b00000, 0x0000000080c00000, 0x0000000080c00000|100%| O|  |TAMS 0x0000000080b00000| PB 0x0000000080b00000| Untracked 
|  12|0x0000000080c00000, 0x0000000080cffff0, 0x0000000080d00000| 99%| O|  |TAMS 0x0000000080c00000| PB 0x0000000080c00000| Untracked 
|  13|0x0000000080d00000, 0x0000000080e00000, 0x0000000080e00000|100%| O|  |TAMS 0x0000000080d00000| PB 0x0000000080d00000| Untracked 
|  14|0x0000000080e00000, 0x0000000080f00000, 0x0000000080f00000|100%| O|  |TAMS 0x0000000080e00000| PB 0x0000000080e00000| Untracked 
|  15|0x0000000080f00000, 0x0000000080ffffa0, 0x0000000081000000| 99%| O|  |TAMS 0x0000000080f00000| PB 0x0000000080f00000| Untracked 
|  16|0x0000000081000000, 0x00000000810fffe0, 0x0000000081100000| 99%| O|  |TAMS 0x0000000081000000| PB 0x0000000081000000| Untracked 
|  17|0x0000000081100000, 0x00000000811fffd8, 0x0000000081200000| 99%| O|  |TAMS 0x0000000081100000| PB 0x0000000081100000| Untracked 
|  18|0x0000000081200000, 0x00000000812fffe8, 0x0000000081300000| 99%| O|  |TAMS 0x0000000081200000| PB 0x0000000081200000| Untracked 
|  19|0x0000000081300000, 0x00000000813ff9d8, 0x0000000081400000| 99%| O|  |TAMS 0x0000000081300000| PB 0x0000000081300000| Untracked 
|  20|0x0000000081400000, 0x00000000814ffff8, 0x0000000081500000| 99%| O|  |TAMS 0x0000000081400000| PB 0x0000000081400000| Untracked 
|  21|0x0000000081500000, 0x00000000815ffff8, 0x0000000081600000| 99%| O|  |TAMS 0x0000000081500000| PB 0x0000000081500000| Untracked 
|  22|0x0000000081600000, 0x0000000081700000, 0x0000000081700000|100%| O|  |TAMS 0x0000000081600000| PB 0x0000000081600000| Untracked 
|  23|0x0000000081700000, 0x0000000081800000, 0x0000000081800000|100%| O|  |TAMS 0x0000000081700000| PB 0x0000000081700000| Untracked 
|  24|0x0000000081800000, 0x0000000081900000, 0x0000000081900000|100%| O|  |TAMS 0x0000000081800000| PB 0x0000000081800000| Untracked 
|  25|0x0000000081900000, 0x00000000819fffe0, 0x0000000081a00000| 99%| O|  |TAMS 0x0000000081900000| PB 0x0000000081900000| Untracked 
|  26|0x0000000081a00000, 0x0000000081affff8, 0x0000000081b00000| 99%| O|  |TAMS 0x0000000081a00000| PB 0x0000000081a00000| Untracked 
|  27|0x0000000081b00000, 0x0000000081bfffd0, 0x0000000081c00000| 99%| O|  |TAMS 0x0000000081b00000| PB 0x0000000081b00000| Untracked 
|  28|0x0000000081c00000, 0x0000000081cfffb0, 0x0000000081d00000| 99%| O|  |TAMS 0x0000000081c00000| PB 0x0000000081c00000| Untracked 
|  29|0x0000000081d00000, 0x0000000081dfffe8, 0x0000000081e00000| 99%| O|  |TAMS 0x0000000081d00000| PB 0x0000000081d00000| Untracked 
|  30|0x0000000081e00000, 0x0000000081effff8, 0x0000000081f00000| 99%| O|  |TAMS 0x0000000081e00000| PB 0x0000000081e00000| Untracked 
|  31|0x0000000081f00000, 0x0000000081ffffe0, 0x0000000082000000| 99%| O|  |TAMS 0x0000000081f00000| PB 0x0000000081f00000| Untracked 
|  32|0x0000000082000000, 0x00000000820ffff8, 0x0000000082100000| 99%| O|  |TAMS 0x0000000082000000| PB 0x0000000082000000| Untracked 
|  33|0x0000000082100000, 0x00000000821ffe40, 0x0000000082200000| 99%| O|  |TAMS 0x0000000082100000| PB 0x0000000082100000| Untracked 
|  34|0x0000000082200000, 0x00000000822de7a0, 0x0000000082300000| 86%| O|  |TAMS 0x0000000082200000| PB 0x0000000082200000| Untracked 
|  35|0x0000000082300000, 0x000000008238d808, 0x0000000082400000| 55%| O|  |TAMS 0x0000000082300000| PB 0x0000000082300000| Untracked 
|  36|0x0000000082400000, 0x00000000824ffd18, 0x0000000082500000| 99%| O|  |TAMS 0x0000000082400000| PB 0x0000000082400000| Untracked 
|  37|0x0000000082500000, 0x0000000082600000, 0x0000000082600000|100%| O|  |TAMS 0x0000000082500000| PB 0x0000000082500000| Untracked 
|  38|0x0000000082600000, 0x00000000826fffe8, 0x0000000082700000| 99%| O|  |TAMS 0x0000000082600000| PB 0x0000000082600000| Untracked 
|  39|0x0000000082700000, 0x00000000827ffff0, 0x0000000082800000| 99%| O|  |TAMS 0x0000000082700000| PB 0x0000000082700000| Untracked 
|  40|0x0000000082800000, 0x00000000828ffff8, 0x0000000082900000| 99%| O|  |TAMS 0x0000000082800000| PB 0x0000000082800000| Untracked 
|  41|0x0000000082900000, 0x0000000082a00000, 0x0000000082a00000|100%| O|  |TAMS 0x0000000082900000| PB 0x0000000082900000| Untracked 
|  42|0x0000000082a00000, 0x0000000082af8668, 0x0000000082b00000| 97%| O|  |TAMS 0x0000000082a00000| PB 0x0000000082a00000| Untracked 
|  43|0x0000000082b00000, 0x0000000082bf20d8, 0x0000000082c00000| 94%| O|  |TAMS 0x0000000082b00000| PB 0x0000000082b00000| Untracked 
|  44|0x0000000082c00000, 0x0000000082d00000, 0x0000000082d00000|100%| O|  |TAMS 0x0000000082c00000| PB 0x0000000082c00000| Untracked 
|  45|0x0000000082d00000, 0x0000000082e00000, 0x0000000082e00000|100%| O|  |TAMS 0x0000000082d00000| PB 0x0000000082d00000| Untracked 
|  46|0x0000000082e00000, 0x0000000082efffe8, 0x0000000082f00000| 99%| O|  |TAMS 0x0000000082e00000| PB 0x0000000082e00000| Untracked 
|  47|0x0000000082f00000, 0x0000000082ffffb8, 0x0000000083000000| 99%| O|  |TAMS 0x0000000082f00000| PB 0x0000000082f00000| Untracked 
|  48|0x0000000083000000, 0x0000000083100000, 0x0000000083100000|100%|HS|  |TAMS 0x0000000083000000| PB 0x0000000083000000| Complete 
|  49|0x0000000083100000, 0x0000000083200000, 0x0000000083200000|100%| O|  |TAMS 0x0000000083100000| PB 0x0000000083100000| Untracked 
|  50|0x0000000083200000, 0x00000000832fffd8, 0x0000000083300000| 99%| O|  |TAMS 0x0000000083200000| PB 0x0000000083200000| Untracked 
|  51|0x0000000083300000, 0x00000000833ffff8, 0x0000000083400000| 99%| O|  |TAMS 0x0000000083300000| PB 0x0000000083300000| Untracked 
|  52|0x0000000083400000, 0x00000000834fffe0, 0x0000000083500000| 99%| O|  |TAMS 0x0000000083400000| PB 0x0000000083400000| Untracked 
|  53|0x0000000083500000, 0x0000000083600000, 0x0000000083600000|100%| O|  |TAMS 0x0000000083500000| PB 0x0000000083500000| Untracked 
|  54|0x0000000083600000, 0x00000000836fffe0, 0x0000000083700000| 99%| O|  |TAMS 0x0000000083600000| PB 0x0000000083600000| Untracked 
|  55|0x0000000083700000, 0x00000000837fffd0, 0x0000000083800000| 99%| O|  |TAMS 0x0000000083700000| PB 0x0000000083700000| Untracked 
|  56|0x0000000083800000, 0x00000000838ffff8, 0x0000000083900000| 99%| O|  |TAMS 0x0000000083800000| PB 0x0000000083800000| Untracked 
|  57|0x0000000083900000, 0x0000000083a00000, 0x0000000083a00000|100%| O|  |TAMS 0x0000000083900000| PB 0x0000000083900000| Untracked 
|  58|0x0000000083a00000, 0x0000000083b00000, 0x0000000083b00000|100%|HS|  |TAMS 0x0000000083a00000| PB 0x0000000083a00000| Complete 
|  59|0x0000000083b00000, 0x0000000083bfffb0, 0x0000000083c00000| 99%| O|  |TAMS 0x0000000083b00000| PB 0x0000000083b00000| Untracked 
|  60|0x0000000083c00000, 0x0000000083ceb250, 0x0000000083d00000| 91%| O|  |TAMS 0x0000000083c00000| PB 0x0000000083c00000| Untracked 
|  61|0x0000000083d00000, 0x0000000083dffff0, 0x0000000083e00000| 99%| O|  |TAMS 0x0000000083d00000| PB 0x0000000083d00000| Untracked 
|  62|0x0000000083e00000, 0x0000000083f00000, 0x0000000083f00000|100%|HS|  |TAMS 0x0000000083e00000| PB 0x0000000083e00000| Complete 
|  63|0x0000000083f00000, 0x0000000083ffffb0, 0x0000000084000000| 99%| O|  |TAMS 0x0000000083f00000| PB 0x0000000083f00000| Untracked 
|  64|0x0000000084000000, 0x00000000840f8a78, 0x0000000084100000| 97%| O|  |TAMS 0x0000000084000000| PB 0x0000000084000000| Untracked 
|  65|0x0000000084100000, 0x00000000841ffff8, 0x0000000084200000| 99%| O|  |TAMS 0x0000000084100000| PB 0x0000000084100000| Untracked 
|  66|0x0000000084200000, 0x0000000084300000, 0x0000000084300000|100%| O|  |TAMS 0x0000000084200000| PB 0x0000000084200000| Untracked 
|  67|0x0000000084300000, 0x00000000843fffe0, 0x0000000084400000| 99%| O|  |TAMS 0x0000000084300000| PB 0x0000000084300000| Untracked 
|  68|0x0000000084400000, 0x00000000844fffd0, 0x0000000084500000| 99%| O|  |TAMS 0x0000000084400000| PB 0x0000000084400000| Untracked 
|  69|0x0000000084500000, 0x00000000845fffb0, 0x0000000084600000| 99%| O|  |TAMS 0x0000000084500000| PB 0x0000000084500000| Untracked 
|  70|0x0000000084600000, 0x0000000084700000, 0x0000000084700000|100%| O|  |TAMS 0x0000000084600000| PB 0x0000000084600000| Untracked 
|  71|0x0000000084700000, 0x0000000084800000, 0x0000000084800000|100%| O|  |TAMS 0x0000000084700000| PB 0x0000000084700000| Untracked 
|  72|0x0000000084800000, 0x0000000084900000, 0x0000000084900000|100%|HS|  |TAMS 0x0000000084800000| PB 0x0000000084800000| Complete 
|  73|0x0000000084900000, 0x0000000084a00000, 0x0000000084a00000|100%|HC|  |TAMS 0x0000000084900000| PB 0x0000000084900000| Complete 
|  74|0x0000000084a00000, 0x0000000084affff0, 0x0000000084b00000| 99%| O|  |TAMS 0x0000000084a00000| PB 0x0000000084a00000| Untracked 
|  75|0x0000000084b00000, 0x0000000084c00000, 0x0000000084c00000|100%| O|  |TAMS 0x0000000084b00000| PB 0x0000000084b00000| Untracked 
|  76|0x0000000084c00000, 0x0000000084cffff8, 0x0000000084d00000| 99%| O|  |TAMS 0x0000000084c00000| PB 0x0000000084c00000| Untracked 
|  77|0x0000000084d00000, 0x0000000084e00000, 0x0000000084e00000|100%| O|  |TAMS 0x0000000084d00000| PB 0x0000000084d00000| Untracked 
|  78|0x0000000084e00000, 0x0000000084efffa0, 0x0000000084f00000| 99%| O|  |TAMS 0x0000000084e00000| PB 0x0000000084e00000| Untracked 
|  79|0x0000000084f00000, 0x0000000084ffc710, 0x0000000085000000| 98%| O|  |TAMS 0x0000000084f00000| PB 0x0000000084f00000| Untracked 
|  80|0x0000000085000000, 0x00000000850fffe0, 0x0000000085100000| 99%| O|  |TAMS 0x0000000085000000| PB 0x0000000085000000| Untracked 
|  81|0x0000000085100000, 0x00000000851ffff8, 0x0000000085200000| 99%| O|  |TAMS 0x0000000085100000| PB 0x0000000085100000| Untracked 
|  82|0x0000000085200000, 0x00000000852fffe8, 0x0000000085300000| 99%| O|  |TAMS 0x0000000085200000| PB 0x0000000085200000| Untracked 
|  83|0x0000000085300000, 0x00000000853fffb8, 0x0000000085400000| 99%| O|  |TAMS 0x0000000085300000| PB 0x0000000085300000| Untracked 
|  84|0x0000000085400000, 0x00000000854ffff8, 0x0000000085500000| 99%| O|  |TAMS 0x0000000085400000| PB 0x0000000085400000| Untracked 
|  85|0x0000000085500000, 0x00000000855ffff8, 0x0000000085600000| 99%| O|  |TAMS 0x0000000085500000| PB 0x0000000085500000| Untracked 
|  86|0x0000000085600000, 0x00000000856ffff0, 0x0000000085700000| 99%| O|  |TAMS 0x0000000085600000| PB 0x0000000085600000| Untracked 
|  87|0x0000000085700000, 0x00000000857fd958, 0x0000000085800000| 99%| O|  |TAMS 0x0000000085700000| PB 0x0000000085700000| Untracked 
|  88|0x0000000085800000, 0x0000000085900000, 0x0000000085900000|100%| O|  |TAMS 0x0000000085800000| PB 0x0000000085800000| Untracked 
|  89|0x0000000085900000, 0x0000000085a00000, 0x0000000085a00000|100%|HS|  |TAMS 0x0000000085900000| PB 0x0000000085900000| Complete 
|  90|0x0000000085a00000, 0x0000000085b00000, 0x0000000085b00000|100%|HC|  |TAMS 0x0000000085a00000| PB 0x0000000085a00000| Complete 
|  91|0x0000000085b00000, 0x0000000085c00000, 0x0000000085c00000|100%|HS|  |TAMS 0x0000000085b00000| PB 0x0000000085b00000| Complete 
|  92|0x0000000085c00000, 0x0000000085d00000, 0x0000000085d00000|100%|HS|  |TAMS 0x0000000085c00000| PB 0x0000000085c00000| Complete 
|  93|0x0000000085d00000, 0x0000000085dfffe0, 0x0000000085e00000| 99%| O|  |TAMS 0x0000000085d00000| PB 0x0000000085d00000| Untracked 
|  94|0x0000000085e00000, 0x0000000085eff518, 0x0000000085f00000| 99%| O|  |TAMS 0x0000000085e00000| PB 0x0000000085e00000| Untracked 
|  95|0x0000000085f00000, 0x0000000086000000, 0x0000000086000000|100%|HS|  |TAMS 0x0000000085f00000| PB 0x0000000085f00000| Untracked 
|  96|0x0000000086000000, 0x00000000860fffb8, 0x0000000086100000| 99%| O|  |TAMS 0x0000000086000000| PB 0x0000000086000000| Untracked 
|  97|0x0000000086100000, 0x00000000861ffff0, 0x0000000086200000| 99%| O|  |TAMS 0x0000000086100000| PB 0x0000000086100000| Untracked 
|  98|0x0000000086200000, 0x00000000862edfb0, 0x0000000086300000| 92%| O|  |TAMS 0x0000000086200000| PB 0x0000000086200000| Untracked 
|  99|0x0000000086300000, 0x00000000863ffff0, 0x0000000086400000| 99%| O|  |TAMS 0x0000000086300000| PB 0x0000000086300000| Untracked 
| 100|0x0000000086400000, 0x00000000864ffff8, 0x0000000086500000| 99%| O|  |TAMS 0x0000000086400000| PB 0x0000000086400000| Untracked 
| 101|0x0000000086500000, 0x0000000086600000, 0x0000000086600000|100%| O|  |TAMS 0x0000000086500000| PB 0x0000000086500000| Untracked 
| 102|0x0000000086600000, 0x0000000086700000, 0x0000000086700000|100%|HS|  |TAMS 0x0000000086600000| PB 0x0000000086600000| Complete 
| 103|0x0000000086700000, 0x0000000086800000, 0x0000000086800000|100%|HC|  |TAMS 0x0000000086700000| PB 0x0000000086700000| Complete 
| 104|0x0000000086800000, 0x0000000086900000, 0x0000000086900000|100%|HS|  |TAMS 0x0000000086800000| PB 0x0000000086800000| Complete 
| 105|0x0000000086900000, 0x0000000086a00000, 0x0000000086a00000|100%| O|  |TAMS 0x0000000086900000| PB 0x0000000086900000| Untracked 
| 106|0x0000000086a00000, 0x0000000086b00000, 0x0000000086b00000|100%| O|  |TAMS 0x0000000086a00000| PB 0x0000000086a00000| Untracked 
| 107|0x0000000086b00000, 0x0000000086c00000, 0x0000000086c00000|100%| O|  |TAMS 0x0000000086b00000| PB 0x0000000086b00000| Untracked 
| 108|0x0000000086c00000, 0x0000000086cfffe0, 0x0000000086d00000| 99%| O|  |TAMS 0x0000000086c00000| PB 0x0000000086c00000| Untracked 
| 109|0x0000000086d00000, 0x0000000086dcfa80, 0x0000000086e00000| 81%| O|  |TAMS 0x0000000086d00000| PB 0x0000000086d00000| Untracked 
| 110|0x0000000086e00000, 0x0000000086effff8, 0x0000000086f00000| 99%| O|  |TAMS 0x0000000086e00000| PB 0x0000000086e00000| Untracked 
| 111|0x0000000086f00000, 0x0000000086ffffc0, 0x0000000087000000| 99%| O|  |TAMS 0x0000000086f00000| PB 0x0000000086f00000| Untracked 
| 112|0x0000000087000000, 0x00000000870fffa0, 0x0000000087100000| 99%| O|  |TAMS 0x0000000087000000| PB 0x0000000087000000| Untracked 
| 113|0x0000000087100000, 0x0000000087200000, 0x0000000087200000|100%|HS|  |TAMS 0x0000000087100000| PB 0x0000000087100000| Complete 
| 114|0x0000000087200000, 0x0000000087300000, 0x0000000087300000|100%|HS|  |TAMS 0x0000000087200000| PB 0x0000000087200000| Complete 
| 115|0x0000000087300000, 0x0000000087400000, 0x0000000087400000|100%|HC|  |TAMS 0x0000000087300000| PB 0x0000000087300000| Complete 
| 116|0x0000000087400000, 0x0000000087500000, 0x0000000087500000|100%|HC|  |TAMS 0x0000000087400000| PB 0x0000000087400000| Complete 
| 117|0x0000000087500000, 0x0000000087600000, 0x0000000087600000|100%| O|  |TAMS 0x0000000087500000| PB 0x0000000087500000| Untracked 
| 118|0x0000000087600000, 0x00000000876fffc8, 0x0000000087700000| 99%| O|  |TAMS 0x0000000087600000| PB 0x0000000087600000| Untracked 
| 119|0x0000000087700000, 0x00000000877ffff8, 0x0000000087800000| 99%| O|  |TAMS 0x0000000087700000| PB 0x0000000087700000| Untracked 
| 120|0x0000000087800000, 0x00000000878ffff8, 0x0000000087900000| 99%| O|  |TAMS 0x0000000087800000| PB 0x0000000087800000| Untracked 
| 121|0x0000000087900000, 0x00000000879fffe8, 0x0000000087a00000| 99%| O|  |TAMS 0x0000000087900000| PB 0x0000000087900000| Untracked 
| 122|0x0000000087a00000, 0x0000000087afffd8, 0x0000000087b00000| 99%| O|  |TAMS 0x0000000087a00000| PB 0x0000000087a00000| Untracked 
| 123|0x0000000087b00000, 0x0000000087bf6698, 0x0000000087c00000| 96%| O|  |TAMS 0x0000000087b00000| PB 0x0000000087b00000| Untracked 
| 124|0x0000000087c00000, 0x0000000087d00000, 0x0000000087d00000|100%| O|  |TAMS 0x0000000087c00000| PB 0x0000000087c00000| Untracked 
| 125|0x0000000087d00000, 0x0000000087e00000, 0x0000000087e00000|100%| O|  |TAMS 0x0000000087d00000| PB 0x0000000087d00000| Untracked 
| 126|0x0000000087e00000, 0x0000000087efff80, 0x0000000087f00000| 99%| O|  |TAMS 0x0000000087e00000| PB 0x0000000087e00000| Untracked 
| 127|0x0000000087f00000, 0x0000000087ffffe0, 0x0000000088000000| 99%| O|  |TAMS 0x0000000087f00000| PB 0x0000000087f00000| Untracked 
| 128|0x0000000088000000, 0x00000000880ffff0, 0x0000000088100000| 99%| O|  |TAMS 0x0000000088000000| PB 0x0000000088000000| Untracked 
| 129|0x0000000088100000, 0x0000000088200000, 0x0000000088200000|100%| O|  |TAMS 0x0000000088100000| PB 0x0000000088100000| Untracked 
| 130|0x0000000088200000, 0x00000000882fffc0, 0x0000000088300000| 99%| O|  |TAMS 0x0000000088200000| PB 0x0000000088200000| Untracked 
| 131|0x0000000088300000, 0x0000000088400000, 0x0000000088400000|100%| O|  |TAMS 0x0000000088300000| PB 0x0000000088300000| Untracked 
| 132|0x0000000088400000, 0x00000000884fffe8, 0x0000000088500000| 99%| O|  |TAMS 0x0000000088400000| PB 0x0000000088400000| Untracked 
| 133|0x0000000088500000, 0x00000000885fffe8, 0x0000000088600000| 99%| O|  |TAMS 0x0000000088500000| PB 0x0000000088500000| Untracked 
| 134|0x0000000088600000, 0x0000000088700000, 0x0000000088700000|100%|HS|  |TAMS 0x0000000088600000| PB 0x0000000088600000| Complete 
| 135|0x0000000088700000, 0x0000000088800000, 0x0000000088800000|100%| O|  |TAMS 0x0000000088700000| PB 0x0000000088700000| Untracked 
| 136|0x0000000088800000, 0x00000000888fffb8, 0x0000000088900000| 99%| O|  |TAMS 0x0000000088800000| PB 0x0000000088800000| Untracked 
| 137|0x0000000088900000, 0x0000000088a00000, 0x0000000088a00000|100%| O|  |TAMS 0x0000000088900000| PB 0x0000000088900000| Untracked 
| 138|0x0000000088a00000, 0x0000000088affff8, 0x0000000088b00000| 99%| O|  |TAMS 0x0000000088a00000| PB 0x0000000088a00000| Untracked 
| 139|0x0000000088b00000, 0x0000000088bffff0, 0x0000000088c00000| 99%| O|  |TAMS 0x0000000088b00000| PB 0x0000000088b00000| Untracked 
| 140|0x0000000088c00000, 0x0000000088cfa008, 0x0000000088d00000| 97%| O|  |TAMS 0x0000000088c00000| PB 0x0000000088c00000| Untracked 
| 141|0x0000000088d00000, 0x0000000088e00000, 0x0000000088e00000|100%| O|  |TAMS 0x0000000088d00000| PB 0x0000000088d00000| Untracked 
| 142|0x0000000088e00000, 0x0000000088efffe8, 0x0000000088f00000| 99%| O|  |TAMS 0x0000000088e00000| PB 0x0000000088e00000| Untracked 
| 143|0x0000000088f00000, 0x0000000088fffff8, 0x0000000089000000| 99%| O|  |TAMS 0x0000000088f00000| PB 0x0000000088f00000| Untracked 
| 144|0x0000000089000000, 0x00000000890ff898, 0x0000000089100000| 99%| O|  |TAMS 0x0000000089000000| PB 0x0000000089000000| Untracked 
| 145|0x0000000089100000, 0x00000000891ffff0, 0x0000000089200000| 99%| O|  |TAMS 0x0000000089100000| PB 0x0000000089100000| Untracked 
| 146|0x0000000089200000, 0x0000000089300000, 0x0000000089300000|100%| O|  |TAMS 0x0000000089200000| PB 0x0000000089200000| Untracked 
| 147|0x0000000089300000, 0x0000000089400000, 0x0000000089400000|100%| O|  |TAMS 0x0000000089300000| PB 0x0000000089300000| Untracked 
| 148|0x0000000089400000, 0x00000000894ffff8, 0x0000000089500000| 99%| O|  |TAMS 0x0000000089400000| PB 0x0000000089400000| Untracked 
| 149|0x0000000089500000, 0x0000000089600000, 0x0000000089600000|100%| O|Cm|TAMS 0x0000000089500000| PB 0x0000000089500000| Complete 
| 150|0x0000000089600000, 0x00000000896fffb0, 0x0000000089700000| 99%| O|  |TAMS 0x0000000089600000| PB 0x0000000089600000| Untracked 
| 151|0x0000000089700000, 0x00000000897fffa0, 0x0000000089800000| 99%| O|  |TAMS 0x0000000089700000| PB 0x0000000089700000| Untracked 
| 152|0x0000000089800000, 0x0000000089900000, 0x0000000089900000|100%|HS|  |TAMS 0x0000000089800000| PB 0x0000000089800000| Complete 
| 153|0x0000000089900000, 0x0000000089a00000, 0x0000000089a00000|100%|HC|  |TAMS 0x0000000089900000| PB 0x0000000089900000| Complete 
| 154|0x0000000089a00000, 0x0000000089b00000, 0x0000000089b00000|100%|HC|  |TAMS 0x0000000089a00000| PB 0x0000000089a00000| Complete 
| 155|0x0000000089b00000, 0x0000000089c00000, 0x0000000089c00000|100%|HC|  |TAMS 0x0000000089b00000| PB 0x0000000089b00000| Complete 
| 156|0x0000000089c00000, 0x0000000089d00000, 0x0000000089d00000|100%|HC|  |TAMS 0x0000000089c00000| PB 0x0000000089c00000| Complete 
| 157|0x0000000089d00000, 0x0000000089e00000, 0x0000000089e00000|100%| O|  |TAMS 0x0000000089d00000| PB 0x0000000089d00000| Untracked 
| 158|0x0000000089e00000, 0x0000000089f00000, 0x0000000089f00000|100%| O|  |TAMS 0x0000000089e00000| PB 0x0000000089e00000| Untracked 
| 159|0x0000000089f00000, 0x0000000089ffbd30, 0x000000008a000000| 98%| O|  |TAMS 0x0000000089f00000| PB 0x0000000089f00000| Untracked 
| 160|0x000000008a000000, 0x000000008a0fecb8, 0x000000008a100000| 99%| O|  |TAMS 0x000000008a000000| PB 0x000000008a000000| Untracked 
| 161|0x000000008a100000, 0x000000008a200000, 0x000000008a200000|100%| O|  |TAMS 0x000000008a100000| PB 0x000000008a100000| Untracked 
| 162|0x000000008a200000, 0x000000008a2ffd98, 0x000000008a300000| 99%| O|  |TAMS 0x000000008a200000| PB 0x000000008a200000| Untracked 
| 163|0x000000008a300000, 0x000000008a400000, 0x000000008a400000|100%| O|Cm|TAMS 0x000000008a300000| PB 0x000000008a300000| Complete 
| 164|0x000000008a400000, 0x000000008a4fffe8, 0x000000008a500000| 99%| O|  |TAMS 0x000000008a400000| PB 0x000000008a400000| Untracked 
| 165|0x000000008a500000, 0x000000008a600000, 0x000000008a600000|100%| O|  |TAMS 0x000000008a500000| PB 0x000000008a500000| Untracked 
| 166|0x000000008a600000, 0x000000008a6fffe0, 0x000000008a700000| 99%| O|  |TAMS 0x000000008a600000| PB 0x000000008a600000| Untracked 
| 167|0x000000008a700000, 0x000000008a7fffe8, 0x000000008a800000| 99%| O|  |TAMS 0x000000008a700000| PB 0x000000008a700000| Untracked 
| 168|0x000000008a800000, 0x000000008a900000, 0x000000008a900000|100%| O|  |TAMS 0x000000008a800000| PB 0x000000008a800000| Untracked 
| 169|0x000000008a900000, 0x000000008aa00000, 0x000000008aa00000|100%| O|  |TAMS 0x000000008a900000| PB 0x000000008a900000| Untracked 
| 170|0x000000008aa00000, 0x000000008aaffff0, 0x000000008ab00000| 99%| O|  |TAMS 0x000000008aa00000| PB 0x000000008aa00000| Untracked 
| 171|0x000000008ab00000, 0x000000008abfffe8, 0x000000008ac00000| 99%| O|  |TAMS 0x000000008ab00000| PB 0x000000008ab00000| Untracked 
| 172|0x000000008ac00000, 0x000000008acfffe0, 0x000000008ad00000| 99%| O|  |TAMS 0x000000008ac00000| PB 0x000000008ac00000| Untracked 
| 173|0x000000008ad00000, 0x000000008adfffd8, 0x000000008ae00000| 99%| O|  |TAMS 0x000000008ad00000| PB 0x000000008ad00000| Untracked 
| 174|0x000000008ae00000, 0x000000008aefffb8, 0x000000008af00000| 99%| O|  |TAMS 0x000000008ae00000| PB 0x000000008ae00000| Untracked 
| 175|0x000000008af00000, 0x000000008b000000, 0x000000008b000000|100%| O|  |TAMS 0x000000008af00000| PB 0x000000008af00000| Untracked 
| 176|0x000000008b000000, 0x000000008b100000, 0x000000008b100000|100%| O|  |TAMS 0x000000008b000000| PB 0x000000008b000000| Untracked 
| 177|0x000000008b100000, 0x000000008b200000, 0x000000008b200000|100%| O|  |TAMS 0x000000008b100000| PB 0x000000008b100000| Untracked 
| 178|0x000000008b200000, 0x000000008b2ffff8, 0x000000008b300000| 99%| O|  |TAMS 0x000000008b200000| PB 0x000000008b200000| Untracked 
| 179|0x000000008b300000, 0x000000008b400000, 0x000000008b400000|100%| O|  |TAMS 0x000000008b300000| PB 0x000000008b300000| Untracked 
| 180|0x000000008b400000, 0x000000008b500000, 0x000000008b500000|100%|HS|  |TAMS 0x000000008b400000| PB 0x000000008b400000| Complete 
| 181|0x000000008b500000, 0x000000008b600000, 0x000000008b600000|100%|HC|  |TAMS 0x000000008b500000| PB 0x000000008b500000| Complete 
| 182|0x000000008b600000, 0x000000008b700000, 0x000000008b700000|100%| O|  |TAMS 0x000000008b600000| PB 0x000000008b600000| Untracked 
| 183|0x000000008b700000, 0x000000008b800000, 0x000000008b800000|100%| O|  |TAMS 0x000000008b700000| PB 0x000000008b700000| Untracked 
| 184|0x000000008b800000, 0x000000008b8ffff8, 0x000000008b900000| 99%| O|  |TAMS 0x000000008b800000| PB 0x000000008b800000| Untracked 
| 185|0x000000008b900000, 0x000000008b9ffff8, 0x000000008ba00000| 99%| O|  |TAMS 0x000000008b900000| PB 0x000000008b900000| Untracked 
| 186|0x000000008ba00000, 0x000000008bb00000, 0x000000008bb00000|100%|HS|  |TAMS 0x000000008ba00000| PB 0x000000008ba00000| Complete 
| 187|0x000000008bb00000, 0x000000008bc00000, 0x000000008bc00000|100%|HC|  |TAMS 0x000000008bb00000| PB 0x000000008bb00000| Complete 
| 188|0x000000008bc00000, 0x000000008bd00000, 0x000000008bd00000|100%|HS|  |TAMS 0x000000008bc00000| PB 0x000000008bc00000| Complete 
| 189|0x000000008bd00000, 0x000000008be00000, 0x000000008be00000|100%|HC|  |TAMS 0x000000008bd00000| PB 0x000000008bd00000| Complete 
| 190|0x000000008be00000, 0x000000008bf00000, 0x000000008bf00000|100%|HS|  |TAMS 0x000000008be00000| PB 0x000000008be00000| Complete 
| 191|0x000000008bf00000, 0x000000008c000000, 0x000000008c000000|100%| O|  |TAMS 0x000000008bf00000| PB 0x000000008bf00000| Untracked 
| 192|0x000000008c000000, 0x000000008c100000, 0x000000008c100000|100%| O|  |TAMS 0x000000008c000000| PB 0x000000008c000000| Untracked 
| 193|0x000000008c100000, 0x000000008c200000, 0x000000008c200000|100%| O|  |TAMS 0x000000008c100000| PB 0x000000008c100000| Untracked 
| 194|0x000000008c200000, 0x000000008c300000, 0x000000008c300000|100%| O|Cm|TAMS 0x000000008c200000| PB 0x000000008c200000| Complete 
| 195|0x000000008c300000, 0x000000008c400000, 0x000000008c400000|100%| O|  |TAMS 0x000000008c300000| PB 0x000000008c300000| Untracked 
| 196|0x000000008c400000, 0x000000008c500000, 0x000000008c500000|100%|HS|  |TAMS 0x000000008c400000| PB 0x000000008c400000| Complete 
| 197|0x000000008c500000, 0x000000008c5f9d18, 0x000000008c600000| 97%| O|  |TAMS 0x000000008c500000| PB 0x000000008c500000| Untracked 
| 198|0x000000008c600000, 0x000000008c6ffff0, 0x000000008c700000| 99%| O|  |TAMS 0x000000008c600000| PB 0x000000008c600000| Untracked 
| 199|0x000000008c700000, 0x000000008c800000, 0x000000008c800000|100%| O|  |TAMS 0x000000008c700000| PB 0x000000008c700000| Untracked 
| 200|0x000000008c800000, 0x000000008c8ffff0, 0x000000008c900000| 99%| O|  |TAMS 0x000000008c800000| PB 0x000000008c800000| Untracked 
| 201|0x000000008c900000, 0x000000008ca00000, 0x000000008ca00000|100%| O|  |TAMS 0x000000008c900000| PB 0x000000008c900000| Untracked 
| 202|0x000000008ca00000, 0x000000008caffff8, 0x000000008cb00000| 99%| O|  |TAMS 0x000000008ca00000| PB 0x000000008ca00000| Untracked 
| 203|0x000000008cb00000, 0x000000008cc00000, 0x000000008cc00000|100%| O|  |TAMS 0x000000008cb00000| PB 0x000000008cb00000| Untracked 
| 204|0x000000008cc00000, 0x000000008cd00000, 0x000000008cd00000|100%| O|  |TAMS 0x000000008cc00000| PB 0x000000008cc00000| Untracked 
| 205|0x000000008cd00000, 0x000000008ce00000, 0x000000008ce00000|100%| O|  |TAMS 0x000000008cd00000| PB 0x000000008cd00000| Untracked 
| 206|0x000000008ce00000, 0x000000008cf00000, 0x000000008cf00000|100%| O|  |TAMS 0x000000008ce00000| PB 0x000000008ce00000| Untracked 
| 207|0x000000008cf00000, 0x000000008cfffff0, 0x000000008d000000| 99%| O|  |TAMS 0x000000008cf00000| PB 0x000000008cf00000| Untracked 
| 208|0x000000008d000000, 0x000000008d100000, 0x000000008d100000|100%| O|Cm|TAMS 0x000000008d000000| PB 0x000000008d000000| Complete 
| 209|0x000000008d100000, 0x000000008d200000, 0x000000008d200000|100%| O|  |TAMS 0x000000008d100000| PB 0x000000008d100000| Untracked 
| 210|0x000000008d200000, 0x000000008d300000, 0x000000008d300000|100%| O|  |TAMS 0x000000008d200000| PB 0x000000008d200000| Untracked 
| 211|0x000000008d300000, 0x000000008d400000, 0x000000008d400000|100%| O|  |TAMS 0x000000008d300000| PB 0x000000008d300000| Untracked 
| 212|0x000000008d400000, 0x000000008d500000, 0x000000008d500000|100%| O|  |TAMS 0x000000008d400000| PB 0x000000008d400000| Untracked 
| 213|0x000000008d500000, 0x000000008d600000, 0x000000008d600000|100%| O|  |TAMS 0x000000008d500000| PB 0x000000008d500000| Untracked 
| 214|0x000000008d600000, 0x000000008d700000, 0x000000008d700000|100%| O|  |TAMS 0x000000008d600000| PB 0x000000008d600000| Untracked 
| 215|0x000000008d700000, 0x000000008d800000, 0x000000008d800000|100%|HS|  |TAMS 0x000000008d700000| PB 0x000000008d700000| Complete 
| 216|0x000000008d800000, 0x000000008d900000, 0x000000008d900000|100%|HC|  |TAMS 0x000000008d800000| PB 0x000000008d800000| Complete 
| 217|0x000000008d900000, 0x000000008da00000, 0x000000008da00000|100%|HC|  |TAMS 0x000000008d900000| PB 0x000000008d900000| Complete 
| 218|0x000000008da00000, 0x000000008dafffc8, 0x000000008db00000| 99%| O|  |TAMS 0x000000008da00000| PB 0x000000008da00000| Untracked 
| 219|0x000000008db00000, 0x000000008dbffff8, 0x000000008dc00000| 99%| O|  |TAMS 0x000000008db00000| PB 0x000000008db00000| Untracked 
| 220|0x000000008dc00000, 0x000000008dd00000, 0x000000008dd00000|100%| O|  |TAMS 0x000000008dc00000| PB 0x000000008dc00000| Untracked 
| 221|0x000000008dd00000, 0x000000008de00000, 0x000000008de00000|100%| O|  |TAMS 0x000000008dd00000| PB 0x000000008dd00000| Untracked 
| 222|0x000000008de00000, 0x000000008df00000, 0x000000008df00000|100%| O|Cm|TAMS 0x000000008de00000| PB 0x000000008de00000| Complete 
| 223|0x000000008df00000, 0x000000008e000000, 0x000000008e000000|100%| O|  |TAMS 0x000000008df00000| PB 0x000000008df00000| Untracked 
| 224|0x000000008e000000, 0x000000008e100000, 0x000000008e100000|100%| O|  |TAMS 0x000000008e000000| PB 0x000000008e000000| Untracked 
| 225|0x000000008e100000, 0x000000008e200000, 0x000000008e200000|100%| O|Cm|TAMS 0x000000008e100000| PB 0x000000008e100000| Complete 
| 226|0x000000008e200000, 0x000000008e300000, 0x000000008e300000|100%| O|  |TAMS 0x000000008e200000| PB 0x000000008e200000| Untracked 
| 227|0x000000008e300000, 0x000000008e400000, 0x000000008e400000|100%|HS|  |TAMS 0x000000008e300000| PB 0x000000008e300000| Complete 
| 228|0x000000008e400000, 0x000000008e500000, 0x000000008e500000|100%|HC|  |TAMS 0x000000008e400000| PB 0x000000008e400000| Complete 
| 229|0x000000008e500000, 0x000000008e5ffff0, 0x000000008e600000| 99%| O|  |TAMS 0x000000008e500000| PB 0x000000008e500000| Untracked 
| 230|0x000000008e600000, 0x000000008e700000, 0x000000008e700000|100%| O|  |TAMS 0x000000008e600000| PB 0x000000008e600000| Untracked 
| 231|0x000000008e700000, 0x000000008e800000, 0x000000008e800000|100%| O|  |TAMS 0x000000008e700000| PB 0x000000008e700000| Untracked 
| 232|0x000000008e800000, 0x000000008e900000, 0x000000008e900000|100%| O|  |TAMS 0x000000008e800000| PB 0x000000008e800000| Untracked 
| 233|0x000000008e900000, 0x000000008ea00000, 0x000000008ea00000|100%| O|  |TAMS 0x000000008e900000| PB 0x000000008e900000| Untracked 
| 234|0x000000008ea00000, 0x000000008eb00000, 0x000000008eb00000|100%| O|Cm|TAMS 0x000000008ea00000| PB 0x000000008ea00000| Complete 
| 235|0x000000008eb00000, 0x000000008ec00000, 0x000000008ec00000|100%| O|Cm|TAMS 0x000000008eb00000| PB 0x000000008eb00000| Complete 
| 236|0x000000008ec00000, 0x000000008ed00000, 0x000000008ed00000|100%| O|  |TAMS 0x000000008ec00000| PB 0x000000008ec00000| Untracked 
| 237|0x000000008ed00000, 0x000000008ee00000, 0x000000008ee00000|100%| O|  |TAMS 0x000000008ed00000| PB 0x000000008ed00000| Untracked 
| 238|0x000000008ee00000, 0x000000008ef00000, 0x000000008ef00000|100%| O|  |TAMS 0x000000008ee00000| PB 0x000000008ee00000| Untracked 
| 239|0x000000008ef00000, 0x000000008f000000, 0x000000008f000000|100%| O|  |TAMS 0x000000008ef00000| PB 0x000000008ef00000| Untracked 
| 240|0x000000008f000000, 0x000000008f100000, 0x000000008f100000|100%| O|  |TAMS 0x000000008f000000| PB 0x000000008f000000| Untracked 
| 241|0x000000008f100000, 0x000000008f1f4020, 0x000000008f200000| 95%| O|  |TAMS 0x000000008f100000| PB 0x000000008f100000| Untracked 
| 242|0x000000008f200000, 0x000000008f300000, 0x000000008f300000|100%| O|  |TAMS 0x000000008f200000| PB 0x000000008f200000| Untracked 
| 243|0x000000008f300000, 0x000000008f400000, 0x000000008f400000|100%| O|  |TAMS 0x000000008f300000| PB 0x000000008f300000| Untracked 
| 244|0x000000008f400000, 0x000000008f500000, 0x000000008f500000|100%| O|  |TAMS 0x000000008f400000| PB 0x000000008f400000| Untracked 
| 245|0x000000008f500000, 0x000000008f600000, 0x000000008f600000|100%| O|  |TAMS 0x000000008f500000| PB 0x000000008f500000| Untracked 
| 246|0x000000008f600000, 0x000000008f700000, 0x000000008f700000|100%| O|Cm|TAMS 0x000000008f600000| PB 0x000000008f600000| Complete 
| 247|0x000000008f700000, 0x000000008f800000, 0x000000008f800000|100%| O|Cm|TAMS 0x000000008f700000| PB 0x000000008f700000| Complete 
| 248|0x000000008f800000, 0x000000008f900000, 0x000000008f900000|100%| O|  |TAMS 0x000000008f800000| PB 0x000000008f800000| Untracked 
| 249|0x000000008f900000, 0x000000008fa00000, 0x000000008fa00000|100%| O|  |TAMS 0x000000008f900000| PB 0x000000008f900000| Untracked 
| 250|0x000000008fa00000, 0x000000008fb00000, 0x000000008fb00000|100%| O|  |TAMS 0x000000008fa00000| PB 0x000000008fa00000| Untracked 
| 251|0x000000008fb00000, 0x000000008fc00000, 0x000000008fc00000|100%| O|  |TAMS 0x000000008fb00000| PB 0x000000008fb00000| Untracked 
| 252|0x000000008fc00000, 0x000000008fd00000, 0x000000008fd00000|100%| O|Cm|TAMS 0x000000008fc00000| PB 0x000000008fc00000| Complete 
| 253|0x000000008fd00000, 0x000000008fdc6c60, 0x000000008fe00000| 77%| O|  |TAMS 0x000000008fd00000| PB 0x000000008fd00000| Untracked 
| 254|0x000000008fe00000, 0x000000008ff00000, 0x000000008ff00000|100%| O|  |TAMS 0x000000008fe00000| PB 0x000000008fe00000| Untracked 
| 255|0x000000008ff00000, 0x000000008ffffff0, 0x0000000090000000| 99%| O|  |TAMS 0x000000008ff00000| PB 0x000000008ff00000| Untracked 
| 256|0x0000000090000000, 0x0000000090100000, 0x0000000090100000|100%| O|  |TAMS 0x0000000090000000| PB 0x0000000090000000| Untracked 
| 257|0x0000000090100000, 0x0000000090200000, 0x0000000090200000|100%| O|  |TAMS 0x0000000090100000| PB 0x0000000090100000| Untracked 
| 258|0x0000000090200000, 0x0000000090300000, 0x0000000090300000|100%| O|Cm|TAMS 0x0000000090200000| PB 0x0000000090200000| Complete 
| 259|0x0000000090300000, 0x0000000090400000, 0x0000000090400000|100%|HS|  |TAMS 0x0000000090300000| PB 0x0000000090300000| Complete 
| 260|0x0000000090400000, 0x0000000090500000, 0x0000000090500000|100%|HC|  |TAMS 0x0000000090400000| PB 0x0000000090400000| Complete 
| 261|0x0000000090500000, 0x0000000090600000, 0x0000000090600000|100%|HS|  |TAMS 0x0000000090500000| PB 0x0000000090500000| Complete 
| 262|0x0000000090600000, 0x0000000090700000, 0x0000000090700000|100%|HC|  |TAMS 0x0000000090600000| PB 0x0000000090600000| Complete 
| 263|0x0000000090700000, 0x0000000090800000, 0x0000000090800000|100%| O|  |TAMS 0x0000000090700000| PB 0x0000000090700000| Untracked 
| 264|0x0000000090800000, 0x0000000090900000, 0x0000000090900000|100%| O|Cm|TAMS 0x0000000090800000| PB 0x0000000090800000| Complete 
| 265|0x0000000090900000, 0x0000000090a00000, 0x0000000090a00000|100%| O|  |TAMS 0x0000000090900000| PB 0x0000000090900000| Untracked 
| 266|0x0000000090a00000, 0x0000000090b00000, 0x0000000090b00000|100%| O|  |TAMS 0x0000000090a00000| PB 0x0000000090a00000| Untracked 
| 267|0x0000000090b00000, 0x0000000090bffff0, 0x0000000090c00000| 99%| O|  |TAMS 0x0000000090b00000| PB 0x0000000090b00000| Untracked 
| 268|0x0000000090c00000, 0x0000000090d00000, 0x0000000090d00000|100%| O|  |TAMS 0x0000000090c00000| PB 0x0000000090c00000| Untracked 
| 269|0x0000000090d00000, 0x0000000090e00000, 0x0000000090e00000|100%| O|  |TAMS 0x0000000090d00000| PB 0x0000000090d00000| Untracked 
| 270|0x0000000090e00000, 0x0000000090f00000, 0x0000000090f00000|100%| O|  |TAMS 0x0000000090e00000| PB 0x0000000090e00000| Untracked 
| 271|0x0000000090f00000, 0x0000000091000000, 0x0000000091000000|100%| O|Cm|TAMS 0x0000000090f00000| PB 0x0000000090f00000| Complete 
| 272|0x0000000091000000, 0x0000000091100000, 0x0000000091100000|100%| O|  |TAMS 0x0000000091000000| PB 0x0000000091000000| Untracked 
| 273|0x0000000091100000, 0x0000000091200000, 0x0000000091200000|100%| O|  |TAMS 0x0000000091100000| PB 0x0000000091100000| Untracked 
| 274|0x0000000091200000, 0x0000000091300000, 0x0000000091300000|100%| O|  |TAMS 0x0000000091200000| PB 0x0000000091200000| Untracked 
| 275|0x0000000091300000, 0x0000000091400000, 0x0000000091400000|100%| O|  |TAMS 0x0000000091300000| PB 0x0000000091300000| Untracked 
| 276|0x0000000091400000, 0x0000000091500000, 0x0000000091500000|100%| O|  |TAMS 0x0000000091400000| PB 0x0000000091400000| Untracked 
| 277|0x0000000091500000, 0x000000009159b8c0, 0x0000000091600000| 60%| O|  |TAMS 0x0000000091500000| PB 0x0000000091500000| Untracked 
| 278|0x0000000091600000, 0x0000000091700000, 0x0000000091700000|100%| O|  |TAMS 0x0000000091600000| PB 0x0000000091600000| Untracked 
| 279|0x0000000091700000, 0x0000000091800000, 0x0000000091800000|100%| O|  |TAMS 0x0000000091700000| PB 0x0000000091700000| Untracked 
| 280|0x0000000091800000, 0x0000000091900000, 0x0000000091900000|100%| O|  |TAMS 0x0000000091800000| PB 0x0000000091800000| Untracked 
| 281|0x0000000091900000, 0x0000000091a00000, 0x0000000091a00000|100%| O|  |TAMS 0x0000000091900000| PB 0x0000000091900000| Untracked 
| 282|0x0000000091a00000, 0x0000000091b00000, 0x0000000091b00000|100%| O|  |TAMS 0x0000000091a00000| PB 0x0000000091a00000| Untracked 
| 283|0x0000000091b00000, 0x0000000091c00000, 0x0000000091c00000|100%| O|  |TAMS 0x0000000091b00000| PB 0x0000000091b00000| Untracked 
| 284|0x0000000091c00000, 0x0000000091d00000, 0x0000000091d00000|100%| O|  |TAMS 0x0000000091c00000| PB 0x0000000091c00000| Untracked 
| 285|0x0000000091d00000, 0x0000000091e00000, 0x0000000091e00000|100%| O|  |TAMS 0x0000000091d00000| PB 0x0000000091d00000| Untracked 
| 286|0x0000000091e00000, 0x0000000091f00000, 0x0000000091f00000|100%| O|  |TAMS 0x0000000091e00000| PB 0x0000000091e00000| Untracked 
| 287|0x0000000091f00000, 0x0000000092000000, 0x0000000092000000|100%| O|  |TAMS 0x0000000091f00000| PB 0x0000000091f00000| Untracked 
| 288|0x0000000092000000, 0x0000000092100000, 0x0000000092100000|100%| O|  |TAMS 0x0000000092000000| PB 0x0000000092000000| Untracked 
| 289|0x0000000092100000, 0x0000000092200000, 0x0000000092200000|100%| O|  |TAMS 0x0000000092100000| PB 0x0000000092100000| Untracked 
| 290|0x0000000092200000, 0x0000000092300000, 0x0000000092300000|100%| O|  |TAMS 0x0000000092200000| PB 0x0000000092200000| Untracked 
| 291|0x0000000092300000, 0x0000000092400000, 0x0000000092400000|100%| O|  |TAMS 0x0000000092300000| PB 0x0000000092300000| Untracked 
| 292|0x0000000092400000, 0x0000000092500000, 0x0000000092500000|100%| O|  |TAMS 0x0000000092400000| PB 0x0000000092400000| Untracked 
| 293|0x0000000092500000, 0x0000000092600000, 0x0000000092600000|100%| O|  |TAMS 0x0000000092500000| PB 0x0000000092500000| Untracked 
| 294|0x0000000092600000, 0x0000000092700000, 0x0000000092700000|100%| O|  |TAMS 0x0000000092600000| PB 0x0000000092600000| Untracked 
| 295|0x0000000092700000, 0x0000000092800000, 0x0000000092800000|100%| O|  |TAMS 0x0000000092700000| PB 0x0000000092700000| Untracked 
| 296|0x0000000092800000, 0x0000000092900000, 0x0000000092900000|100%|HS|  |TAMS 0x0000000092800000| PB 0x0000000092800000| Complete 
| 297|0x0000000092900000, 0x0000000092a00000, 0x0000000092a00000|100%| O|  |TAMS 0x0000000092900000| PB 0x0000000092900000| Untracked 
| 298|0x0000000092a00000, 0x0000000092b00000, 0x0000000092b00000|100%| O|  |TAMS 0x0000000092a00000| PB 0x0000000092a00000| Untracked 
| 299|0x0000000092b00000, 0x0000000092c00000, 0x0000000092c00000|100%| O|  |TAMS 0x0000000092b00000| PB 0x0000000092b00000| Untracked 
| 300|0x0000000092c00000, 0x0000000092d00000, 0x0000000092d00000|100%|HS|  |TAMS 0x0000000092c00000| PB 0x0000000092c00000| Complete 
| 301|0x0000000092d00000, 0x0000000092e00000, 0x0000000092e00000|100%|HC|  |TAMS 0x0000000092d00000| PB 0x0000000092d00000| Complete 
| 302|0x0000000092e00000, 0x0000000092f00000, 0x0000000092f00000|100%|HC|  |TAMS 0x0000000092e00000| PB 0x0000000092e00000| Complete 
| 303|0x0000000092f00000, 0x0000000093000000, 0x0000000093000000|100%|HC|  |TAMS 0x0000000092f00000| PB 0x0000000092f00000| Complete 
| 304|0x0000000093000000, 0x0000000093100000, 0x0000000093100000|100%|HC|  |TAMS 0x0000000093000000| PB 0x0000000093000000| Complete 
| 305|0x0000000093100000, 0x0000000093200000, 0x0000000093200000|100%|HC|  |TAMS 0x0000000093100000| PB 0x0000000093100000| Complete 
| 306|0x0000000093200000, 0x0000000093300000, 0x0000000093300000|100%| O|  |TAMS 0x0000000093200000| PB 0x0000000093200000| Untracked 
| 307|0x0000000093300000, 0x0000000093400000, 0x0000000093400000|100%|HS|  |TAMS 0x0000000093300000| PB 0x0000000093300000| Complete 
| 308|0x0000000093400000, 0x0000000093500000, 0x0000000093500000|100%| O|  |TAMS 0x0000000093400000| PB 0x0000000093400000| Untracked 
| 309|0x0000000093500000, 0x0000000093600000, 0x0000000093600000|100%| O|  |TAMS 0x0000000093500000| PB 0x0000000093500000| Untracked 
| 310|0x0000000093600000, 0x0000000093700000, 0x0000000093700000|100%| O|  |TAMS 0x0000000093600000| PB 0x0000000093600000| Untracked 
| 311|0x0000000093700000, 0x0000000093800000, 0x0000000093800000|100%| O|  |TAMS 0x0000000093700000| PB 0x0000000093700000| Untracked 
| 312|0x0000000093800000, 0x0000000093900000, 0x0000000093900000|100%| O|  |TAMS 0x0000000093800000| PB 0x0000000093800000| Untracked 
| 313|0x0000000093900000, 0x0000000093a00000, 0x0000000093a00000|100%| O|  |TAMS 0x0000000093900000| PB 0x0000000093900000| Untracked 
| 314|0x0000000093a00000, 0x0000000093b00000, 0x0000000093b00000|100%|HS|  |TAMS 0x0000000093a00000| PB 0x0000000093a00000| Complete 
| 315|0x0000000093b00000, 0x0000000093c00000, 0x0000000093c00000|100%| O|  |TAMS 0x0000000093b00000| PB 0x0000000093b00000| Untracked 
| 316|0x0000000093c00000, 0x0000000093d00000, 0x0000000093d00000|100%| O|Cm|TAMS 0x0000000093c00000| PB 0x0000000093c00000| Complete 
| 317|0x0000000093d00000, 0x0000000093e00000, 0x0000000093e00000|100%| O|  |TAMS 0x0000000093d00000| PB 0x0000000093d00000| Untracked 
| 318|0x0000000093e00000, 0x0000000093f00000, 0x0000000093f00000|100%| O|  |TAMS 0x0000000093e00000| PB 0x0000000093e00000| Untracked 
| 319|0x0000000093f00000, 0x0000000094000000, 0x0000000094000000|100%|HS|  |TAMS 0x0000000093f00000| PB 0x0000000093f00000| Complete 
| 320|0x0000000094000000, 0x0000000094100000, 0x0000000094100000|100%| O|Cm|TAMS 0x0000000094000000| PB 0x0000000094000000| Complete 
| 321|0x0000000094100000, 0x0000000094200000, 0x0000000094200000|100%| O|  |TAMS 0x0000000094100000| PB 0x0000000094100000| Untracked 
| 322|0x0000000094200000, 0x0000000094300000, 0x0000000094300000|100%| O|  |TAMS 0x0000000094200000| PB 0x0000000094200000| Untracked 
| 323|0x0000000094300000, 0x0000000094400000, 0x0000000094400000|100%|HS|  |TAMS 0x0000000094300000| PB 0x0000000094300000| Complete 
| 324|0x0000000094400000, 0x0000000094500000, 0x0000000094500000|100%| O|  |TAMS 0x0000000094400000| PB 0x0000000094400000| Untracked 
| 325|0x0000000094500000, 0x0000000094600000, 0x0000000094600000|100%| O|  |TAMS 0x0000000094500000| PB 0x0000000094500000| Untracked 
| 326|0x0000000094600000, 0x0000000094700000, 0x0000000094700000|100%|HS|  |TAMS 0x0000000094600000| PB 0x0000000094600000| Complete 
| 327|0x0000000094700000, 0x0000000094800000, 0x0000000094800000|100%|HC|  |TAMS 0x0000000094700000| PB 0x0000000094700000| Complete 
| 328|0x0000000094800000, 0x0000000094900000, 0x0000000094900000|100%|HS|  |TAMS 0x0000000094800000| PB 0x0000000094800000| Complete 
| 329|0x0000000094900000, 0x0000000094a00000, 0x0000000094a00000|100%| O|  |TAMS 0x0000000094900000| PB 0x0000000094900000| Untracked 
| 330|0x0000000094a00000, 0x0000000094b00000, 0x0000000094b00000|100%| O|  |TAMS 0x0000000094a00000| PB 0x0000000094a00000| Untracked 
| 331|0x0000000094b00000, 0x0000000094c00000, 0x0000000094c00000|100%| O|Cm|TAMS 0x0000000094b00000| PB 0x0000000094b00000| Complete 
| 332|0x0000000094c00000, 0x0000000094d00000, 0x0000000094d00000|100%|HS|  |TAMS 0x0000000094c00000| PB 0x0000000094c00000| Complete 
| 333|0x0000000094d00000, 0x0000000094e00000, 0x0000000094e00000|100%| O|Cm|TAMS 0x0000000094d00000| PB 0x0000000094d00000| Complete 
| 334|0x0000000094e00000, 0x0000000094f00000, 0x0000000094f00000|100%| O|Cm|TAMS 0x0000000094e00000| PB 0x0000000094e00000| Complete 
| 335|0x0000000094f00000, 0x0000000095000000, 0x0000000095000000|100%| O|  |TAMS 0x0000000094f00000| PB 0x0000000094f00000| Untracked 
| 336|0x0000000095000000, 0x0000000095100000, 0x0000000095100000|100%| O|  |TAMS 0x0000000095000000| PB 0x0000000095000000| Untracked 
| 337|0x0000000095100000, 0x0000000095200000, 0x0000000095200000|100%| O|Cm|TAMS 0x0000000095100000| PB 0x0000000095100000| Complete 
| 338|0x0000000095200000, 0x0000000095300000, 0x0000000095300000|100%| O|  |TAMS 0x0000000095200000| PB 0x0000000095200000| Untracked 
| 339|0x0000000095300000, 0x0000000095400000, 0x0000000095400000|100%| O|Cm|TAMS 0x0000000095300000| PB 0x0000000095300000| Complete 
| 340|0x0000000095400000, 0x0000000095500000, 0x0000000095500000|100%| O|  |TAMS 0x0000000095400000| PB 0x0000000095400000| Untracked 
| 341|0x0000000095500000, 0x0000000095600000, 0x0000000095600000|100%| O|  |TAMS 0x0000000095500000| PB 0x0000000095500000| Untracked 
| 342|0x0000000095600000, 0x0000000095700000, 0x0000000095700000|100%| O|  |TAMS 0x0000000095600000| PB 0x0000000095600000| Untracked 
| 343|0x0000000095700000, 0x0000000095800000, 0x0000000095800000|100%|HS|  |TAMS 0x0000000095700000| PB 0x0000000095700000| Complete 
| 344|0x0000000095800000, 0x0000000095900000, 0x0000000095900000|100%|HC|  |TAMS 0x0000000095800000| PB 0x0000000095800000| Complete 
| 345|0x0000000095900000, 0x0000000095a00000, 0x0000000095a00000|100%| O|  |TAMS 0x0000000095900000| PB 0x0000000095900000| Untracked 
| 346|0x0000000095a00000, 0x0000000095b00000, 0x0000000095b00000|100%|HS|  |TAMS 0x0000000095a00000| PB 0x0000000095a00000| Complete 
| 347|0x0000000095b00000, 0x0000000095c00000, 0x0000000095c00000|100%|HC|  |TAMS 0x0000000095b00000| PB 0x0000000095b00000| Complete 
| 348|0x0000000095c00000, 0x0000000095d00000, 0x0000000095d00000|100%|HC|  |TAMS 0x0000000095c00000| PB 0x0000000095c00000| Complete 
| 349|0x0000000095d00000, 0x0000000095e00000, 0x0000000095e00000|100%| O|  |TAMS 0x0000000095d00000| PB 0x0000000095d00000| Untracked 
| 350|0x0000000095e00000, 0x0000000095f00000, 0x0000000095f00000|100%| O|Cm|TAMS 0x0000000095e00000| PB 0x0000000095e00000| Complete 
| 351|0x0000000095f00000, 0x0000000096000000, 0x0000000096000000|100%|HS|  |TAMS 0x0000000095f00000| PB 0x0000000095f00000| Complete 
| 352|0x0000000096000000, 0x0000000096100000, 0x0000000096100000|100%|HC|  |TAMS 0x0000000096000000| PB 0x0000000096000000| Complete 
| 353|0x0000000096100000, 0x0000000096200000, 0x0000000096200000|100%| O|  |TAMS 0x0000000096100000| PB 0x0000000096100000| Untracked 
| 354|0x0000000096200000, 0x0000000096300000, 0x0000000096300000|100%| O|  |TAMS 0x0000000096200000| PB 0x0000000096200000| Untracked 
| 355|0x0000000096300000, 0x0000000096400000, 0x0000000096400000|100%| O|  |TAMS 0x0000000096300000| PB 0x0000000096300000| Untracked 
| 356|0x0000000096400000, 0x0000000096500000, 0x0000000096500000|100%| O|  |TAMS 0x0000000096400000| PB 0x0000000096400000| Untracked 
| 357|0x0000000096500000, 0x0000000096600000, 0x0000000096600000|100%| O|  |TAMS 0x0000000096500000| PB 0x0000000096500000| Untracked 
| 358|0x0000000096600000, 0x0000000096700000, 0x0000000096700000|100%| O|  |TAMS 0x0000000096600000| PB 0x0000000096600000| Untracked 
| 359|0x0000000096700000, 0x0000000096800000, 0x0000000096800000|100%| O|  |TAMS 0x0000000096700000| PB 0x0000000096700000| Untracked 
| 360|0x0000000096800000, 0x0000000096900000, 0x0000000096900000|100%| O|  |TAMS 0x0000000096800000| PB 0x0000000096800000| Untracked 
| 361|0x0000000096900000, 0x0000000096a00000, 0x0000000096a00000|100%| O|  |TAMS 0x0000000096900000| PB 0x0000000096900000| Untracked 
| 362|0x0000000096a00000, 0x0000000096b00000, 0x0000000096b00000|100%| O|  |TAMS 0x0000000096a00000| PB 0x0000000096a00000| Untracked 
| 363|0x0000000096b00000, 0x0000000096c00000, 0x0000000096c00000|100%| O|  |TAMS 0x0000000096b00000| PB 0x0000000096b00000| Untracked 
| 364|0x0000000096c00000, 0x0000000096d00000, 0x0000000096d00000|100%| O|  |TAMS 0x0000000096c00000| PB 0x0000000096c00000| Untracked 
| 365|0x0000000096d00000, 0x0000000096e00000, 0x0000000096e00000|100%| O|  |TAMS 0x0000000096d00000| PB 0x0000000096d00000| Untracked 
| 366|0x0000000096e00000, 0x0000000096f00000, 0x0000000096f00000|100%| O|  |TAMS 0x0000000096e00000| PB 0x0000000096e00000| Untracked 
| 367|0x0000000096f00000, 0x0000000097000000, 0x0000000097000000|100%| O|  |TAMS 0x0000000096f00000| PB 0x0000000096f00000| Untracked 
| 368|0x0000000097000000, 0x0000000097100000, 0x0000000097100000|100%| O|  |TAMS 0x0000000097000000| PB 0x0000000097000000| Untracked 
| 369|0x0000000097100000, 0x0000000097200000, 0x0000000097200000|100%| O|  |TAMS 0x0000000097100000| PB 0x0000000097100000| Untracked 
| 370|0x0000000097200000, 0x0000000097300000, 0x0000000097300000|100%| O|  |TAMS 0x0000000097200000| PB 0x0000000097200000| Untracked 
| 371|0x0000000097300000, 0x0000000097400000, 0x0000000097400000|100%| O|  |TAMS 0x0000000097300000| PB 0x0000000097300000| Untracked 
| 372|0x0000000097400000, 0x0000000097500000, 0x0000000097500000|100%| O|  |TAMS 0x0000000097400000| PB 0x0000000097400000| Untracked 
| 373|0x0000000097500000, 0x0000000097600000, 0x0000000097600000|100%| O|  |TAMS 0x0000000097500000| PB 0x0000000097500000| Untracked 
| 374|0x0000000097600000, 0x0000000097700000, 0x0000000097700000|100%| O|  |TAMS 0x0000000097600000| PB 0x0000000097600000| Untracked 
| 375|0x0000000097700000, 0x0000000097800000, 0x0000000097800000|100%|HS|  |TAMS 0x0000000097700000| PB 0x0000000097700000| Complete 
| 376|0x0000000097800000, 0x0000000097900000, 0x0000000097900000|100%| O|Cm|TAMS 0x0000000097800000| PB 0x0000000097800000| Complete 
| 377|0x0000000097900000, 0x0000000097a00000, 0x0000000097a00000|100%| O|  |TAMS 0x0000000097900000| PB 0x0000000097900000| Untracked 
| 378|0x0000000097a00000, 0x0000000097b00000, 0x0000000097b00000|100%|HS|  |TAMS 0x0000000097a00000| PB 0x0000000097a00000| Complete 
| 379|0x0000000097b00000, 0x0000000097c00000, 0x0000000097c00000|100%|HC|  |TAMS 0x0000000097b00000| PB 0x0000000097b00000| Complete 
| 380|0x0000000097c00000, 0x0000000097d00000, 0x0000000097d00000|100%|HC|  |TAMS 0x0000000097c00000| PB 0x0000000097c00000| Complete 
| 381|0x0000000097d00000, 0x0000000097e00000, 0x0000000097e00000|100%| O|Cm|TAMS 0x0000000097d00000| PB 0x0000000097d00000| Complete 
| 382|0x0000000097e00000, 0x0000000097f00000, 0x0000000097f00000|100%| O|  |TAMS 0x0000000097e00000| PB 0x0000000097e00000| Untracked 
| 383|0x0000000097f00000, 0x0000000098000000, 0x0000000098000000|100%|HS|  |TAMS 0x0000000097f00000| PB 0x0000000097f00000| Complete 
| 384|0x0000000098000000, 0x0000000098100000, 0x0000000098100000|100%| O|  |TAMS 0x0000000098000000| PB 0x0000000098000000| Untracked 
| 385|0x0000000098100000, 0x0000000098200000, 0x0000000098200000|100%| O|Cm|TAMS 0x0000000098100000| PB 0x0000000098100000| Complete 
| 386|0x0000000098200000, 0x0000000098300000, 0x0000000098300000|100%|HS|  |TAMS 0x0000000098200000| PB 0x0000000098200000| Complete 
| 387|0x0000000098300000, 0x0000000098400000, 0x0000000098400000|100%|HC|  |TAMS 0x0000000098300000| PB 0x0000000098300000| Complete 
| 388|0x0000000098400000, 0x0000000098500000, 0x0000000098500000|100%|HC|  |TAMS 0x0000000098400000| PB 0x0000000098400000| Complete 
| 389|0x0000000098500000, 0x0000000098600000, 0x0000000098600000|100%|HC|  |TAMS 0x0000000098500000| PB 0x0000000098500000| Complete 
| 390|0x0000000098600000, 0x0000000098700000, 0x0000000098700000|100%| O|  |TAMS 0x0000000098600000| PB 0x0000000098600000| Untracked 
| 391|0x0000000098700000, 0x0000000098800000, 0x0000000098800000|100%| O|  |TAMS 0x0000000098700000| PB 0x0000000098700000| Untracked 
| 392|0x0000000098800000, 0x0000000098900000, 0x0000000098900000|100%| O|  |TAMS 0x0000000098800000| PB 0x0000000098800000| Untracked 
| 393|0x0000000098900000, 0x0000000098a00000, 0x0000000098a00000|100%| O|  |TAMS 0x0000000098900000| PB 0x0000000098900000| Untracked 
| 394|0x0000000098a00000, 0x0000000098b00000, 0x0000000098b00000|100%| O|  |TAMS 0x0000000098a00000| PB 0x0000000098a00000| Untracked 
| 395|0x0000000098b00000, 0x0000000098c00000, 0x0000000098c00000|100%| O|  |TAMS 0x0000000098b00000| PB 0x0000000098b00000| Untracked 
| 396|0x0000000098c00000, 0x0000000098d00000, 0x0000000098d00000|100%| O|  |TAMS 0x0000000098c00000| PB 0x0000000098c00000| Untracked 
| 397|0x0000000098d00000, 0x0000000098e00000, 0x0000000098e00000|100%| O|Cm|TAMS 0x0000000098d00000| PB 0x0000000098d00000| Complete 
| 398|0x0000000098e00000, 0x0000000098f00000, 0x0000000098f00000|100%| O|  |TAMS 0x0000000098e00000| PB 0x0000000098e00000| Untracked 
| 399|0x0000000098f00000, 0x0000000099000000, 0x0000000099000000|100%| O|  |TAMS 0x0000000098f00000| PB 0x0000000098f00000| Untracked 
| 400|0x0000000099000000, 0x0000000099100000, 0x0000000099100000|100%|HS|  |TAMS 0x0000000099000000| PB 0x0000000099000000| Complete 
| 401|0x0000000099100000, 0x0000000099200000, 0x0000000099200000|100%| O|  |TAMS 0x0000000099100000| PB 0x0000000099100000| Untracked 
| 402|0x0000000099200000, 0x0000000099300000, 0x0000000099300000|100%| O|  |TAMS 0x0000000099200000| PB 0x0000000099200000| Untracked 
| 403|0x0000000099300000, 0x0000000099400000, 0x0000000099400000|100%|HS|  |TAMS 0x0000000099300000| PB 0x0000000099300000| Complete 
| 404|0x0000000099400000, 0x0000000099500000, 0x0000000099500000|100%| O|  |TAMS 0x0000000099400000| PB 0x0000000099400000| Untracked 
| 405|0x0000000099500000, 0x0000000099600000, 0x0000000099600000|100%| O|  |TAMS 0x0000000099500000| PB 0x0000000099500000| Untracked 
| 406|0x0000000099600000, 0x0000000099700000, 0x0000000099700000|100%| O|  |TAMS 0x0000000099600000| PB 0x0000000099600000| Untracked 
| 407|0x0000000099700000, 0x0000000099800000, 0x0000000099800000|100%| O|  |TAMS 0x0000000099700000| PB 0x0000000099700000| Untracked 
| 408|0x0000000099800000, 0x0000000099900000, 0x0000000099900000|100%| O|  |TAMS 0x0000000099800000| PB 0x0000000099800000| Untracked 
| 409|0x0000000099900000, 0x0000000099a00000, 0x0000000099a00000|100%| O|  |TAMS 0x0000000099900000| PB 0x0000000099900000| Untracked 
| 410|0x0000000099a00000, 0x0000000099b00000, 0x0000000099b00000|100%| O|  |TAMS 0x0000000099a00000| PB 0x0000000099a00000| Untracked 
| 411|0x0000000099b00000, 0x0000000099c00000, 0x0000000099c00000|100%| O|  |TAMS 0x0000000099b00000| PB 0x0000000099b00000| Untracked 
| 412|0x0000000099c00000, 0x0000000099d00000, 0x0000000099d00000|100%| O|  |TAMS 0x0000000099c00000| PB 0x0000000099c00000| Untracked 
| 413|0x0000000099d00000, 0x0000000099e00000, 0x0000000099e00000|100%| O|  |TAMS 0x0000000099d00000| PB 0x0000000099d00000| Untracked 
| 414|0x0000000099e00000, 0x0000000099f00000, 0x0000000099f00000|100%| O|  |TAMS 0x0000000099e00000| PB 0x0000000099e00000| Untracked 
| 415|0x0000000099f00000, 0x000000009a000000, 0x000000009a000000|100%|HS|  |TAMS 0x0000000099f00000| PB 0x0000000099f00000| Complete 
| 416|0x000000009a000000, 0x000000009a100000, 0x000000009a100000|100%| O|  |TAMS 0x000000009a000000| PB 0x000000009a000000| Untracked 
| 417|0x000000009a100000, 0x000000009a200000, 0x000000009a200000|100%| O|  |TAMS 0x000000009a100000| PB 0x000000009a100000| Untracked 
| 418|0x000000009a200000, 0x000000009a300000, 0x000000009a300000|100%| O|  |TAMS 0x000000009a200000| PB 0x000000009a200000| Untracked 
| 419|0x000000009a300000, 0x000000009a400000, 0x000000009a400000|100%| O|  |TAMS 0x000000009a300000| PB 0x000000009a300000| Untracked 
| 420|0x000000009a400000, 0x000000009a500000, 0x000000009a500000|100%| O|  |TAMS 0x000000009a400000| PB 0x000000009a400000| Untracked 
| 421|0x000000009a500000, 0x000000009a600000, 0x000000009a600000|100%| O|  |TAMS 0x000000009a500000| PB 0x000000009a500000| Untracked 
| 422|0x000000009a600000, 0x000000009a700000, 0x000000009a700000|100%| O|  |TAMS 0x000000009a600000| PB 0x000000009a600000| Untracked 
| 423|0x000000009a700000, 0x000000009a800000, 0x000000009a800000|100%|HS|  |TAMS 0x000000009a700000| PB 0x000000009a700000| Complete 
| 424|0x000000009a800000, 0x000000009a900000, 0x000000009a900000|100%|HC|  |TAMS 0x000000009a800000| PB 0x000000009a800000| Complete 
| 425|0x000000009a900000, 0x000000009aa00000, 0x000000009aa00000|100%| O|  |TAMS 0x000000009a900000| PB 0x000000009a900000| Untracked 
| 426|0x000000009aa00000, 0x000000009ab00000, 0x000000009ab00000|100%| O|  |TAMS 0x000000009aa00000| PB 0x000000009aa00000| Untracked 
| 427|0x000000009ab00000, 0x000000009ac00000, 0x000000009ac00000|100%| O|  |TAMS 0x000000009ab00000| PB 0x000000009ab00000| Untracked 
| 428|0x000000009ac00000, 0x000000009ad00000, 0x000000009ad00000|100%| O|  |TAMS 0x000000009ac00000| PB 0x000000009ac00000| Untracked 
| 429|0x000000009ad00000, 0x000000009ae00000, 0x000000009ae00000|100%| O|  |TAMS 0x000000009ad00000| PB 0x000000009ad00000| Untracked 
| 430|0x000000009ae00000, 0x000000009af00000, 0x000000009af00000|100%| O|  |TAMS 0x000000009ae00000| PB 0x000000009ae00000| Untracked 
| 431|0x000000009af00000, 0x000000009b000000, 0x000000009b000000|100%| O|  |TAMS 0x000000009af00000| PB 0x000000009af00000| Untracked 
| 432|0x000000009b000000, 0x000000009b100000, 0x000000009b100000|100%| O|  |TAMS 0x000000009b000000| PB 0x000000009b000000| Untracked 
| 433|0x000000009b100000, 0x000000009b200000, 0x000000009b200000|100%| O|  |TAMS 0x000000009b100000| PB 0x000000009b100000| Untracked 
| 434|0x000000009b200000, 0x000000009b300000, 0x000000009b300000|100%| O|  |TAMS 0x000000009b200000| PB 0x000000009b200000| Untracked 
| 435|0x000000009b300000, 0x000000009b400000, 0x000000009b400000|100%|HS|  |TAMS 0x000000009b300000| PB 0x000000009b300000| Complete 
| 436|0x000000009b400000, 0x000000009b500000, 0x000000009b500000|100%|HS|  |TAMS 0x000000009b400000| PB 0x000000009b400000| Complete 
| 437|0x000000009b500000, 0x000000009b600000, 0x000000009b600000|100%| O|  |TAMS 0x000000009b500000| PB 0x000000009b500000| Untracked 
| 438|0x000000009b600000, 0x000000009b700000, 0x000000009b700000|100%|HS|  |TAMS 0x000000009b600000| PB 0x000000009b600000| Complete 
| 439|0x000000009b700000, 0x000000009b800000, 0x000000009b800000|100%|HS|  |TAMS 0x000000009b700000| PB 0x000000009b700000| Complete 
| 440|0x000000009b800000, 0x000000009b900000, 0x000000009b900000|100%| O|  |TAMS 0x000000009b800000| PB 0x000000009b800000| Untracked 
| 441|0x000000009b900000, 0x000000009ba00000, 0x000000009ba00000|100%|HS|  |TAMS 0x000000009b900000| PB 0x000000009b900000| Complete 
| 442|0x000000009ba00000, 0x000000009bb00000, 0x000000009bb00000|100%| O|  |TAMS 0x000000009ba00000| PB 0x000000009ba00000| Untracked 
| 443|0x000000009bb00000, 0x000000009bc00000, 0x000000009bc00000|100%|HS|  |TAMS 0x000000009bb00000| PB 0x000000009bb00000| Complete 
| 444|0x000000009bc00000, 0x000000009bd00000, 0x000000009bd00000|100%| O|  |TAMS 0x000000009bc00000| PB 0x000000009bc00000| Untracked 
| 445|0x000000009bd00000, 0x000000009be00000, 0x000000009be00000|100%| O|  |TAMS 0x000000009bd00000| PB 0x000000009bd00000| Untracked 
| 446|0x000000009be00000, 0x000000009bf00000, 0x000000009bf00000|100%|HS|  |TAMS 0x000000009be00000| PB 0x000000009be00000| Complete 
| 447|0x000000009bf00000, 0x000000009c000000, 0x000000009c000000|100%| O|  |TAMS 0x000000009bf00000| PB 0x000000009bf00000| Untracked 
| 448|0x000000009c000000, 0x000000009c100000, 0x000000009c100000|100%| O|  |TAMS 0x000000009c000000| PB 0x000000009c000000| Untracked 
| 449|0x000000009c100000, 0x000000009c200000, 0x000000009c200000|100%| O|  |TAMS 0x000000009c100000| PB 0x000000009c100000| Untracked 
| 450|0x000000009c200000, 0x000000009c300000, 0x000000009c300000|100%| O|  |TAMS 0x000000009c200000| PB 0x000000009c200000| Untracked 
| 451|0x000000009c300000, 0x000000009c400000, 0x000000009c400000|100%| O|  |TAMS 0x000000009c300000| PB 0x000000009c300000| Untracked 
| 452|0x000000009c400000, 0x000000009c500000, 0x000000009c500000|100%| O|  |TAMS 0x000000009c400000| PB 0x000000009c400000| Untracked 
| 453|0x000000009c500000, 0x000000009c600000, 0x000000009c600000|100%| O|  |TAMS 0x000000009c500000| PB 0x000000009c500000| Untracked 
| 454|0x000000009c600000, 0x000000009c700000, 0x000000009c700000|100%| O|  |TAMS 0x000000009c600000| PB 0x000000009c600000| Untracked 
| 455|0x000000009c700000, 0x000000009c800000, 0x000000009c800000|100%|HS|  |TAMS 0x000000009c700000| PB 0x000000009c700000| Complete 
| 456|0x000000009c800000, 0x000000009c900000, 0x000000009c900000|100%|HC|  |TAMS 0x000000009c800000| PB 0x000000009c800000| Complete 
| 457|0x000000009c900000, 0x000000009ca00000, 0x000000009ca00000|100%|HC|  |TAMS 0x000000009c900000| PB 0x000000009c900000| Complete 
| 458|0x000000009ca00000, 0x000000009cb00000, 0x000000009cb00000|100%|HC|  |TAMS 0x000000009ca00000| PB 0x000000009ca00000| Complete 
| 459|0x000000009cb00000, 0x000000009cc00000, 0x000000009cc00000|100%|HC|  |TAMS 0x000000009cb00000| PB 0x000000009cb00000| Complete 
| 460|0x000000009cc00000, 0x000000009cd00000, 0x000000009cd00000|100%|HS|  |TAMS 0x000000009cc00000| PB 0x000000009cc00000| Complete 
| 461|0x000000009cd00000, 0x000000009ce00000, 0x000000009ce00000|100%|HC|  |TAMS 0x000000009cd00000| PB 0x000000009cd00000| Complete 
| 462|0x000000009ce00000, 0x000000009cf00000, 0x000000009cf00000|100%|HC|  |TAMS 0x000000009ce00000| PB 0x000000009ce00000| Complete 
| 463|0x000000009cf00000, 0x000000009d000000, 0x000000009d000000|100%| O|  |TAMS 0x000000009cf00000| PB 0x000000009cf00000| Untracked 
| 464|0x000000009d000000, 0x000000009d100000, 0x000000009d100000|100%| O|  |TAMS 0x000000009d000000| PB 0x000000009d000000| Untracked 
| 465|0x000000009d100000, 0x000000009d200000, 0x000000009d200000|100%| O|  |TAMS 0x000000009d100000| PB 0x000000009d100000| Untracked 
| 466|0x000000009d200000, 0x000000009d300000, 0x000000009d300000|100%| O|  |TAMS 0x000000009d200000| PB 0x000000009d200000| Untracked 
| 467|0x000000009d300000, 0x000000009d400000, 0x000000009d400000|100%| O|  |TAMS 0x000000009d300000| PB 0x000000009d300000| Untracked 
| 468|0x000000009d400000, 0x000000009d500000, 0x000000009d500000|100%| O|Cm|TAMS 0x000000009d400000| PB 0x000000009d400000| Complete 
| 469|0x000000009d500000, 0x000000009d600000, 0x000000009d600000|100%| O|  |TAMS 0x000000009d500000| PB 0x000000009d500000| Untracked 
| 470|0x000000009d600000, 0x000000009d700000, 0x000000009d700000|100%| O|  |TAMS 0x000000009d600000| PB 0x000000009d600000| Untracked 
| 471|0x000000009d700000, 0x000000009d800000, 0x000000009d800000|100%| O|Cm|TAMS 0x000000009d700000| PB 0x000000009d700000| Complete 
| 472|0x000000009d800000, 0x000000009d900000, 0x000000009d900000|100%| O|  |TAMS 0x000000009d800000| PB 0x000000009d800000| Untracked 
| 473|0x000000009d900000, 0x000000009da00000, 0x000000009da00000|100%| O|  |TAMS 0x000000009d900000| PB 0x000000009d900000| Untracked 
| 474|0x000000009da00000, 0x000000009db00000, 0x000000009db00000|100%| O|  |TAMS 0x000000009da00000| PB 0x000000009da00000| Untracked 
| 475|0x000000009db00000, 0x000000009dc00000, 0x000000009dc00000|100%| O|  |TAMS 0x000000009db00000| PB 0x000000009db00000| Untracked 
| 476|0x000000009dc00000, 0x000000009dd00000, 0x000000009dd00000|100%| O|  |TAMS 0x000000009dc00000| PB 0x000000009dc00000| Untracked 
| 477|0x000000009dd00000, 0x000000009de00000, 0x000000009de00000|100%| O|  |TAMS 0x000000009dd00000| PB 0x000000009dd00000| Untracked 
| 478|0x000000009de00000, 0x000000009df00000, 0x000000009df00000|100%| O|  |TAMS 0x000000009de00000| PB 0x000000009de00000| Untracked 
| 479|0x000000009df00000, 0x000000009e000000, 0x000000009e000000|100%|HS|  |TAMS 0x000000009df00000| PB 0x000000009df00000| Complete 
| 480|0x000000009e000000, 0x000000009e100000, 0x000000009e100000|100%| O|  |TAMS 0x000000009e000000| PB 0x000000009e000000| Untracked 
| 481|0x000000009e100000, 0x000000009e200000, 0x000000009e200000|100%| O|  |TAMS 0x000000009e100000| PB 0x000000009e100000| Untracked 
| 482|0x000000009e200000, 0x000000009e300000, 0x000000009e300000|100%| O|  |TAMS 0x000000009e200000| PB 0x000000009e200000| Untracked 
| 483|0x000000009e300000, 0x000000009e400000, 0x000000009e400000|100%| O|  |TAMS 0x000000009e300000| PB 0x000000009e300000| Untracked 
| 484|0x000000009e400000, 0x000000009e500000, 0x000000009e500000|100%| O|  |TAMS 0x000000009e400000| PB 0x000000009e400000| Untracked 
| 485|0x000000009e500000, 0x000000009e600000, 0x000000009e600000|100%| O|  |TAMS 0x000000009e500000| PB 0x000000009e500000| Untracked 
| 486|0x000000009e600000, 0x000000009e700000, 0x000000009e700000|100%| O|  |TAMS 0x000000009e600000| PB 0x000000009e600000| Untracked 
| 487|0x000000009e700000, 0x000000009e800000, 0x000000009e800000|100%|HS|  |TAMS 0x000000009e700000| PB 0x000000009e700000| Complete 
| 488|0x000000009e800000, 0x000000009e900000, 0x000000009e900000|100%|HC|  |TAMS 0x000000009e800000| PB 0x000000009e800000| Complete 
| 489|0x000000009e900000, 0x000000009ea00000, 0x000000009ea00000|100%|HC|  |TAMS 0x000000009e900000| PB 0x000000009e900000| Complete 
| 490|0x000000009ea00000, 0x000000009eb00000, 0x000000009eb00000|100%|HC|  |TAMS 0x000000009ea00000| PB 0x000000009ea00000| Complete 
| 491|0x000000009eb00000, 0x000000009ec00000, 0x000000009ec00000|100%|HC|  |TAMS 0x000000009eb00000| PB 0x000000009eb00000| Complete 
| 492|0x000000009ec00000, 0x000000009ed00000, 0x000000009ed00000|100%|HC|  |TAMS 0x000000009ec00000| PB 0x000000009ec00000| Complete 
| 493|0x000000009ed00000, 0x000000009ee00000, 0x000000009ee00000|100%|HC|  |TAMS 0x000000009ed00000| PB 0x000000009ed00000| Complete 
| 494|0x000000009ee00000, 0x000000009ef00000, 0x000000009ef00000|100%| O|  |TAMS 0x000000009ee00000| PB 0x000000009ee00000| Untracked 
| 495|0x000000009ef00000, 0x000000009f000000, 0x000000009f000000|100%| O|  |TAMS 0x000000009ef00000| PB 0x000000009ef00000| Untracked 
| 496|0x000000009f000000, 0x000000009f100000, 0x000000009f100000|100%|HS|  |TAMS 0x000000009f000000| PB 0x000000009f000000| Complete 
| 497|0x000000009f100000, 0x000000009f200000, 0x000000009f200000|100%| O|  |TAMS 0x000000009f100000| PB 0x000000009f100000| Untracked 
| 498|0x000000009f200000, 0x000000009f300000, 0x000000009f300000|100%| O|  |TAMS 0x000000009f200000| PB 0x000000009f200000| Untracked 
| 499|0x000000009f300000, 0x000000009f400000, 0x000000009f400000|100%|HS|  |TAMS 0x000000009f300000| PB 0x000000009f300000| Complete 
| 500|0x000000009f400000, 0x000000009f500000, 0x000000009f500000|100%| O|  |TAMS 0x000000009f400000| PB 0x000000009f400000| Untracked 
| 501|0x000000009f500000, 0x000000009f600000, 0x000000009f600000|100%| O|  |TAMS 0x000000009f500000| PB 0x000000009f500000| Untracked 
| 502|0x000000009f600000, 0x000000009f700000, 0x000000009f700000|100%| O|  |TAMS 0x000000009f600000| PB 0x000000009f600000| Untracked 
| 503|0x000000009f700000, 0x000000009f800000, 0x000000009f800000|100%| O|  |TAMS 0x000000009f700000| PB 0x000000009f700000| Untracked 
| 504|0x000000009f800000, 0x000000009f900000, 0x000000009f900000|100%| O|  |TAMS 0x000000009f800000| PB 0x000000009f800000| Untracked 
| 505|0x000000009f900000, 0x000000009fa00000, 0x000000009fa00000|100%| O|  |TAMS 0x000000009f900000| PB 0x000000009f900000| Untracked 
| 506|0x000000009fa00000, 0x000000009fb00000, 0x000000009fb00000|100%|HS|  |TAMS 0x000000009fa00000| PB 0x000000009fa00000| Complete 
| 507|0x000000009fb00000, 0x000000009fc00000, 0x000000009fc00000|100%|HC|  |TAMS 0x000000009fb00000| PB 0x000000009fb00000| Complete 
| 508|0x000000009fc00000, 0x000000009fd00000, 0x000000009fd00000|100%| O|  |TAMS 0x000000009fc00000| PB 0x000000009fc00000| Untracked 
| 509|0x000000009fd00000, 0x000000009fe00000, 0x000000009fe00000|100%| O|  |TAMS 0x000000009fd00000| PB 0x000000009fd00000| Untracked 
| 510|0x000000009fe00000, 0x000000009ff00000, 0x000000009ff00000|100%| O|  |TAMS 0x000000009fe00000| PB 0x000000009fe00000| Untracked 
| 511|0x000000009ff00000, 0x00000000a0000000, 0x00000000a0000000|100%| O|  |TAMS 0x000000009ff00000| PB 0x000000009ff00000| Untracked 
| 512|0x00000000a0000000, 0x00000000a0100000, 0x00000000a0100000|100%| O|  |TAMS 0x00000000a0000000| PB 0x00000000a0000000| Untracked 
| 513|0x00000000a0100000, 0x00000000a0200000, 0x00000000a0200000|100%| O|  |TAMS 0x00000000a0100000| PB 0x00000000a0100000| Untracked 
| 514|0x00000000a0200000, 0x00000000a0300000, 0x00000000a0300000|100%| O|  |TAMS 0x00000000a0200000| PB 0x00000000a0200000| Untracked 
| 515|0x00000000a0300000, 0x00000000a0400000, 0x00000000a0400000|100%| O|  |TAMS 0x00000000a0300000| PB 0x00000000a0300000| Untracked 
| 516|0x00000000a0400000, 0x00000000a0500000, 0x00000000a0500000|100%| O|  |TAMS 0x00000000a0400000| PB 0x00000000a0400000| Untracked 
| 517|0x00000000a0500000, 0x00000000a0600000, 0x00000000a0600000|100%| O|  |TAMS 0x00000000a0500000| PB 0x00000000a0500000| Untracked 
| 518|0x00000000a0600000, 0x00000000a0700000, 0x00000000a0700000|100%| O|  |TAMS 0x00000000a0600000| PB 0x00000000a0600000| Untracked 
| 519|0x00000000a0700000, 0x00000000a0800000, 0x00000000a0800000|100%| O|  |TAMS 0x00000000a0700000| PB 0x00000000a0700000| Untracked 
| 520|0x00000000a0800000, 0x00000000a0900000, 0x00000000a0900000|100%| O|  |TAMS 0x00000000a0800000| PB 0x00000000a0800000| Untracked 
| 521|0x00000000a0900000, 0x00000000a0a00000, 0x00000000a0a00000|100%| O|Cm|TAMS 0x00000000a0900000| PB 0x00000000a0900000| Complete 
| 522|0x00000000a0a00000, 0x00000000a0b00000, 0x00000000a0b00000|100%| O|  |TAMS 0x00000000a0a00000| PB 0x00000000a0a00000| Untracked 
| 523|0x00000000a0b00000, 0x00000000a0c00000, 0x00000000a0c00000|100%| O|  |TAMS 0x00000000a0b00000| PB 0x00000000a0b00000| Untracked 
| 524|0x00000000a0c00000, 0x00000000a0d00000, 0x00000000a0d00000|100%| O|  |TAMS 0x00000000a0c00000| PB 0x00000000a0c00000| Untracked 
| 525|0x00000000a0d00000, 0x00000000a0e00000, 0x00000000a0e00000|100%| O|  |TAMS 0x00000000a0d00000| PB 0x00000000a0d00000| Untracked 
| 526|0x00000000a0e00000, 0x00000000a0f00000, 0x00000000a0f00000|100%| O|  |TAMS 0x00000000a0e00000| PB 0x00000000a0e00000| Untracked 
| 527|0x00000000a0f00000, 0x00000000a1000000, 0x00000000a1000000|100%|HS|  |TAMS 0x00000000a0f00000| PB 0x00000000a0f00000| Complete 
| 528|0x00000000a1000000, 0x00000000a1100000, 0x00000000a1100000|100%| O|  |TAMS 0x00000000a1000000| PB 0x00000000a1000000| Untracked 
| 529|0x00000000a1100000, 0x00000000a1200000, 0x00000000a1200000|100%| O|  |TAMS 0x00000000a1100000| PB 0x00000000a1100000| Untracked 
| 530|0x00000000a1200000, 0x00000000a1300000, 0x00000000a1300000|100%| O|  |TAMS 0x00000000a1200000| PB 0x00000000a1200000| Untracked 
| 531|0x00000000a1300000, 0x00000000a1400000, 0x00000000a1400000|100%|HS|  |TAMS 0x00000000a1300000| PB 0x00000000a1300000| Complete 
| 532|0x00000000a1400000, 0x00000000a1500000, 0x00000000a1500000|100%|HC|  |TAMS 0x00000000a1400000| PB 0x00000000a1400000| Complete 
| 533|0x00000000a1500000, 0x00000000a1600000, 0x00000000a1600000|100%| O|  |TAMS 0x00000000a1500000| PB 0x00000000a1500000| Untracked 
| 534|0x00000000a1600000, 0x00000000a1700000, 0x00000000a1700000|100%|HS|  |TAMS 0x00000000a1600000| PB 0x00000000a1600000| Complete 
| 535|0x00000000a1700000, 0x00000000a1800000, 0x00000000a1800000|100%| O|Cm|TAMS 0x00000000a1700000| PB 0x00000000a1700000| Complete 
| 536|0x00000000a1800000, 0x00000000a1900000, 0x00000000a1900000|100%| O|  |TAMS 0x00000000a1800000| PB 0x00000000a1800000| Untracked 
| 537|0x00000000a1900000, 0x00000000a1a00000, 0x00000000a1a00000|100%| O|  |TAMS 0x00000000a1900000| PB 0x00000000a1900000| Untracked 
| 538|0x00000000a1a00000, 0x00000000a1b00000, 0x00000000a1b00000|100%| O|Cm|TAMS 0x00000000a1a00000| PB 0x00000000a1a00000| Complete 
| 539|0x00000000a1b00000, 0x00000000a1c00000, 0x00000000a1c00000|100%| O|  |TAMS 0x00000000a1b00000| PB 0x00000000a1b00000| Untracked 
| 540|0x00000000a1c00000, 0x00000000a1d00000, 0x00000000a1d00000|100%| O|  |TAMS 0x00000000a1c00000| PB 0x00000000a1c00000| Untracked 
| 541|0x00000000a1d00000, 0x00000000a1e00000, 0x00000000a1e00000|100%| O|  |TAMS 0x00000000a1d00000| PB 0x00000000a1d00000| Untracked 
| 542|0x00000000a1e00000, 0x00000000a1f00000, 0x00000000a1f00000|100%| O|Cm|TAMS 0x00000000a1e00000| PB 0x00000000a1e00000| Complete 
| 543|0x00000000a1f00000, 0x00000000a2000000, 0x00000000a2000000|100%| O|  |TAMS 0x00000000a1f00000| PB 0x00000000a1f00000| Untracked 
| 544|0x00000000a2000000, 0x00000000a2100000, 0x00000000a2100000|100%| O|  |TAMS 0x00000000a2000000| PB 0x00000000a2000000| Untracked 
| 545|0x00000000a2100000, 0x00000000a2200000, 0x00000000a2200000|100%| O|  |TAMS 0x00000000a2100000| PB 0x00000000a2100000| Untracked 
| 546|0x00000000a2200000, 0x00000000a2300000, 0x00000000a2300000|100%|HS|  |TAMS 0x00000000a2200000| PB 0x00000000a2200000| Complete 
| 547|0x00000000a2300000, 0x00000000a2400000, 0x00000000a2400000|100%|HC|  |TAMS 0x00000000a2300000| PB 0x00000000a2300000| Complete 
| 548|0x00000000a2400000, 0x00000000a2500000, 0x00000000a2500000|100%| O|  |TAMS 0x00000000a2400000| PB 0x00000000a2400000| Untracked 
| 549|0x00000000a2500000, 0x00000000a2600000, 0x00000000a2600000|100%| O|  |TAMS 0x00000000a2500000| PB 0x00000000a2500000| Untracked 
| 550|0x00000000a2600000, 0x00000000a2700000, 0x00000000a2700000|100%| O|  |TAMS 0x00000000a2600000| PB 0x00000000a2600000| Untracked 
| 551|0x00000000a2700000, 0x00000000a2800000, 0x00000000a2800000|100%| O|  |TAMS 0x00000000a2700000| PB 0x00000000a2700000| Untracked 
| 552|0x00000000a2800000, 0x00000000a2900000, 0x00000000a2900000|100%| O|  |TAMS 0x00000000a2800000| PB 0x00000000a2800000| Untracked 
| 553|0x00000000a2900000, 0x00000000a2a00000, 0x00000000a2a00000|100%| O|  |TAMS 0x00000000a2900000| PB 0x00000000a2900000| Untracked 
| 554|0x00000000a2a00000, 0x00000000a2b00000, 0x00000000a2b00000|100%| O|  |TAMS 0x00000000a2a00000| PB 0x00000000a2a00000| Untracked 
| 555|0x00000000a2b00000, 0x00000000a2c00000, 0x00000000a2c00000|100%| O|Cm|TAMS 0x00000000a2b00000| PB 0x00000000a2b00000| Complete 
| 556|0x00000000a2c00000, 0x00000000a2d00000, 0x00000000a2d00000|100%|HS|  |TAMS 0x00000000a2c00000| PB 0x00000000a2c00000| Complete 
| 557|0x00000000a2d00000, 0x00000000a2e00000, 0x00000000a2e00000|100%|HC|  |TAMS 0x00000000a2d00000| PB 0x00000000a2d00000| Complete 
| 558|0x00000000a2e00000, 0x00000000a2f00000, 0x00000000a2f00000|100%| O|  |TAMS 0x00000000a2e00000| PB 0x00000000a2e00000| Untracked 
| 559|0x00000000a2f00000, 0x00000000a3000000, 0x00000000a3000000|100%| O|  |TAMS 0x00000000a2f00000| PB 0x00000000a2f00000| Untracked 
| 560|0x00000000a3000000, 0x00000000a3100000, 0x00000000a3100000|100%| O|  |TAMS 0x00000000a3000000| PB 0x00000000a3000000| Untracked 
| 561|0x00000000a3100000, 0x00000000a3200000, 0x00000000a3200000|100%|HS|  |TAMS 0x00000000a3100000| PB 0x00000000a3100000| Complete 
| 562|0x00000000a3200000, 0x00000000a3300000, 0x00000000a3300000|100%|HC|  |TAMS 0x00000000a3200000| PB 0x00000000a3200000| Complete 
| 563|0x00000000a3300000, 0x00000000a3400000, 0x00000000a3400000|100%| O|  |TAMS 0x00000000a3300000| PB 0x00000000a3300000| Untracked 
| 564|0x00000000a3400000, 0x00000000a3500000, 0x00000000a3500000|100%| O|  |TAMS 0x00000000a3400000| PB 0x00000000a3400000| Untracked 
| 565|0x00000000a3500000, 0x00000000a3600000, 0x00000000a3600000|100%| O|  |TAMS 0x00000000a3500000| PB 0x00000000a3500000| Untracked 
| 566|0x00000000a3600000, 0x00000000a3700000, 0x00000000a3700000|100%| O|  |TAMS 0x00000000a3600000| PB 0x00000000a3600000| Untracked 
| 567|0x00000000a3700000, 0x00000000a3800000, 0x00000000a3800000|100%| O|  |TAMS 0x00000000a3700000| PB 0x00000000a3700000| Untracked 
| 568|0x00000000a3800000, 0x00000000a3900000, 0x00000000a3900000|100%| O|  |TAMS 0x00000000a3800000| PB 0x00000000a3800000| Untracked 
| 569|0x00000000a3900000, 0x00000000a3a00000, 0x00000000a3a00000|100%| O|  |TAMS 0x00000000a3900000| PB 0x00000000a3900000| Untracked 
| 570|0x00000000a3a00000, 0x00000000a3b00000, 0x00000000a3b00000|100%| O|  |TAMS 0x00000000a3a00000| PB 0x00000000a3a00000| Untracked 
| 571|0x00000000a3b00000, 0x00000000a3c00000, 0x00000000a3c00000|100%| O|  |TAMS 0x00000000a3b00000| PB 0x00000000a3b00000| Untracked 
| 572|0x00000000a3c00000, 0x00000000a3d00000, 0x00000000a3d00000|100%| O|  |TAMS 0x00000000a3c00000| PB 0x00000000a3c00000| Untracked 
| 573|0x00000000a3d00000, 0x00000000a3e00000, 0x00000000a3e00000|100%| O|  |TAMS 0x00000000a3d00000| PB 0x00000000a3d00000| Untracked 
| 574|0x00000000a3e00000, 0x00000000a3f00000, 0x00000000a3f00000|100%| O|  |TAMS 0x00000000a3e00000| PB 0x00000000a3e00000| Untracked 
| 575|0x00000000a3f00000, 0x00000000a4000000, 0x00000000a4000000|100%| O|  |TAMS 0x00000000a3f00000| PB 0x00000000a3f00000| Untracked 
| 576|0x00000000a4000000, 0x00000000a4100000, 0x00000000a4100000|100%|HS|  |TAMS 0x00000000a4000000| PB 0x00000000a4000000| Complete 
| 577|0x00000000a4100000, 0x00000000a4200000, 0x00000000a4200000|100%| O|  |TAMS 0x00000000a4100000| PB 0x00000000a4100000| Untracked 
| 578|0x00000000a4200000, 0x00000000a4300000, 0x00000000a4300000|100%| O|  |TAMS 0x00000000a4200000| PB 0x00000000a4200000| Untracked 
| 579|0x00000000a4300000, 0x00000000a4400000, 0x00000000a4400000|100%| O|  |TAMS 0x00000000a4300000| PB 0x00000000a4300000| Untracked 
| 580|0x00000000a4400000, 0x00000000a4500000, 0x00000000a4500000|100%| O|  |TAMS 0x00000000a4400000| PB 0x00000000a4400000| Untracked 
| 581|0x00000000a4500000, 0x00000000a4600000, 0x00000000a4600000|100%| O|Cm|TAMS 0x00000000a4500000| PB 0x00000000a4500000| Complete 
| 582|0x00000000a4600000, 0x00000000a4700000, 0x00000000a4700000|100%| O|  |TAMS 0x00000000a4600000| PB 0x00000000a4600000| Untracked 
| 583|0x00000000a4700000, 0x00000000a4800000, 0x00000000a4800000|100%| O|  |TAMS 0x00000000a4700000| PB 0x00000000a4700000| Untracked 
| 584|0x00000000a4800000, 0x00000000a4900000, 0x00000000a4900000|100%| O|  |TAMS 0x00000000a4800000| PB 0x00000000a4800000| Untracked 
| 585|0x00000000a4900000, 0x00000000a4a00000, 0x00000000a4a00000|100%| O|  |TAMS 0x00000000a4900000| PB 0x00000000a4900000| Untracked 
| 586|0x00000000a4a00000, 0x00000000a4b00000, 0x00000000a4b00000|100%| O|  |TAMS 0x00000000a4a00000| PB 0x00000000a4a00000| Untracked 
| 587|0x00000000a4b00000, 0x00000000a4c00000, 0x00000000a4c00000|100%| O|  |TAMS 0x00000000a4b00000| PB 0x00000000a4b00000| Untracked 
| 588|0x00000000a4c00000, 0x00000000a4d00000, 0x00000000a4d00000|100%| O|  |TAMS 0x00000000a4c00000| PB 0x00000000a4c00000| Untracked 
| 589|0x00000000a4d00000, 0x00000000a4e00000, 0x00000000a4e00000|100%| O|  |TAMS 0x00000000a4d00000| PB 0x00000000a4d00000| Untracked 
| 590|0x00000000a4e00000, 0x00000000a4f00000, 0x00000000a4f00000|100%| O|  |TAMS 0x00000000a4e00000| PB 0x00000000a4e00000| Untracked 
| 591|0x00000000a4f00000, 0x00000000a5000000, 0x00000000a5000000|100%| O|  |TAMS 0x00000000a4f00000| PB 0x00000000a4f00000| Untracked 
| 592|0x00000000a5000000, 0x00000000a5100000, 0x00000000a5100000|100%| O|  |TAMS 0x00000000a5000000| PB 0x00000000a5000000| Untracked 
| 593|0x00000000a5100000, 0x00000000a5200000, 0x00000000a5200000|100%| O|  |TAMS 0x00000000a5100000| PB 0x00000000a5100000| Untracked 
| 594|0x00000000a5200000, 0x00000000a5300000, 0x00000000a5300000|100%| O|  |TAMS 0x00000000a5200000| PB 0x00000000a5200000| Untracked 
| 595|0x00000000a5300000, 0x00000000a5400000, 0x00000000a5400000|100%| O|  |TAMS 0x00000000a5300000| PB 0x00000000a5300000| Untracked 
| 596|0x00000000a5400000, 0x00000000a5500000, 0x00000000a5500000|100%| O|  |TAMS 0x00000000a5400000| PB 0x00000000a5400000| Untracked 
| 597|0x00000000a5500000, 0x00000000a5600000, 0x00000000a5600000|100%| O|  |TAMS 0x00000000a5500000| PB 0x00000000a5500000| Untracked 
| 598|0x00000000a5600000, 0x00000000a5700000, 0x00000000a5700000|100%| O|  |TAMS 0x00000000a5600000| PB 0x00000000a5600000| Untracked 
| 599|0x00000000a5700000, 0x00000000a5800000, 0x00000000a5800000|100%| O|  |TAMS 0x00000000a5700000| PB 0x00000000a5700000| Untracked 
| 600|0x00000000a5800000, 0x00000000a5900000, 0x00000000a5900000|100%| O|  |TAMS 0x00000000a5800000| PB 0x00000000a5800000| Untracked 
| 601|0x00000000a5900000, 0x00000000a5a00000, 0x00000000a5a00000|100%| O|  |TAMS 0x00000000a5900000| PB 0x00000000a5900000| Untracked 
| 602|0x00000000a5a00000, 0x00000000a5b00000, 0x00000000a5b00000|100%| O|  |TAMS 0x00000000a5a00000| PB 0x00000000a5a00000| Untracked 
| 603|0x00000000a5b00000, 0x00000000a5c00000, 0x00000000a5c00000|100%| O|  |TAMS 0x00000000a5b00000| PB 0x00000000a5b00000| Untracked 
| 604|0x00000000a5c00000, 0x00000000a5d00000, 0x00000000a5d00000|100%|HS|  |TAMS 0x00000000a5c00000| PB 0x00000000a5c00000| Complete 
| 605|0x00000000a5d00000, 0x00000000a5e00000, 0x00000000a5e00000|100%| O|  |TAMS 0x00000000a5d00000| PB 0x00000000a5d00000| Untracked 
| 606|0x00000000a5e00000, 0x00000000a5f00000, 0x00000000a5f00000|100%| O|  |TAMS 0x00000000a5e00000| PB 0x00000000a5e00000| Untracked 
| 607|0x00000000a5f00000, 0x00000000a6000000, 0x00000000a6000000|100%| O|  |TAMS 0x00000000a5f00000| PB 0x00000000a5f00000| Untracked 
| 608|0x00000000a6000000, 0x00000000a6100000, 0x00000000a6100000|100%| O|  |TAMS 0x00000000a6000000| PB 0x00000000a6000000| Untracked 
| 609|0x00000000a6100000, 0x00000000a6200000, 0x00000000a6200000|100%| O|  |TAMS 0x00000000a6100000| PB 0x00000000a6100000| Untracked 
| 610|0x00000000a6200000, 0x00000000a6300000, 0x00000000a6300000|100%| O|  |TAMS 0x00000000a6200000| PB 0x00000000a6200000| Untracked 
| 611|0x00000000a6300000, 0x00000000a6400000, 0x00000000a6400000|100%| O|  |TAMS 0x00000000a6300000| PB 0x00000000a6300000| Untracked 
| 612|0x00000000a6400000, 0x00000000a6500000, 0x00000000a6500000|100%| O|  |TAMS 0x00000000a6400000| PB 0x00000000a6400000| Untracked 
| 613|0x00000000a6500000, 0x00000000a6600000, 0x00000000a6600000|100%| O|  |TAMS 0x00000000a6500000| PB 0x00000000a6500000| Untracked 
| 614|0x00000000a6600000, 0x00000000a6700000, 0x00000000a6700000|100%| O|  |TAMS 0x00000000a6600000| PB 0x00000000a6600000| Untracked 
| 615|0x00000000a6700000, 0x00000000a6800000, 0x00000000a6800000|100%| O|  |TAMS 0x00000000a6700000| PB 0x00000000a6700000| Untracked 
| 616|0x00000000a6800000, 0x00000000a6900000, 0x00000000a6900000|100%| O|  |TAMS 0x00000000a6800000| PB 0x00000000a6800000| Untracked 
| 617|0x00000000a6900000, 0x00000000a6a00000, 0x00000000a6a00000|100%| O|  |TAMS 0x00000000a6900000| PB 0x00000000a6900000| Untracked 
| 618|0x00000000a6a00000, 0x00000000a6b00000, 0x00000000a6b00000|100%| O|  |TAMS 0x00000000a6a00000| PB 0x00000000a6a00000| Untracked 
| 619|0x00000000a6b00000, 0x00000000a6c00000, 0x00000000a6c00000|100%|HS|  |TAMS 0x00000000a6b00000| PB 0x00000000a6b00000| Complete 
| 620|0x00000000a6c00000, 0x00000000a6d00000, 0x00000000a6d00000|100%| O|Cm|TAMS 0x00000000a6c00000| PB 0x00000000a6c00000| Complete 
| 621|0x00000000a6d00000, 0x00000000a6e00000, 0x00000000a6e00000|100%| O|  |TAMS 0x00000000a6d00000| PB 0x00000000a6d00000| Untracked 
| 622|0x00000000a6e00000, 0x00000000a6f00000, 0x00000000a6f00000|100%| O|  |TAMS 0x00000000a6e00000| PB 0x00000000a6e00000| Untracked 
| 623|0x00000000a6f00000, 0x00000000a7000000, 0x00000000a7000000|100%| O|  |TAMS 0x00000000a6f00000| PB 0x00000000a6f00000| Untracked 
| 624|0x00000000a7000000, 0x00000000a7100000, 0x00000000a7100000|100%| O|  |TAMS 0x00000000a7000000| PB 0x00000000a7000000| Untracked 
| 625|0x00000000a7100000, 0x00000000a7200000, 0x00000000a7200000|100%| O|  |TAMS 0x00000000a7100000| PB 0x00000000a7100000| Untracked 
| 626|0x00000000a7200000, 0x00000000a7300000, 0x00000000a7300000|100%| O|  |TAMS 0x00000000a7200000| PB 0x00000000a7200000| Untracked 
| 627|0x00000000a7300000, 0x00000000a7400000, 0x00000000a7400000|100%| O|Cm|TAMS 0x00000000a7300000| PB 0x00000000a7300000| Complete 
| 628|0x00000000a7400000, 0x00000000a7500000, 0x00000000a7500000|100%| O|  |TAMS 0x00000000a7400000| PB 0x00000000a7400000| Untracked 
| 629|0x00000000a7500000, 0x00000000a7600000, 0x00000000a7600000|100%| O|Cm|TAMS 0x00000000a7500000| PB 0x00000000a7500000| Complete 
| 630|0x00000000a7600000, 0x00000000a7700000, 0x00000000a7700000|100%| O|  |TAMS 0x00000000a7600000| PB 0x00000000a7600000| Untracked 
| 631|0x00000000a7700000, 0x00000000a7800000, 0x00000000a7800000|100%| O|Cm|TAMS 0x00000000a7700000| PB 0x00000000a7700000| Complete 
| 632|0x00000000a7800000, 0x00000000a7900000, 0x00000000a7900000|100%| O|Cm|TAMS 0x00000000a7800000| PB 0x00000000a7800000| Complete 
| 633|0x00000000a7900000, 0x00000000a7a00000, 0x00000000a7a00000|100%| O|  |TAMS 0x00000000a7900000| PB 0x00000000a7900000| Untracked 
| 634|0x00000000a7a00000, 0x00000000a7b00000, 0x00000000a7b00000|100%| O|  |TAMS 0x00000000a7a00000| PB 0x00000000a7a00000| Untracked 
| 635|0x00000000a7b00000, 0x00000000a7c00000, 0x00000000a7c00000|100%| O|  |TAMS 0x00000000a7b00000| PB 0x00000000a7b00000| Untracked 
| 636|0x00000000a7c00000, 0x00000000a7d00000, 0x00000000a7d00000|100%| O|  |TAMS 0x00000000a7c00000| PB 0x00000000a7c00000| Untracked 
| 637|0x00000000a7d00000, 0x00000000a7e00000, 0x00000000a7e00000|100%| O|  |TAMS 0x00000000a7d00000| PB 0x00000000a7d00000| Untracked 
| 638|0x00000000a7e00000, 0x00000000a7f00000, 0x00000000a7f00000|100%| O|  |TAMS 0x00000000a7e00000| PB 0x00000000a7e00000| Untracked 
| 639|0x00000000a7f00000, 0x00000000a8000000, 0x00000000a8000000|100%| O|  |TAMS 0x00000000a7f00000| PB 0x00000000a7f00000| Untracked 
| 640|0x00000000a8000000, 0x00000000a8100000, 0x00000000a8100000|100%| O|  |TAMS 0x00000000a8000000| PB 0x00000000a8000000| Untracked 
| 641|0x00000000a8100000, 0x00000000a8200000, 0x00000000a8200000|100%| O|  |TAMS 0x00000000a8100000| PB 0x00000000a8100000| Untracked 
| 642|0x00000000a8200000, 0x00000000a8300000, 0x00000000a8300000|100%| O|  |TAMS 0x00000000a8200000| PB 0x00000000a8200000| Untracked 
| 643|0x00000000a8300000, 0x00000000a8400000, 0x00000000a8400000|100%| O|  |TAMS 0x00000000a8300000| PB 0x00000000a8300000| Untracked 
| 644|0x00000000a8400000, 0x00000000a8500000, 0x00000000a8500000|100%| O|  |TAMS 0x00000000a8400000| PB 0x00000000a8400000| Untracked 
| 645|0x00000000a8500000, 0x00000000a8600000, 0x00000000a8600000|100%| O|  |TAMS 0x00000000a8500000| PB 0x00000000a8500000| Untracked 
| 646|0x00000000a8600000, 0x00000000a8700000, 0x00000000a8700000|100%| O|  |TAMS 0x00000000a8600000| PB 0x00000000a8600000| Untracked 
| 647|0x00000000a8700000, 0x00000000a8800000, 0x00000000a8800000|100%| O|  |TAMS 0x00000000a8700000| PB 0x00000000a8700000| Untracked 
| 648|0x00000000a8800000, 0x00000000a8900000, 0x00000000a8900000|100%| O|  |TAMS 0x00000000a8800000| PB 0x00000000a8800000| Untracked 
| 649|0x00000000a8900000, 0x00000000a8a00000, 0x00000000a8a00000|100%| O|  |TAMS 0x00000000a8900000| PB 0x00000000a8900000| Untracked 
| 650|0x00000000a8a00000, 0x00000000a8b00000, 0x00000000a8b00000|100%| O|  |TAMS 0x00000000a8a00000| PB 0x00000000a8a00000| Untracked 
| 651|0x00000000a8b00000, 0x00000000a8c00000, 0x00000000a8c00000|100%| O|  |TAMS 0x00000000a8b00000| PB 0x00000000a8b00000| Untracked 
| 652|0x00000000a8c00000, 0x00000000a8d00000, 0x00000000a8d00000|100%| O|  |TAMS 0x00000000a8c00000| PB 0x00000000a8c00000| Untracked 
| 653|0x00000000a8d00000, 0x00000000a8e00000, 0x00000000a8e00000|100%| O|  |TAMS 0x00000000a8d00000| PB 0x00000000a8d00000| Untracked 
| 654|0x00000000a8e00000, 0x00000000a8f00000, 0x00000000a8f00000|100%| O|  |TAMS 0x00000000a8e00000| PB 0x00000000a8e00000| Untracked 
| 655|0x00000000a8f00000, 0x00000000a9000000, 0x00000000a9000000|100%| O|  |TAMS 0x00000000a8f00000| PB 0x00000000a8f00000| Untracked 
| 656|0x00000000a9000000, 0x00000000a9100000, 0x00000000a9100000|100%| O|  |TAMS 0x00000000a9000000| PB 0x00000000a9000000| Untracked 
| 657|0x00000000a9100000, 0x00000000a9200000, 0x00000000a9200000|100%| O|  |TAMS 0x00000000a9100000| PB 0x00000000a9100000| Untracked 
| 658|0x00000000a9200000, 0x00000000a9300000, 0x00000000a9300000|100%| O|  |TAMS 0x00000000a9200000| PB 0x00000000a9200000| Untracked 
| 659|0x00000000a9300000, 0x00000000a9400000, 0x00000000a9400000|100%| O|  |TAMS 0x00000000a9300000| PB 0x00000000a9300000| Untracked 
| 660|0x00000000a9400000, 0x00000000a9500000, 0x00000000a9500000|100%| O|  |TAMS 0x00000000a9400000| PB 0x00000000a9400000| Untracked 
| 661|0x00000000a9500000, 0x00000000a9600000, 0x00000000a9600000|100%| O|  |TAMS 0x00000000a9500000| PB 0x00000000a9500000| Untracked 
| 662|0x00000000a9600000, 0x00000000a9700000, 0x00000000a9700000|100%| O|  |TAMS 0x00000000a9600000| PB 0x00000000a9600000| Untracked 
| 663|0x00000000a9700000, 0x00000000a9800000, 0x00000000a9800000|100%| O|  |TAMS 0x00000000a9700000| PB 0x00000000a9700000| Untracked 
| 664|0x00000000a9800000, 0x00000000a9900000, 0x00000000a9900000|100%| O|  |TAMS 0x00000000a9800000| PB 0x00000000a9800000| Untracked 
| 665|0x00000000a9900000, 0x00000000a9a00000, 0x00000000a9a00000|100%| O|  |TAMS 0x00000000a9900000| PB 0x00000000a9900000| Untracked 
| 666|0x00000000a9a00000, 0x00000000a9b00000, 0x00000000a9b00000|100%| O|  |TAMS 0x00000000a9a00000| PB 0x00000000a9a00000| Untracked 
| 667|0x00000000a9b00000, 0x00000000a9c00000, 0x00000000a9c00000|100%| O|  |TAMS 0x00000000a9b00000| PB 0x00000000a9b00000| Untracked 
| 668|0x00000000a9c00000, 0x00000000a9d00000, 0x00000000a9d00000|100%| O|  |TAMS 0x00000000a9c00000| PB 0x00000000a9c00000| Untracked 
| 669|0x00000000a9d00000, 0x00000000a9e00000, 0x00000000a9e00000|100%| O|  |TAMS 0x00000000a9d00000| PB 0x00000000a9d00000| Untracked 
| 670|0x00000000a9e00000, 0x00000000a9f00000, 0x00000000a9f00000|100%| O|  |TAMS 0x00000000a9e00000| PB 0x00000000a9e00000| Untracked 
| 671|0x00000000a9f00000, 0x00000000aa000000, 0x00000000aa000000|100%| O|  |TAMS 0x00000000a9f00000| PB 0x00000000a9f00000| Untracked 
| 672|0x00000000aa000000, 0x00000000aa100000, 0x00000000aa100000|100%| O|  |TAMS 0x00000000aa000000| PB 0x00000000aa000000| Untracked 
| 673|0x00000000aa100000, 0x00000000aa200000, 0x00000000aa200000|100%| O|  |TAMS 0x00000000aa100000| PB 0x00000000aa100000| Untracked 
| 674|0x00000000aa200000, 0x00000000aa300000, 0x00000000aa300000|100%| O|  |TAMS 0x00000000aa200000| PB 0x00000000aa200000| Untracked 
| 675|0x00000000aa300000, 0x00000000aa400000, 0x00000000aa400000|100%| O|  |TAMS 0x00000000aa300000| PB 0x00000000aa300000| Untracked 
| 676|0x00000000aa400000, 0x00000000aa500000, 0x00000000aa500000|100%| O|  |TAMS 0x00000000aa400000| PB 0x00000000aa400000| Untracked 
| 677|0x00000000aa500000, 0x00000000aa600000, 0x00000000aa600000|100%| O|  |TAMS 0x00000000aa500000| PB 0x00000000aa500000| Untracked 
| 678|0x00000000aa600000, 0x00000000aa700000, 0x00000000aa700000|100%| O|  |TAMS 0x00000000aa600000| PB 0x00000000aa600000| Untracked 
| 679|0x00000000aa700000, 0x00000000aa800000, 0x00000000aa800000|100%| O|  |TAMS 0x00000000aa700000| PB 0x00000000aa700000| Untracked 
| 680|0x00000000aa800000, 0x00000000aa900000, 0x00000000aa900000|100%| O|  |TAMS 0x00000000aa800000| PB 0x00000000aa800000| Untracked 
| 681|0x00000000aa900000, 0x00000000aaa00000, 0x00000000aaa00000|100%| O|  |TAMS 0x00000000aa900000| PB 0x00000000aa900000| Untracked 
| 682|0x00000000aaa00000, 0x00000000aab00000, 0x00000000aab00000|100%| O|  |TAMS 0x00000000aaa00000| PB 0x00000000aaa00000| Untracked 
| 683|0x00000000aab00000, 0x00000000aac00000, 0x00000000aac00000|100%| O|  |TAMS 0x00000000aab00000| PB 0x00000000aab00000| Untracked 
| 684|0x00000000aac00000, 0x00000000aad00000, 0x00000000aad00000|100%| O|  |TAMS 0x00000000aac00000| PB 0x00000000aac00000| Untracked 
| 685|0x00000000aad00000, 0x00000000aad80000, 0x00000000aae00000| 50%| O|  |TAMS 0x00000000aad00000| PB 0x00000000aad00000| Untracked 
| 686|0x00000000aae00000, 0x00000000aaf00000, 0x00000000aaf00000|100%|HS|  |TAMS 0x00000000aae00000| PB 0x00000000aae00000| Complete 
| 687|0x00000000aaf00000, 0x00000000ab000000, 0x00000000ab000000|100%|HC|  |TAMS 0x00000000aaf00000| PB 0x00000000aaf00000| Complete 
| 688|0x00000000ab000000, 0x00000000ab100000, 0x00000000ab100000|100%|HS|  |TAMS 0x00000000ab000000| PB 0x00000000ab000000| Complete 
| 689|0x00000000ab100000, 0x00000000ab200000, 0x00000000ab200000|100%|HC|  |TAMS 0x00000000ab100000| PB 0x00000000ab100000| Complete 
| 690|0x00000000ab200000, 0x00000000ab300000, 0x00000000ab300000|100%|HS|  |TAMS 0x00000000ab200000| PB 0x00000000ab200000| Complete 
| 691|0x00000000ab300000, 0x00000000ab400000, 0x00000000ab400000|100%|HS|  |TAMS 0x00000000ab300000| PB 0x00000000ab300000| Complete 
| 692|0x00000000ab400000, 0x00000000ab500000, 0x00000000ab500000|100%|HC|  |TAMS 0x00000000ab400000| PB 0x00000000ab400000| Complete 
| 693|0x00000000ab500000, 0x00000000ab500000, 0x00000000ab600000|  0%| F|  |TAMS 0x00000000ab500000| PB 0x00000000ab500000| Untracked 
| 694|0x00000000ab600000, 0x00000000ab600000, 0x00000000ab700000|  0%| F|  |TAMS 0x00000000ab600000| PB 0x00000000ab600000| Untracked 
| 695|0x00000000ab700000, 0x00000000ab700000, 0x00000000ab800000|  0%| F|  |TAMS 0x00000000ab700000| PB 0x00000000ab700000| Untracked 
| 696|0x00000000ab800000, 0x00000000ab800000, 0x00000000ab900000|  0%| F|  |TAMS 0x00000000ab800000| PB 0x00000000ab800000| Untracked 
| 697|0x00000000ab900000, 0x00000000ab900000, 0x00000000aba00000|  0%| F|  |TAMS 0x00000000ab900000| PB 0x00000000ab900000| Untracked 
| 698|0x00000000aba00000, 0x00000000aba00000, 0x00000000abb00000|  0%| F|  |TAMS 0x00000000aba00000| PB 0x00000000aba00000| Untracked 
| 699|0x00000000abb00000, 0x00000000abb00000, 0x00000000abc00000|  0%| F|  |TAMS 0x00000000abb00000| PB 0x00000000abb00000| Untracked 
| 700|0x00000000abc00000, 0x00000000abc00000, 0x00000000abd00000|  0%| F|  |TAMS 0x00000000abc00000| PB 0x00000000abc00000| Untracked 
| 701|0x00000000abd00000, 0x00000000abd00000, 0x00000000abe00000|  0%| F|  |TAMS 0x00000000abd00000| PB 0x00000000abd00000| Untracked 
| 702|0x00000000abe00000, 0x00000000abe00000, 0x00000000abf00000|  0%| F|  |TAMS 0x00000000abe00000| PB 0x00000000abe00000| Untracked 
| 703|0x00000000abf00000, 0x00000000abf00000, 0x00000000ac000000|  0%| F|  |TAMS 0x00000000abf00000| PB 0x00000000abf00000| Untracked 
| 704|0x00000000ac000000, 0x00000000ac000000, 0x00000000ac100000|  0%| F|  |TAMS 0x00000000ac000000| PB 0x00000000ac000000| Untracked 
| 705|0x00000000ac100000, 0x00000000ac100000, 0x00000000ac200000|  0%| F|  |TAMS 0x00000000ac100000| PB 0x00000000ac100000| Untracked 
| 706|0x00000000ac200000, 0x00000000ac200000, 0x00000000ac300000|  0%| F|  |TAMS 0x00000000ac200000| PB 0x00000000ac200000| Untracked 
| 707|0x00000000ac300000, 0x00000000ac300000, 0x00000000ac400000|  0%| F|  |TAMS 0x00000000ac300000| PB 0x00000000ac300000| Untracked 
| 708|0x00000000ac400000, 0x00000000ac400000, 0x00000000ac500000|  0%| F|  |TAMS 0x00000000ac400000| PB 0x00000000ac400000| Untracked 
| 709|0x00000000ac500000, 0x00000000ac500000, 0x00000000ac600000|  0%| F|  |TAMS 0x00000000ac500000| PB 0x00000000ac500000| Untracked 
| 710|0x00000000ac600000, 0x00000000ac600000, 0x00000000ac700000|  0%| F|  |TAMS 0x00000000ac600000| PB 0x00000000ac600000| Untracked 
| 711|0x00000000ac700000, 0x00000000ac700000, 0x00000000ac800000|  0%| F|  |TAMS 0x00000000ac700000| PB 0x00000000ac700000| Untracked 
| 712|0x00000000ac800000, 0x00000000ac800000, 0x00000000ac900000|  0%| F|  |TAMS 0x00000000ac800000| PB 0x00000000ac800000| Untracked 
| 713|0x00000000ac900000, 0x00000000ac900000, 0x00000000aca00000|  0%| F|  |TAMS 0x00000000ac900000| PB 0x00000000ac900000| Untracked 
| 714|0x00000000aca00000, 0x00000000aca00000, 0x00000000acb00000|  0%| F|  |TAMS 0x00000000aca00000| PB 0x00000000aca00000| Untracked 
| 715|0x00000000acb00000, 0x00000000acb00000, 0x00000000acc00000|  0%| F|  |TAMS 0x00000000acb00000| PB 0x00000000acb00000| Untracked 
| 716|0x00000000acc00000, 0x00000000acc00000, 0x00000000acd00000|  0%| F|  |TAMS 0x00000000acc00000| PB 0x00000000acc00000| Untracked 
| 717|0x00000000acd00000, 0x00000000acd00000, 0x00000000ace00000|  0%| F|  |TAMS 0x00000000acd00000| PB 0x00000000acd00000| Untracked 
| 718|0x00000000ace00000, 0x00000000ace00000, 0x00000000acf00000|  0%| F|  |TAMS 0x00000000ace00000| PB 0x00000000ace00000| Untracked 
| 719|0x00000000acf00000, 0x00000000acf00000, 0x00000000ad000000|  0%| F|  |TAMS 0x00000000acf00000| PB 0x00000000acf00000| Untracked 
| 720|0x00000000ad000000, 0x00000000ad000000, 0x00000000ad100000|  0%| F|  |TAMS 0x00000000ad000000| PB 0x00000000ad000000| Untracked 
| 721|0x00000000ad100000, 0x00000000ad100000, 0x00000000ad200000|  0%| F|  |TAMS 0x00000000ad100000| PB 0x00000000ad100000| Untracked 
| 722|0x00000000ad200000, 0x00000000ad200000, 0x00000000ad300000|  0%| F|  |TAMS 0x00000000ad200000| PB 0x00000000ad200000| Untracked 
| 723|0x00000000ad300000, 0x00000000ad300000, 0x00000000ad400000|  0%| F|  |TAMS 0x00000000ad300000| PB 0x00000000ad300000| Untracked 
| 724|0x00000000ad400000, 0x00000000ad400000, 0x00000000ad500000|  0%| F|  |TAMS 0x00000000ad400000| PB 0x00000000ad400000| Untracked 
| 725|0x00000000ad500000, 0x00000000ad500000, 0x00000000ad600000|  0%| F|  |TAMS 0x00000000ad500000| PB 0x00000000ad500000| Untracked 
| 726|0x00000000ad600000, 0x00000000ad600000, 0x00000000ad700000|  0%| F|  |TAMS 0x00000000ad600000| PB 0x00000000ad600000| Untracked 
| 727|0x00000000ad700000, 0x00000000ad700000, 0x00000000ad800000|  0%| F|  |TAMS 0x00000000ad700000| PB 0x00000000ad700000| Untracked 
| 728|0x00000000ad800000, 0x00000000ad800000, 0x00000000ad900000|  0%| F|  |TAMS 0x00000000ad800000| PB 0x00000000ad800000| Untracked 
| 729|0x00000000ad900000, 0x00000000ad900000, 0x00000000ada00000|  0%| F|  |TAMS 0x00000000ad900000| PB 0x00000000ad900000| Untracked 
| 730|0x00000000ada00000, 0x00000000ada00000, 0x00000000adb00000|  0%| F|  |TAMS 0x00000000ada00000| PB 0x00000000ada00000| Untracked 
| 731|0x00000000adb00000, 0x00000000adb00000, 0x00000000adc00000|  0%| F|  |TAMS 0x00000000adb00000| PB 0x00000000adb00000| Untracked 
| 732|0x00000000adc00000, 0x00000000adc00000, 0x00000000add00000|  0%| F|  |TAMS 0x00000000adc00000| PB 0x00000000adc00000| Untracked 
| 733|0x00000000add00000, 0x00000000add00000, 0x00000000ade00000|  0%| F|  |TAMS 0x00000000add00000| PB 0x00000000add00000| Untracked 
| 734|0x00000000ade00000, 0x00000000ade00000, 0x00000000adf00000|  0%| F|  |TAMS 0x00000000ade00000| PB 0x00000000ade00000| Untracked 
| 735|0x00000000adf00000, 0x00000000adf00000, 0x00000000ae000000|  0%| F|  |TAMS 0x00000000adf00000| PB 0x00000000adf00000| Untracked 
| 736|0x00000000ae000000, 0x00000000ae000000, 0x00000000ae100000|  0%| F|  |TAMS 0x00000000ae000000| PB 0x00000000ae000000| Untracked 
| 737|0x00000000ae100000, 0x00000000ae100000, 0x00000000ae200000|  0%| F|  |TAMS 0x00000000ae100000| PB 0x00000000ae100000| Untracked 
| 738|0x00000000ae200000, 0x00000000ae200000, 0x00000000ae300000|  0%| F|  |TAMS 0x00000000ae200000| PB 0x00000000ae200000| Untracked 
| 739|0x00000000ae300000, 0x00000000ae300000, 0x00000000ae400000|  0%| F|  |TAMS 0x00000000ae300000| PB 0x00000000ae300000| Untracked 
| 740|0x00000000ae400000, 0x00000000ae400000, 0x00000000ae500000|  0%| F|  |TAMS 0x00000000ae400000| PB 0x00000000ae400000| Untracked 
| 741|0x00000000ae500000, 0x00000000ae500000, 0x00000000ae600000|  0%| F|  |TAMS 0x00000000ae500000| PB 0x00000000ae500000| Untracked 
| 742|0x00000000ae600000, 0x00000000ae600000, 0x00000000ae700000|  0%| F|  |TAMS 0x00000000ae600000| PB 0x00000000ae600000| Untracked 
| 743|0x00000000ae700000, 0x00000000ae700000, 0x00000000ae800000|  0%| F|  |TAMS 0x00000000ae700000| PB 0x00000000ae700000| Untracked 
| 744|0x00000000ae800000, 0x00000000ae800000, 0x00000000ae900000|  0%| F|  |TAMS 0x00000000ae800000| PB 0x00000000ae800000| Untracked 
| 745|0x00000000ae900000, 0x00000000ae900000, 0x00000000aea00000|  0%| F|  |TAMS 0x00000000ae900000| PB 0x00000000ae900000| Untracked 
| 746|0x00000000aea00000, 0x00000000aea00000, 0x00000000aeb00000|  0%| F|  |TAMS 0x00000000aea00000| PB 0x00000000aea00000| Untracked 
| 747|0x00000000aeb00000, 0x00000000aeb00000, 0x00000000aec00000|  0%| F|  |TAMS 0x00000000aeb00000| PB 0x00000000aeb00000| Untracked 
| 748|0x00000000aec00000, 0x00000000aec00000, 0x00000000aed00000|  0%| F|  |TAMS 0x00000000aec00000| PB 0x00000000aec00000| Untracked 
| 749|0x00000000aed00000, 0x00000000aed00000, 0x00000000aee00000|  0%| F|  |TAMS 0x00000000aed00000| PB 0x00000000aed00000| Untracked 
| 750|0x00000000aee00000, 0x00000000aee00000, 0x00000000aef00000|  0%| F|  |TAMS 0x00000000aee00000| PB 0x00000000aee00000| Untracked 
| 751|0x00000000aef00000, 0x00000000aef00000, 0x00000000af000000|  0%| F|  |TAMS 0x00000000aef00000| PB 0x00000000aef00000| Untracked 
| 752|0x00000000af000000, 0x00000000af000000, 0x00000000af100000|  0%| F|  |TAMS 0x00000000af000000| PB 0x00000000af000000| Untracked 
| 753|0x00000000af100000, 0x00000000af100000, 0x00000000af200000|  0%| F|  |TAMS 0x00000000af100000| PB 0x00000000af100000| Untracked 
| 754|0x00000000af200000, 0x00000000af200000, 0x00000000af300000|  0%| F|  |TAMS 0x00000000af200000| PB 0x00000000af200000| Untracked 
| 755|0x00000000af300000, 0x00000000af300000, 0x00000000af400000|  0%| F|  |TAMS 0x00000000af300000| PB 0x00000000af300000| Untracked 
| 756|0x00000000af400000, 0x00000000af400000, 0x00000000af500000|  0%| F|  |TAMS 0x00000000af400000| PB 0x00000000af400000| Untracked 
| 757|0x00000000af500000, 0x00000000af500000, 0x00000000af600000|  0%| F|  |TAMS 0x00000000af500000| PB 0x00000000af500000| Untracked 
| 758|0x00000000af600000, 0x00000000af600000, 0x00000000af700000|  0%| F|  |TAMS 0x00000000af600000| PB 0x00000000af600000| Untracked 
| 759|0x00000000af700000, 0x00000000af700000, 0x00000000af800000|  0%| F|  |TAMS 0x00000000af700000| PB 0x00000000af700000| Untracked 
| 760|0x00000000af800000, 0x00000000af800000, 0x00000000af900000|  0%| F|  |TAMS 0x00000000af800000| PB 0x00000000af800000| Untracked 
| 761|0x00000000af900000, 0x00000000af900000, 0x00000000afa00000|  0%| F|  |TAMS 0x00000000af900000| PB 0x00000000af900000| Untracked 
| 762|0x00000000afa00000, 0x00000000afa00000, 0x00000000afb00000|  0%| F|  |TAMS 0x00000000afa00000| PB 0x00000000afa00000| Untracked 
| 763|0x00000000afb00000, 0x00000000afb00000, 0x00000000afc00000|  0%| F|  |TAMS 0x00000000afb00000| PB 0x00000000afb00000| Untracked 
| 764|0x00000000afc00000, 0x00000000afc00000, 0x00000000afd00000|  0%| F|  |TAMS 0x00000000afc00000| PB 0x00000000afc00000| Untracked 
| 765|0x00000000afd00000, 0x00000000afd00000, 0x00000000afe00000|  0%| F|  |TAMS 0x00000000afd00000| PB 0x00000000afd00000| Untracked 
| 766|0x00000000afe00000, 0x00000000aff00000, 0x00000000aff00000|100%|HS|  |TAMS 0x00000000afe00000| PB 0x00000000afe00000| Complete 
| 767|0x00000000aff00000, 0x00000000b0000000, 0x00000000b0000000|100%|HC|  |TAMS 0x00000000aff00000| PB 0x00000000aff00000| Complete 
| 768|0x00000000b0000000, 0x00000000b0100000, 0x00000000b0100000|100%|HC|  |TAMS 0x00000000b0000000| PB 0x00000000b0000000| Complete 
| 769|0x00000000b0100000, 0x00000000b0200000, 0x00000000b0200000|100%|HC|  |TAMS 0x00000000b0100000| PB 0x00000000b0100000| Complete 
| 770|0x00000000b0200000, 0x00000000b0300000, 0x00000000b0300000|100%|HC|  |TAMS 0x00000000b0200000| PB 0x00000000b0200000| Complete 
| 771|0x00000000b0300000, 0x00000000b0400000, 0x00000000b0400000|100%|HC|  |TAMS 0x00000000b0300000| PB 0x00000000b0300000| Complete 
| 772|0x00000000b0400000, 0x00000000b0500000, 0x00000000b0500000|100%|HS|  |TAMS 0x00000000b0400000| PB 0x00000000b0400000| Complete 
| 773|0x00000000b0500000, 0x00000000b0600000, 0x00000000b0600000|100%|HC|  |TAMS 0x00000000b0500000| PB 0x00000000b0500000| Complete 
| 774|0x00000000b0600000, 0x00000000b0700000, 0x00000000b0700000|100%|HC|  |TAMS 0x00000000b0600000| PB 0x00000000b0600000| Complete 
| 775|0x00000000b0700000, 0x00000000b0800000, 0x00000000b0800000|100%|HC|  |TAMS 0x00000000b0700000| PB 0x00000000b0700000| Complete 
| 776|0x00000000b0800000, 0x00000000b0900000, 0x00000000b0900000|100%|HC|  |TAMS 0x00000000b0800000| PB 0x00000000b0800000| Complete 
| 777|0x00000000b0900000, 0x00000000b0a00000, 0x00000000b0a00000|100%|HS|  |TAMS 0x00000000b0900000| PB 0x00000000b0900000| Complete 
| 778|0x00000000b0a00000, 0x00000000b0b00000, 0x00000000b0b00000|100%|HC|  |TAMS 0x00000000b0a00000| PB 0x00000000b0a00000| Complete 
| 779|0x00000000b0b00000, 0x00000000b0c00000, 0x00000000b0c00000|100%|HC|  |TAMS 0x00000000b0b00000| PB 0x00000000b0b00000| Complete 
| 780|0x00000000b0c00000, 0x00000000b0d00000, 0x00000000b0d00000|100%|HC|  |TAMS 0x00000000b0c00000| PB 0x00000000b0c00000| Complete 
| 781|0x00000000b0d00000, 0x00000000b0e00000, 0x00000000b0e00000|100%|HS|  |TAMS 0x00000000b0d00000| PB 0x00000000b0d00000| Complete 
| 782|0x00000000b0e00000, 0x00000000b0f00000, 0x00000000b0f00000|100%|HC|  |TAMS 0x00000000b0e00000| PB 0x00000000b0e00000| Complete 
| 783|0x00000000b0f00000, 0x00000000b1000000, 0x00000000b1000000|100%|HC|  |TAMS 0x00000000b0f00000| PB 0x00000000b0f00000| Complete 
| 784|0x00000000b1000000, 0x00000000b1100000, 0x00000000b1100000|100%|HC|  |TAMS 0x00000000b1000000| PB 0x00000000b1000000| Complete 
| 785|0x00000000b1100000, 0x00000000b1200000, 0x00000000b1200000|100%|HS|  |TAMS 0x00000000b1100000| PB 0x00000000b1100000| Complete 
| 786|0x00000000b1200000, 0x00000000b1300000, 0x00000000b1300000|100%|HC|  |TAMS 0x00000000b1200000| PB 0x00000000b1200000| Complete 
| 787|0x00000000b1300000, 0x00000000b1400000, 0x00000000b1400000|100%|HC|  |TAMS 0x00000000b1300000| PB 0x00000000b1300000| Complete 
| 788|0x00000000b1400000, 0x00000000b1500000, 0x00000000b1500000|100%|HS|  |TAMS 0x00000000b1400000| PB 0x00000000b1400000| Complete 
| 789|0x00000000b1500000, 0x00000000b1600000, 0x00000000b1600000|100%|HC|  |TAMS 0x00000000b1500000| PB 0x00000000b1500000| Complete 
| 790|0x00000000b1600000, 0x00000000b1700000, 0x00000000b1700000|100%|HC|  |TAMS 0x00000000b1600000| PB 0x00000000b1600000| Complete 
| 791|0x00000000b1700000, 0x00000000b1800000, 0x00000000b1800000|100%|HC|  |TAMS 0x00000000b1700000| PB 0x00000000b1700000| Complete 
| 792|0x00000000b1800000, 0x00000000b1900000, 0x00000000b1900000|100%|HS|  |TAMS 0x00000000b1800000| PB 0x00000000b1800000| Complete 
| 793|0x00000000b1900000, 0x00000000b1a00000, 0x00000000b1a00000|100%|HC|  |TAMS 0x00000000b1900000| PB 0x00000000b1900000| Complete 
| 794|0x00000000b1a00000, 0x00000000b1b00000, 0x00000000b1b00000|100%|HC|  |TAMS 0x00000000b1a00000| PB 0x00000000b1a00000| Complete 
| 795|0x00000000b1b00000, 0x00000000b1c00000, 0x00000000b1c00000|100%|HC|  |TAMS 0x00000000b1b00000| PB 0x00000000b1b00000| Complete 
| 796|0x00000000b1c00000, 0x00000000b1d00000, 0x00000000b1d00000|100%|HS|  |TAMS 0x00000000b1c00000| PB 0x00000000b1c00000| Complete 
| 797|0x00000000b1d00000, 0x00000000b1e00000, 0x00000000b1e00000|100%|HC|  |TAMS 0x00000000b1d00000| PB 0x00000000b1d00000| Complete 
| 798|0x00000000b1e00000, 0x00000000b1f00000, 0x00000000b1f00000|100%|HC|  |TAMS 0x00000000b1e00000| PB 0x00000000b1e00000| Complete 
| 799|0x00000000b1f00000, 0x00000000b2000000, 0x00000000b2000000|100%|HS|  |TAMS 0x00000000b1f00000| PB 0x00000000b1f00000| Complete 
| 800|0x00000000b2000000, 0x00000000b2100000, 0x00000000b2100000|100%|HC|  |TAMS 0x00000000b2000000| PB 0x00000000b2000000| Complete 
| 801|0x00000000b2100000, 0x00000000b2200000, 0x00000000b2200000|100%|HC|  |TAMS 0x00000000b2100000| PB 0x00000000b2100000| Complete 
| 802|0x00000000b2200000, 0x00000000b2200000, 0x00000000b2300000|  0%| F|  |TAMS 0x00000000b2200000| PB 0x00000000b2200000| Untracked 
| 803|0x00000000b2300000, 0x00000000b2300000, 0x00000000b2400000|  0%| F|  |TAMS 0x00000000b2300000| PB 0x00000000b2300000| Untracked 
| 804|0x00000000b2400000, 0x00000000b2400000, 0x00000000b2500000|  0%| F|  |TAMS 0x00000000b2400000| PB 0x00000000b2400000| Untracked 
| 805|0x00000000b2500000, 0x00000000b2600000, 0x00000000b2600000|100%|HS|  |TAMS 0x00000000b2500000| PB 0x00000000b2500000| Complete 
| 806|0x00000000b2600000, 0x00000000b2700000, 0x00000000b2700000|100%|HC|  |TAMS 0x00000000b2600000| PB 0x00000000b2600000| Complete 
| 807|0x00000000b2700000, 0x00000000b2800000, 0x00000000b2800000|100%|HC|  |TAMS 0x00000000b2700000| PB 0x00000000b2700000| Complete 
| 808|0x00000000b2800000, 0x00000000b2900000, 0x00000000b2900000|100%|HC|  |TAMS 0x00000000b2800000| PB 0x00000000b2800000| Complete 
| 809|0x00000000b2900000, 0x00000000b2900000, 0x00000000b2a00000|  0%| F|  |TAMS 0x00000000b2900000| PB 0x00000000b2900000| Untracked 
| 810|0x00000000b2a00000, 0x00000000b2a00000, 0x00000000b2b00000|  0%| F|  |TAMS 0x00000000b2a00000| PB 0x00000000b2a00000| Untracked 
| 811|0x00000000b2b00000, 0x00000000b2b00000, 0x00000000b2c00000|  0%| F|  |TAMS 0x00000000b2b00000| PB 0x00000000b2b00000| Untracked 
| 812|0x00000000b2c00000, 0x00000000b2d00000, 0x00000000b2d00000|100%|HS|  |TAMS 0x00000000b2c00000| PB 0x00000000b2c00000| Complete 
| 813|0x00000000b2d00000, 0x00000000b2e00000, 0x00000000b2e00000|100%|HC|  |TAMS 0x00000000b2d00000| PB 0x00000000b2d00000| Complete 
| 814|0x00000000b2e00000, 0x00000000b2f00000, 0x00000000b2f00000|100%|HC|  |TAMS 0x00000000b2e00000| PB 0x00000000b2e00000| Complete 
| 815|0x00000000b2f00000, 0x00000000b3000000, 0x00000000b3000000|100%|HC|  |TAMS 0x00000000b2f00000| PB 0x00000000b2f00000| Complete 
| 816|0x00000000b3000000, 0x00000000b3100000, 0x00000000b3100000|100%|HS|  |TAMS 0x00000000b3000000| PB 0x00000000b3000000| Complete 
| 817|0x00000000b3100000, 0x00000000b3100000, 0x00000000b3200000|  0%| F|  |TAMS 0x00000000b3100000| PB 0x00000000b3100000| Untracked 
| 818|0x00000000b3200000, 0x00000000b3200000, 0x00000000b3300000|  0%| F|  |TAMS 0x00000000b3200000| PB 0x00000000b3200000| Untracked 
| 819|0x00000000b3300000, 0x00000000b3300000, 0x00000000b3400000|  0%| F|  |TAMS 0x00000000b3300000| PB 0x00000000b3300000| Untracked 
| 820|0x00000000b3400000, 0x00000000b3500000, 0x00000000b3500000|100%|HS|  |TAMS 0x00000000b3400000| PB 0x00000000b3400000| Complete 
| 821|0x00000000b3500000, 0x00000000b3600000, 0x00000000b3600000|100%|HC|  |TAMS 0x00000000b3500000| PB 0x00000000b3500000| Complete 
| 822|0x00000000b3600000, 0x00000000b3600000, 0x00000000b3700000|  0%| F|  |TAMS 0x00000000b3600000| PB 0x00000000b3600000| Untracked 
| 823|0x00000000b3700000, 0x00000000b3700000, 0x00000000b3800000|  0%| F|  |TAMS 0x00000000b3700000| PB 0x00000000b3700000| Untracked 
| 824|0x00000000b3800000, 0x00000000b3800000, 0x00000000b3900000|  0%| F|  |TAMS 0x00000000b3800000| PB 0x00000000b3800000| Untracked 
| 825|0x00000000b3900000, 0x00000000b3a00000, 0x00000000b3a00000|100%|HS|  |TAMS 0x00000000b3900000| PB 0x00000000b3900000| Complete 
| 826|0x00000000b3a00000, 0x00000000b3b00000, 0x00000000b3b00000|100%|HC|  |TAMS 0x00000000b3a00000| PB 0x00000000b3a00000| Complete 
| 827|0x00000000b3b00000, 0x00000000b3b00000, 0x00000000b3c00000|  0%| F|  |TAMS 0x00000000b3b00000| PB 0x00000000b3b00000| Untracked 
| 828|0x00000000b3c00000, 0x00000000b3c00000, 0x00000000b3d00000|  0%| F|  |TAMS 0x00000000b3c00000| PB 0x00000000b3c00000| Untracked 
| 829|0x00000000b3d00000, 0x00000000b3d00000, 0x00000000b3e00000|  0%| F|  |TAMS 0x00000000b3d00000| PB 0x00000000b3d00000| Untracked 
| 830|0x00000000b3e00000, 0x00000000b3e00000, 0x00000000b3f00000|  0%| F|  |TAMS 0x00000000b3e00000| PB 0x00000000b3e00000| Untracked 
| 831|0x00000000b3f00000, 0x00000000b3f00000, 0x00000000b4000000|  0%| F|  |TAMS 0x00000000b3f00000| PB 0x00000000b3f00000| Untracked 
| 832|0x00000000b4000000, 0x00000000b4000000, 0x00000000b4100000|  0%| F|  |TAMS 0x00000000b4000000| PB 0x00000000b4000000| Untracked 
| 833|0x00000000b4100000, 0x00000000b4200000, 0x00000000b4200000|100%|HS|  |TAMS 0x00000000b4100000| PB 0x00000000b4100000| Complete 
| 834|0x00000000b4200000, 0x00000000b4300000, 0x00000000b4300000|100%|HC|  |TAMS 0x00000000b4200000| PB 0x00000000b4200000| Complete 
| 835|0x00000000b4300000, 0x00000000b4400000, 0x00000000b4400000|100%|HC|  |TAMS 0x00000000b4300000| PB 0x00000000b4300000| Complete 
| 836|0x00000000b4400000, 0x00000000b4400000, 0x00000000b4500000|  0%| F|  |TAMS 0x00000000b4400000| PB 0x00000000b4400000| Untracked 
| 837|0x00000000b4500000, 0x00000000b4500000, 0x00000000b4600000|  0%| F|  |TAMS 0x00000000b4500000| PB 0x00000000b4500000| Untracked 
| 838|0x00000000b4600000, 0x00000000b4600000, 0x00000000b4700000|  0%| F|  |TAMS 0x00000000b4600000| PB 0x00000000b4600000| Untracked 
| 839|0x00000000b4700000, 0x00000000b4800000, 0x00000000b4800000|100%|HS|  |TAMS 0x00000000b4700000| PB 0x00000000b4700000| Complete 
| 840|0x00000000b4800000, 0x00000000b4900000, 0x00000000b4900000|100%|HC|  |TAMS 0x00000000b4800000| PB 0x00000000b4800000| Complete 
| 841|0x00000000b4900000, 0x00000000b4900000, 0x00000000b4a00000|  0%| F|  |TAMS 0x00000000b4900000| PB 0x00000000b4900000| Untracked 
| 842|0x00000000b4a00000, 0x00000000b4b00000, 0x00000000b4b00000|100%|HS|  |TAMS 0x00000000b4a00000| PB 0x00000000b4a00000| Complete 
| 843|0x00000000b4b00000, 0x00000000b4b00000, 0x00000000b4c00000|  0%| F|  |TAMS 0x00000000b4b00000| PB 0x00000000b4b00000| Untracked 
| 844|0x00000000b4c00000, 0x00000000b4c00000, 0x00000000b4d00000|  0%| F|  |TAMS 0x00000000b4c00000| PB 0x00000000b4c00000| Untracked 
| 845|0x00000000b4d00000, 0x00000000b4d00000, 0x00000000b4e00000|  0%| F|  |TAMS 0x00000000b4d00000| PB 0x00000000b4d00000| Untracked 
| 846|0x00000000b4e00000, 0x00000000b4e00000, 0x00000000b4f00000|  0%| F|  |TAMS 0x00000000b4e00000| PB 0x00000000b4e00000| Untracked 
| 847|0x00000000b4f00000, 0x00000000b4f00000, 0x00000000b5000000|  0%| F|  |TAMS 0x00000000b4f00000| PB 0x00000000b4f00000| Untracked 
| 848|0x00000000b5000000, 0x00000000b5000000, 0x00000000b5100000|  0%| F|  |TAMS 0x00000000b5000000| PB 0x00000000b5000000| Untracked 
| 849|0x00000000b5100000, 0x00000000b5200000, 0x00000000b5200000|100%|HS|  |TAMS 0x00000000b5100000| PB 0x00000000b5100000| Complete 
| 850|0x00000000b5200000, 0x00000000b5300000, 0x00000000b5300000|100%|HC|  |TAMS 0x00000000b5200000| PB 0x00000000b5200000| Complete 
| 851|0x00000000b5300000, 0x00000000b5400000, 0x00000000b5400000|100%|HC|  |TAMS 0x00000000b5300000| PB 0x00000000b5300000| Complete 
| 852|0x00000000b5400000, 0x00000000b5500000, 0x00000000b5500000|100%|HS|  |TAMS 0x00000000b5400000| PB 0x00000000b5400000| Complete 
| 853|0x00000000b5500000, 0x00000000b5600000, 0x00000000b5600000|100%|HC|  |TAMS 0x00000000b5500000| PB 0x00000000b5500000| Complete 
| 854|0x00000000b5600000, 0x00000000b5600000, 0x00000000b5700000|  0%| F|  |TAMS 0x00000000b5600000| PB 0x00000000b5600000| Untracked 
| 855|0x00000000b5700000, 0x00000000b5700000, 0x00000000b5800000|  0%| F|  |TAMS 0x00000000b5700000| PB 0x00000000b5700000| Untracked 
| 856|0x00000000b5800000, 0x00000000b5800000, 0x00000000b5900000|  0%| F|  |TAMS 0x00000000b5800000| PB 0x00000000b5800000| Untracked 
| 857|0x00000000b5900000, 0x00000000b5a00000, 0x00000000b5a00000|100%|HS|  |TAMS 0x00000000b5900000| PB 0x00000000b5900000| Complete 
| 858|0x00000000b5a00000, 0x00000000b5b00000, 0x00000000b5b00000|100%|HS|  |TAMS 0x00000000b5a00000| PB 0x00000000b5a00000| Complete 
| 859|0x00000000b5b00000, 0x00000000b5b00000, 0x00000000b5c00000|  0%| F|  |TAMS 0x00000000b5b00000| PB 0x00000000b5b00000| Untracked 
| 860|0x00000000b5c00000, 0x00000000b5c00000, 0x00000000b5d00000|  0%| F|  |TAMS 0x00000000b5c00000| PB 0x00000000b5c00000| Untracked 
| 861|0x00000000b5d00000, 0x00000000b5d00000, 0x00000000b5e00000|  0%| F|  |TAMS 0x00000000b5d00000| PB 0x00000000b5d00000| Untracked 
| 862|0x00000000b5e00000, 0x00000000b5e00000, 0x00000000b5f00000|  0%| F|  |TAMS 0x00000000b5e00000| PB 0x00000000b5e00000| Untracked 
| 863|0x00000000b5f00000, 0x00000000b5f00000, 0x00000000b6000000|  0%| F|  |TAMS 0x00000000b5f00000| PB 0x00000000b5f00000| Untracked 
| 864|0x00000000b6000000, 0x00000000b6000000, 0x00000000b6100000|  0%| F|  |TAMS 0x00000000b6000000| PB 0x00000000b6000000| Untracked 
| 865|0x00000000b6100000, 0x00000000b6100000, 0x00000000b6200000|  0%| F|  |TAMS 0x00000000b6100000| PB 0x00000000b6100000| Untracked 
| 866|0x00000000b6200000, 0x00000000b6200000, 0x00000000b6300000|  0%| F|  |TAMS 0x00000000b6200000| PB 0x00000000b6200000| Untracked 
| 867|0x00000000b6300000, 0x00000000b6300000, 0x00000000b6400000|  0%| F|  |TAMS 0x00000000b6300000| PB 0x00000000b6300000| Untracked 
| 868|0x00000000b6400000, 0x00000000b6400000, 0x00000000b6500000|  0%| F|  |TAMS 0x00000000b6400000| PB 0x00000000b6400000| Untracked 
| 869|0x00000000b6500000, 0x00000000b6500000, 0x00000000b6600000|  0%| F|  |TAMS 0x00000000b6500000| PB 0x00000000b6500000| Untracked 
| 870|0x00000000b6600000, 0x00000000b6600000, 0x00000000b6700000|  0%| F|  |TAMS 0x00000000b6600000| PB 0x00000000b6600000| Untracked 
| 871|0x00000000b6700000, 0x00000000b6700000, 0x00000000b6800000|  0%| F|  |TAMS 0x00000000b6700000| PB 0x00000000b6700000| Untracked 
| 872|0x00000000b6800000, 0x00000000b6800000, 0x00000000b6900000|  0%| F|  |TAMS 0x00000000b6800000| PB 0x00000000b6800000| Untracked 
| 873|0x00000000b6900000, 0x00000000b6900000, 0x00000000b6a00000|  0%| F|  |TAMS 0x00000000b6900000| PB 0x00000000b6900000| Untracked 
| 874|0x00000000b6a00000, 0x00000000b6a00000, 0x00000000b6b00000|  0%| F|  |TAMS 0x00000000b6a00000| PB 0x00000000b6a00000| Untracked 
| 875|0x00000000b6b00000, 0x00000000b6b00000, 0x00000000b6c00000|  0%| F|  |TAMS 0x00000000b6b00000| PB 0x00000000b6b00000| Untracked 
| 876|0x00000000b6c00000, 0x00000000b6c00000, 0x00000000b6d00000|  0%| F|  |TAMS 0x00000000b6c00000| PB 0x00000000b6c00000| Untracked 
| 877|0x00000000b6d00000, 0x00000000b6d00000, 0x00000000b6e00000|  0%| F|  |TAMS 0x00000000b6d00000| PB 0x00000000b6d00000| Untracked 
| 878|0x00000000b6e00000, 0x00000000b6e00000, 0x00000000b6f00000|  0%| F|  |TAMS 0x00000000b6e00000| PB 0x00000000b6e00000| Untracked 
| 879|0x00000000b6f00000, 0x00000000b6f00000, 0x00000000b7000000|  0%| F|  |TAMS 0x00000000b6f00000| PB 0x00000000b6f00000| Untracked 
| 880|0x00000000b7000000, 0x00000000b7000000, 0x00000000b7100000|  0%| F|  |TAMS 0x00000000b7000000| PB 0x00000000b7000000| Untracked 
| 881|0x00000000b7100000, 0x00000000b7100000, 0x00000000b7200000|  0%| F|  |TAMS 0x00000000b7100000| PB 0x00000000b7100000| Untracked 
| 882|0x00000000b7200000, 0x00000000b7200000, 0x00000000b7300000|  0%| F|  |TAMS 0x00000000b7200000| PB 0x00000000b7200000| Untracked 
| 883|0x00000000b7300000, 0x00000000b7300000, 0x00000000b7400000|  0%| F|  |TAMS 0x00000000b7300000| PB 0x00000000b7300000| Untracked 
| 884|0x00000000b7400000, 0x00000000b7400000, 0x00000000b7500000|  0%| F|  |TAMS 0x00000000b7400000| PB 0x00000000b7400000| Untracked 
| 885|0x00000000b7500000, 0x00000000b7500000, 0x00000000b7600000|  0%| F|  |TAMS 0x00000000b7500000| PB 0x00000000b7500000| Untracked 
| 886|0x00000000b7600000, 0x00000000b7600000, 0x00000000b7700000|  0%| F|  |TAMS 0x00000000b7600000| PB 0x00000000b7600000| Untracked 
| 887|0x00000000b7700000, 0x00000000b7700000, 0x00000000b7800000|  0%| F|  |TAMS 0x00000000b7700000| PB 0x00000000b7700000| Untracked 
| 888|0x00000000b7800000, 0x00000000b7800000, 0x00000000b7900000|  0%| F|  |TAMS 0x00000000b7800000| PB 0x00000000b7800000| Untracked 
| 889|0x00000000b7900000, 0x00000000b7900000, 0x00000000b7a00000|  0%| F|  |TAMS 0x00000000b7900000| PB 0x00000000b7900000| Untracked 
| 890|0x00000000b7a00000, 0x00000000b7a00000, 0x00000000b7b00000|  0%| F|  |TAMS 0x00000000b7a00000| PB 0x00000000b7a00000| Untracked 
| 891|0x00000000b7b00000, 0x00000000b7b00000, 0x00000000b7c00000|  0%| F|  |TAMS 0x00000000b7b00000| PB 0x00000000b7b00000| Untracked 
| 892|0x00000000b7c00000, 0x00000000b7d00000, 0x00000000b7d00000|100%| S|CS|TAMS 0x00000000b7c00000| PB 0x00000000b7c00000| Complete 
| 893|0x00000000b7d00000, 0x00000000b7e00000, 0x00000000b7e00000|100%| S|CS|TAMS 0x00000000b7d00000| PB 0x00000000b7d00000| Complete 
| 894|0x00000000b7e00000, 0x00000000b7f00000, 0x00000000b7f00000|100%| S|CS|TAMS 0x00000000b7e00000| PB 0x00000000b7e00000| Complete 
| 895|0x00000000b7f00000, 0x00000000b8000000, 0x00000000b8000000|100%| S|CS|TAMS 0x00000000b7f00000| PB 0x00000000b7f00000| Complete 
| 896|0x00000000b8000000, 0x00000000b8100000, 0x00000000b8100000|100%| S|CS|TAMS 0x00000000b8000000| PB 0x00000000b8000000| Complete 
| 897|0x00000000b8100000, 0x00000000b8200000, 0x00000000b8200000|100%| S|CS|TAMS 0x00000000b8100000| PB 0x00000000b8100000| Complete 
| 898|0x00000000b8200000, 0x00000000b8300000, 0x00000000b8300000|100%| S|CS|TAMS 0x00000000b8200000| PB 0x00000000b8200000| Complete 
| 899|0x00000000b8300000, 0x00000000b8400000, 0x00000000b8400000|100%| S|CS|TAMS 0x00000000b8300000| PB 0x00000000b8300000| Complete 
| 900|0x00000000b8400000, 0x00000000b8500000, 0x00000000b8500000|100%| S|CS|TAMS 0x00000000b8400000| PB 0x00000000b8400000| Complete 
| 901|0x00000000b8500000, 0x00000000b8600000, 0x00000000b8600000|100%| S|CS|TAMS 0x00000000b8500000| PB 0x00000000b8500000| Complete 
| 902|0x00000000b8600000, 0x00000000b8700000, 0x00000000b8700000|100%| S|CS|TAMS 0x00000000b8600000| PB 0x00000000b8600000| Complete 
| 903|0x00000000b8700000, 0x00000000b8800000, 0x00000000b8800000|100%| S|CS|TAMS 0x00000000b8700000| PB 0x00000000b8700000| Complete 
| 904|0x00000000b8800000, 0x00000000b8900000, 0x00000000b8900000|100%| S|CS|TAMS 0x00000000b8800000| PB 0x00000000b8800000| Complete 
| 905|0x00000000b8900000, 0x00000000b8a00000, 0x00000000b8a00000|100%| S|CS|TAMS 0x00000000b8900000| PB 0x00000000b8900000| Complete 
| 906|0x00000000b8a00000, 0x00000000b8b00000, 0x00000000b8b00000|100%| S|CS|TAMS 0x00000000b8a00000| PB 0x00000000b8a00000| Complete 
| 907|0x00000000b8b00000, 0x00000000b8c00000, 0x00000000b8c00000|100%| S|CS|TAMS 0x00000000b8b00000| PB 0x00000000b8b00000| Complete 
| 908|0x00000000b8c00000, 0x00000000b8d00000, 0x00000000b8d00000|100%| S|CS|TAMS 0x00000000b8c00000| PB 0x00000000b8c00000| Complete 
| 909|0x00000000b8d00000, 0x00000000b8e00000, 0x00000000b8e00000|100%| S|CS|TAMS 0x00000000b8d00000| PB 0x00000000b8d00000| Complete 
| 910|0x00000000b8e00000, 0x00000000b8f00000, 0x00000000b8f00000|100%| S|CS|TAMS 0x00000000b8e00000| PB 0x00000000b8e00000| Complete 
| 911|0x00000000b8f00000, 0x00000000b9000000, 0x00000000b9000000|100%| S|CS|TAMS 0x00000000b8f00000| PB 0x00000000b8f00000| Complete 
| 912|0x00000000b9000000, 0x00000000b9100000, 0x00000000b9100000|100%| S|CS|TAMS 0x00000000b9000000| PB 0x00000000b9000000| Complete 
| 913|0x00000000b9100000, 0x00000000b9200000, 0x00000000b9200000|100%| S|CS|TAMS 0x00000000b9100000| PB 0x00000000b9100000| Complete 
| 914|0x00000000b9200000, 0x00000000b9300000, 0x00000000b9300000|100%| S|CS|TAMS 0x00000000b9200000| PB 0x00000000b9200000| Complete 
| 915|0x00000000b9300000, 0x00000000b9400000, 0x00000000b9400000|100%| S|CS|TAMS 0x00000000b9300000| PB 0x00000000b9300000| Complete 
| 916|0x00000000b9400000, 0x00000000b9500000, 0x00000000b9500000|100%| S|CS|TAMS 0x00000000b9400000| PB 0x00000000b9400000| Complete 
| 917|0x00000000b9500000, 0x00000000b9600000, 0x00000000b9600000|100%| S|CS|TAMS 0x00000000b9500000| PB 0x00000000b9500000| Complete 
| 918|0x00000000b9600000, 0x00000000b9700000, 0x00000000b9700000|100%| S|CS|TAMS 0x00000000b9600000| PB 0x00000000b9600000| Complete 
| 919|0x00000000b9700000, 0x00000000b9800000, 0x00000000b9800000|100%| S|CS|TAMS 0x00000000b9700000| PB 0x00000000b9700000| Complete 
| 920|0x00000000b9800000, 0x00000000b9900000, 0x00000000b9900000|100%| S|CS|TAMS 0x00000000b9800000| PB 0x00000000b9800000| Complete 
| 921|0x00000000b9900000, 0x00000000b9a00000, 0x00000000b9a00000|100%| S|CS|TAMS 0x00000000b9900000| PB 0x00000000b9900000| Complete 
| 922|0x00000000b9a00000, 0x00000000b9b00000, 0x00000000b9b00000|100%| S|CS|TAMS 0x00000000b9a00000| PB 0x00000000b9a00000| Complete 
| 923|0x00000000b9b00000, 0x00000000b9c00000, 0x00000000b9c00000|100%| S|CS|TAMS 0x00000000b9b00000| PB 0x00000000b9b00000| Complete 
| 924|0x00000000b9c00000, 0x00000000b9d00000, 0x00000000b9d00000|100%| S|CS|TAMS 0x00000000b9c00000| PB 0x00000000b9c00000| Complete 
| 925|0x00000000b9d00000, 0x00000000b9e00000, 0x00000000b9e00000|100%| S|CS|TAMS 0x00000000b9d00000| PB 0x00000000b9d00000| Complete 
| 926|0x00000000b9e00000, 0x00000000b9f00000, 0x00000000b9f00000|100%| S|CS|TAMS 0x00000000b9e00000| PB 0x00000000b9e00000| Complete 
| 927|0x00000000b9f00000, 0x00000000ba000000, 0x00000000ba000000|100%| S|CS|TAMS 0x00000000b9f00000| PB 0x00000000b9f00000| Complete 
| 928|0x00000000ba000000, 0x00000000ba100000, 0x00000000ba100000|100%| S|CS|TAMS 0x00000000ba000000| PB 0x00000000ba000000| Complete 
| 929|0x00000000ba100000, 0x00000000ba200000, 0x00000000ba200000|100%| S|CS|TAMS 0x00000000ba100000| PB 0x00000000ba100000| Complete 
| 930|0x00000000ba200000, 0x00000000ba300000, 0x00000000ba300000|100%| S|CS|TAMS 0x00000000ba200000| PB 0x00000000ba200000| Complete 
| 931|0x00000000ba300000, 0x00000000ba400000, 0x00000000ba400000|100%| S|CS|TAMS 0x00000000ba300000| PB 0x00000000ba300000| Complete 
| 932|0x00000000ba400000, 0x00000000ba500000, 0x00000000ba500000|100%| S|CS|TAMS 0x00000000ba400000| PB 0x00000000ba400000| Complete 
| 933|0x00000000ba500000, 0x00000000ba600000, 0x00000000ba600000|100%| S|CS|TAMS 0x00000000ba500000| PB 0x00000000ba500000| Complete 
| 934|0x00000000ba600000, 0x00000000ba700000, 0x00000000ba700000|100%| S|CS|TAMS 0x00000000ba600000| PB 0x00000000ba600000| Complete 
| 935|0x00000000ba700000, 0x00000000ba800000, 0x00000000ba800000|100%| S|CS|TAMS 0x00000000ba700000| PB 0x00000000ba700000| Complete 
| 936|0x00000000ba800000, 0x00000000ba900000, 0x00000000ba900000|100%| S|CS|TAMS 0x00000000ba800000| PB 0x00000000ba800000| Complete 
| 937|0x00000000ba900000, 0x00000000baa00000, 0x00000000baa00000|100%| S|CS|TAMS 0x00000000ba900000| PB 0x00000000ba900000| Complete 
| 938|0x00000000baa00000, 0x00000000bab00000, 0x00000000bab00000|100%| S|CS|TAMS 0x00000000baa00000| PB 0x00000000baa00000| Complete 
| 939|0x00000000bab00000, 0x00000000bac00000, 0x00000000bac00000|100%| S|CS|TAMS 0x00000000bab00000| PB 0x00000000bab00000| Complete 
| 940|0x00000000bac00000, 0x00000000bad00000, 0x00000000bad00000|100%| S|CS|TAMS 0x00000000bac00000| PB 0x00000000bac00000| Complete 
| 941|0x00000000bad00000, 0x00000000bae00000, 0x00000000bae00000|100%| S|CS|TAMS 0x00000000bad00000| PB 0x00000000bad00000| Complete 
| 942|0x00000000bae00000, 0x00000000baf00000, 0x00000000baf00000|100%| S|CS|TAMS 0x00000000bae00000| PB 0x00000000bae00000| Complete 
| 943|0x00000000baf00000, 0x00000000bb000000, 0x00000000bb000000|100%| S|CS|TAMS 0x00000000baf00000| PB 0x00000000baf00000| Complete 
| 944|0x00000000bb000000, 0x00000000bb100000, 0x00000000bb100000|100%| S|CS|TAMS 0x00000000bb000000| PB 0x00000000bb000000| Complete 
| 945|0x00000000bb100000, 0x00000000bb200000, 0x00000000bb200000|100%| S|CS|TAMS 0x00000000bb100000| PB 0x00000000bb100000| Complete 
| 946|0x00000000bb200000, 0x00000000bb300000, 0x00000000bb300000|100%| S|CS|TAMS 0x00000000bb200000| PB 0x00000000bb200000| Complete 
| 947|0x00000000bb300000, 0x00000000bb400000, 0x00000000bb400000|100%| S|CS|TAMS 0x00000000bb300000| PB 0x00000000bb300000| Complete 
| 948|0x00000000bb400000, 0x00000000bb500000, 0x00000000bb500000|100%| S|CS|TAMS 0x00000000bb400000| PB 0x00000000bb400000| Complete 
| 949|0x00000000bb500000, 0x00000000bb600000, 0x00000000bb600000|100%| S|CS|TAMS 0x00000000bb500000| PB 0x00000000bb500000| Complete 
| 950|0x00000000bb600000, 0x00000000bb700000, 0x00000000bb700000|100%| S|CS|TAMS 0x00000000bb600000| PB 0x00000000bb600000| Complete 
| 951|0x00000000bb700000, 0x00000000bb800000, 0x00000000bb800000|100%| S|CS|TAMS 0x00000000bb700000| PB 0x00000000bb700000| Complete 
| 952|0x00000000bb800000, 0x00000000bb900000, 0x00000000bb900000|100%| S|CS|TAMS 0x00000000bb800000| PB 0x00000000bb800000| Complete 
| 953|0x00000000bb900000, 0x00000000bba00000, 0x00000000bba00000|100%| S|CS|TAMS 0x00000000bb900000| PB 0x00000000bb900000| Complete 
| 954|0x00000000bba00000, 0x00000000bbb00000, 0x00000000bbb00000|100%| S|CS|TAMS 0x00000000bba00000| PB 0x00000000bba00000| Complete 
| 955|0x00000000bbb00000, 0x00000000bbc00000, 0x00000000bbc00000|100%| S|CS|TAMS 0x00000000bbb00000| PB 0x00000000bbb00000| Complete 
| 956|0x00000000bbc00000, 0x00000000bbd00000, 0x00000000bbd00000|100%| S|CS|TAMS 0x00000000bbc00000| PB 0x00000000bbc00000| Complete 
| 957|0x00000000bbd00000, 0x00000000bbe00000, 0x00000000bbe00000|100%| S|CS|TAMS 0x00000000bbd00000| PB 0x00000000bbd00000| Complete 
| 958|0x00000000bbe00000, 0x00000000bbf00000, 0x00000000bbf00000|100%| S|CS|TAMS 0x00000000bbe00000| PB 0x00000000bbe00000| Complete 
| 959|0x00000000bbf00000, 0x00000000bc000000, 0x00000000bc000000|100%| S|CS|TAMS 0x00000000bbf00000| PB 0x00000000bbf00000| Complete 
| 960|0x00000000bc000000, 0x00000000bc100000, 0x00000000bc100000|100%| S|CS|TAMS 0x00000000bc000000| PB 0x00000000bc000000| Complete 
| 961|0x00000000bc100000, 0x00000000bc200000, 0x00000000bc200000|100%| S|CS|TAMS 0x00000000bc100000| PB 0x00000000bc100000| Complete 
| 962|0x00000000bc200000, 0x00000000bc300000, 0x00000000bc300000|100%| S|CS|TAMS 0x00000000bc200000| PB 0x00000000bc200000| Complete 
| 963|0x00000000bc300000, 0x00000000bc400000, 0x00000000bc400000|100%| S|CS|TAMS 0x00000000bc300000| PB 0x00000000bc300000| Complete 
| 964|0x00000000bc400000, 0x00000000bc500000, 0x00000000bc500000|100%| S|CS|TAMS 0x00000000bc400000| PB 0x00000000bc400000| Complete 
| 965|0x00000000bc500000, 0x00000000bc600000, 0x00000000bc600000|100%| S|CS|TAMS 0x00000000bc500000| PB 0x00000000bc500000| Complete 
| 966|0x00000000bc600000, 0x00000000bc700000, 0x00000000bc700000|100%| S|CS|TAMS 0x00000000bc600000| PB 0x00000000bc600000| Complete 
| 967|0x00000000bc700000, 0x00000000bc800000, 0x00000000bc800000|100%| S|CS|TAMS 0x00000000bc700000| PB 0x00000000bc700000| Complete 
| 968|0x00000000bc800000, 0x00000000bc900000, 0x00000000bc900000|100%| S|CS|TAMS 0x00000000bc800000| PB 0x00000000bc800000| Complete 
| 969|0x00000000bc900000, 0x00000000bca00000, 0x00000000bca00000|100%| S|CS|TAMS 0x00000000bc900000| PB 0x00000000bc900000| Complete 
| 970|0x00000000bca00000, 0x00000000bcb00000, 0x00000000bcb00000|100%| S|CS|TAMS 0x00000000bca00000| PB 0x00000000bca00000| Complete 
| 971|0x00000000bcb00000, 0x00000000bcc00000, 0x00000000bcc00000|100%| S|CS|TAMS 0x00000000bcb00000| PB 0x00000000bcb00000| Complete 
| 972|0x00000000bcc00000, 0x00000000bcd00000, 0x00000000bcd00000|100%| S|CS|TAMS 0x00000000bcc00000| PB 0x00000000bcc00000| Complete 
| 973|0x00000000bcd00000, 0x00000000bce00000, 0x00000000bce00000|100%| S|CS|TAMS 0x00000000bcd00000| PB 0x00000000bcd00000| Complete 
| 974|0x00000000bce00000, 0x00000000bcf00000, 0x00000000bcf00000|100%| S|CS|TAMS 0x00000000bce00000| PB 0x00000000bce00000| Complete 
| 975|0x00000000bcf00000, 0x00000000bd000000, 0x00000000bd000000|100%| S|CS|TAMS 0x00000000bcf00000| PB 0x00000000bcf00000| Complete 
| 976|0x00000000bd000000, 0x00000000bd100000, 0x00000000bd100000|100%| S|CS|TAMS 0x00000000bd000000| PB 0x00000000bd000000| Complete 
| 977|0x00000000bd100000, 0x00000000bd200000, 0x00000000bd200000|100%| S|CS|TAMS 0x00000000bd100000| PB 0x00000000bd100000| Complete 
| 978|0x00000000bd200000, 0x00000000bd200000, 0x00000000bd300000|  0%| F|  |TAMS 0x00000000bd200000| PB 0x00000000bd200000| Untracked 
| 979|0x00000000bd300000, 0x00000000bd300000, 0x00000000bd400000|  0%| F|  |TAMS 0x00000000bd300000| PB 0x00000000bd300000| Untracked 
| 980|0x00000000bd400000, 0x00000000bd400000, 0x00000000bd500000|  0%| F|  |TAMS 0x00000000bd400000| PB 0x00000000bd400000| Untracked 
| 981|0x00000000bd500000, 0x00000000bd500000, 0x00000000bd600000|  0%| F|  |TAMS 0x00000000bd500000| PB 0x00000000bd500000| Untracked 
| 982|0x00000000bd600000, 0x00000000bd600000, 0x00000000bd700000|  0%| F|  |TAMS 0x00000000bd600000| PB 0x00000000bd600000| Untracked 
| 983|0x00000000bd700000, 0x00000000bd700000, 0x00000000bd800000|  0%| F|  |TAMS 0x00000000bd700000| PB 0x00000000bd700000| Untracked 
| 984|0x00000000bd800000, 0x00000000bd800000, 0x00000000bd900000|  0%| F|  |TAMS 0x00000000bd800000| PB 0x00000000bd800000| Untracked 
| 985|0x00000000bd900000, 0x00000000bd900000, 0x00000000bda00000|  0%| F|  |TAMS 0x00000000bd900000| PB 0x00000000bd900000| Untracked 
| 986|0x00000000bda00000, 0x00000000bda00000, 0x00000000bdb00000|  0%| F|  |TAMS 0x00000000bda00000| PB 0x00000000bda00000| Untracked 
| 987|0x00000000bdb00000, 0x00000000bdb00000, 0x00000000bdc00000|  0%| F|  |TAMS 0x00000000bdb00000| PB 0x00000000bdb00000| Untracked 
| 988|0x00000000bdc00000, 0x00000000bdc00000, 0x00000000bdd00000|  0%| F|  |TAMS 0x00000000bdc00000| PB 0x00000000bdc00000| Untracked 
| 989|0x00000000bdd00000, 0x00000000bdd00000, 0x00000000bde00000|  0%| F|  |TAMS 0x00000000bdd00000| PB 0x00000000bdd00000| Untracked 
| 990|0x00000000bde00000, 0x00000000bde00000, 0x00000000bdf00000|  0%| F|  |TAMS 0x00000000bde00000| PB 0x00000000bde00000| Untracked 
| 991|0x00000000bdf00000, 0x00000000bdf00000, 0x00000000be000000|  0%| F|  |TAMS 0x00000000bdf00000| PB 0x00000000bdf00000| Untracked 
| 992|0x00000000be000000, 0x00000000be000000, 0x00000000be100000|  0%| F|  |TAMS 0x00000000be000000| PB 0x00000000be000000| Untracked 
| 993|0x00000000be100000, 0x00000000be100000, 0x00000000be200000|  0%| F|  |TAMS 0x00000000be100000| PB 0x00000000be100000| Untracked 
| 994|0x00000000be200000, 0x00000000be200000, 0x00000000be300000|  0%| F|  |TAMS 0x00000000be200000| PB 0x00000000be200000| Untracked 
| 995|0x00000000be300000, 0x00000000be300000, 0x00000000be400000|  0%| F|  |TAMS 0x00000000be300000| PB 0x00000000be300000| Untracked 
| 996|0x00000000be400000, 0x00000000be400000, 0x00000000be500000|  0%| F|  |TAMS 0x00000000be400000| PB 0x00000000be400000| Untracked 
| 997|0x00000000be500000, 0x00000000be500000, 0x00000000be600000|  0%| F|  |TAMS 0x00000000be500000| PB 0x00000000be500000| Untracked 
| 998|0x00000000be600000, 0x00000000be600000, 0x00000000be700000|  0%| F|  |TAMS 0x00000000be600000| PB 0x00000000be600000| Untracked 
| 999|0x00000000be700000, 0x00000000be700000, 0x00000000be800000|  0%| F|  |TAMS 0x00000000be700000| PB 0x00000000be700000| Untracked 
|1000|0x00000000be800000, 0x00000000be800000, 0x00000000be900000|  0%| F|  |TAMS 0x00000000be800000| PB 0x00000000be800000| Untracked 
|1001|0x00000000be900000, 0x00000000be900000, 0x00000000bea00000|  0%| F|  |TAMS 0x00000000be900000| PB 0x00000000be900000| Untracked 
|1002|0x00000000bea00000, 0x00000000bea00000, 0x00000000beb00000|  0%| F|  |TAMS 0x00000000bea00000| PB 0x00000000bea00000| Untracked 
|1003|0x00000000beb00000, 0x00000000beb00000, 0x00000000bec00000|  0%| F|  |TAMS 0x00000000beb00000| PB 0x00000000beb00000| Untracked 
|1004|0x00000000bec00000, 0x00000000bec00000, 0x00000000bed00000|  0%| F|  |TAMS 0x00000000bec00000| PB 0x00000000bec00000| Untracked 
|1005|0x00000000bed00000, 0x00000000bed00000, 0x00000000bee00000|  0%| F|  |TAMS 0x00000000bed00000| PB 0x00000000bed00000| Untracked 
|1006|0x00000000bee00000, 0x00000000bee00000, 0x00000000bef00000|  0%| F|  |TAMS 0x00000000bee00000| PB 0x00000000bee00000| Untracked 
|1007|0x00000000bef00000, 0x00000000bef00000, 0x00000000bf000000|  0%| F|  |TAMS 0x00000000bef00000| PB 0x00000000bef00000| Untracked 
|1008|0x00000000bf000000, 0x00000000bf000000, 0x00000000bf100000|  0%| F|  |TAMS 0x00000000bf000000| PB 0x00000000bf000000| Untracked 
|1009|0x00000000bf100000, 0x00000000bf100000, 0x00000000bf200000|  0%| F|  |TAMS 0x00000000bf100000| PB 0x00000000bf100000| Untracked 
|1010|0x00000000bf200000, 0x00000000bf200000, 0x00000000bf300000|  0%| F|  |TAMS 0x00000000bf200000| PB 0x00000000bf200000| Untracked 
|1011|0x00000000bf300000, 0x00000000bf300000, 0x00000000bf400000|  0%| F|  |TAMS 0x00000000bf300000| PB 0x00000000bf300000| Untracked 
|1012|0x00000000bf400000, 0x00000000bf400000, 0x00000000bf500000|  0%| F|  |TAMS 0x00000000bf400000| PB 0x00000000bf400000| Untracked 
|1013|0x00000000bf500000, 0x00000000bf500000, 0x00000000bf600000|  0%| F|  |TAMS 0x00000000bf500000| PB 0x00000000bf500000| Untracked 
|1014|0x00000000bf600000, 0x00000000bf600000, 0x00000000bf700000|  0%| F|  |TAMS 0x00000000bf600000| PB 0x00000000bf600000| Untracked 
|1015|0x00000000bf700000, 0x00000000bf700000, 0x00000000bf800000|  0%| F|  |TAMS 0x00000000bf700000| PB 0x00000000bf700000| Untracked 
|1016|0x00000000bf800000, 0x00000000bf800000, 0x00000000bf900000|  0%| F|  |TAMS 0x00000000bf800000| PB 0x00000000bf800000| Untracked 
|1017|0x00000000bf900000, 0x00000000bf900000, 0x00000000bfa00000|  0%| F|  |TAMS 0x00000000bf900000| PB 0x00000000bf900000| Untracked 
|1018|0x00000000bfa00000, 0x00000000bfa00000, 0x00000000bfb00000|  0%| F|  |TAMS 0x00000000bfa00000| PB 0x00000000bfa00000| Untracked 
|1019|0x00000000bfb00000, 0x00000000bfb00000, 0x00000000bfc00000|  0%| F|  |TAMS 0x00000000bfb00000| PB 0x00000000bfb00000| Untracked 
|1020|0x00000000bfc00000, 0x00000000bfc00000, 0x00000000bfd00000|  0%| F|  |TAMS 0x00000000bfc00000| PB 0x00000000bfc00000| Untracked 
|1021|0x00000000bfd00000, 0x00000000bfd00000, 0x00000000bfe00000|  0%| F|  |TAMS 0x00000000bfd00000| PB 0x00000000bfd00000| Untracked 
|1022|0x00000000bfe00000, 0x00000000bfe00000, 0x00000000bff00000|  0%| F|  |TAMS 0x00000000bfe00000| PB 0x00000000bfe00000| Untracked 
|1023|0x00000000bff00000, 0x00000000bff00000, 0x00000000c0000000|  0%| F|  |TAMS 0x00000000bff00000| PB 0x00000000bff00000| Untracked 
|1024|0x00000000c0000000, 0x00000000c0000000, 0x00000000c0100000|  0%| F|  |TAMS 0x00000000c0000000| PB 0x00000000c0000000| Untracked 
|1025|0x00000000c0100000, 0x00000000c0100000, 0x00000000c0200000|  0%| F|  |TAMS 0x00000000c0100000| PB 0x00000000c0100000| Untracked 
|1026|0x00000000c0200000, 0x00000000c0200000, 0x00000000c0300000|  0%| F|  |TAMS 0x00000000c0200000| PB 0x00000000c0200000| Untracked 
|1027|0x00000000c0300000, 0x00000000c0300000, 0x00000000c0400000|  0%| F|  |TAMS 0x00000000c0300000| PB 0x00000000c0300000| Untracked 
|1028|0x00000000c0400000, 0x00000000c0400000, 0x00000000c0500000|  0%| F|  |TAMS 0x00000000c0400000| PB 0x00000000c0400000| Untracked 
|1029|0x00000000c0500000, 0x00000000c0500000, 0x00000000c0600000|  0%| F|  |TAMS 0x00000000c0500000| PB 0x00000000c0500000| Untracked 
|1030|0x00000000c0600000, 0x00000000c0600000, 0x00000000c0700000|  0%| F|  |TAMS 0x00000000c0600000| PB 0x00000000c0600000| Untracked 
|1031|0x00000000c0700000, 0x00000000c0700000, 0x00000000c0800000|  0%| F|  |TAMS 0x00000000c0700000| PB 0x00000000c0700000| Untracked 
|1032|0x00000000c0800000, 0x00000000c0800000, 0x00000000c0900000|  0%| F|  |TAMS 0x00000000c0800000| PB 0x00000000c0800000| Untracked 
|1033|0x00000000c0900000, 0x00000000c0900000, 0x00000000c0a00000|  0%| F|  |TAMS 0x00000000c0900000| PB 0x00000000c0900000| Untracked 
|1034|0x00000000c0a00000, 0x00000000c0a00000, 0x00000000c0b00000|  0%| F|  |TAMS 0x00000000c0a00000| PB 0x00000000c0a00000| Untracked 
|1035|0x00000000c0b00000, 0x00000000c0b00000, 0x00000000c0c00000|  0%| F|  |TAMS 0x00000000c0b00000| PB 0x00000000c0b00000| Untracked 
|1036|0x00000000c0c00000, 0x00000000c0c00000, 0x00000000c0d00000|  0%| F|  |TAMS 0x00000000c0c00000| PB 0x00000000c0c00000| Untracked 
|1037|0x00000000c0d00000, 0x00000000c0d00000, 0x00000000c0e00000|  0%| F|  |TAMS 0x00000000c0d00000| PB 0x00000000c0d00000| Untracked 
|1038|0x00000000c0e00000, 0x00000000c0e00000, 0x00000000c0f00000|  0%| F|  |TAMS 0x00000000c0e00000| PB 0x00000000c0e00000| Untracked 
|1039|0x00000000c0f00000, 0x00000000c0f00000, 0x00000000c1000000|  0%| F|  |TAMS 0x00000000c0f00000| PB 0x00000000c0f00000| Untracked 
|1040|0x00000000c1000000, 0x00000000c1000000, 0x00000000c1100000|  0%| F|  |TAMS 0x00000000c1000000| PB 0x00000000c1000000| Untracked 
|1041|0x00000000c1100000, 0x00000000c1100000, 0x00000000c1200000|  0%| F|  |TAMS 0x00000000c1100000| PB 0x00000000c1100000| Untracked 
|1042|0x00000000c1200000, 0x00000000c1200000, 0x00000000c1300000|  0%| F|  |TAMS 0x00000000c1200000| PB 0x00000000c1200000| Untracked 
|1043|0x00000000c1300000, 0x00000000c1300000, 0x00000000c1400000|  0%| F|  |TAMS 0x00000000c1300000| PB 0x00000000c1300000| Untracked 
|1044|0x00000000c1400000, 0x00000000c1400000, 0x00000000c1500000|  0%| F|  |TAMS 0x00000000c1400000| PB 0x00000000c1400000| Untracked 
|1045|0x00000000c1500000, 0x00000000c1500000, 0x00000000c1600000|  0%| F|  |TAMS 0x00000000c1500000| PB 0x00000000c1500000| Untracked 
|1046|0x00000000c1600000, 0x00000000c1600000, 0x00000000c1700000|  0%| F|  |TAMS 0x00000000c1600000| PB 0x00000000c1600000| Untracked 
|1047|0x00000000c1700000, 0x00000000c1700000, 0x00000000c1800000|  0%| F|  |TAMS 0x00000000c1700000| PB 0x00000000c1700000| Untracked 
|1048|0x00000000c1800000, 0x00000000c1800000, 0x00000000c1900000|  0%| F|  |TAMS 0x00000000c1800000| PB 0x00000000c1800000| Untracked 
|1049|0x00000000c1900000, 0x00000000c1900000, 0x00000000c1a00000|  0%| F|  |TAMS 0x00000000c1900000| PB 0x00000000c1900000| Untracked 
|1050|0x00000000c1a00000, 0x00000000c1a00000, 0x00000000c1b00000|  0%| F|  |TAMS 0x00000000c1a00000| PB 0x00000000c1a00000| Untracked 
|1051|0x00000000c1b00000, 0x00000000c1b00000, 0x00000000c1c00000|  0%| F|  |TAMS 0x00000000c1b00000| PB 0x00000000c1b00000| Untracked 
|1052|0x00000000c1c00000, 0x00000000c1c00000, 0x00000000c1d00000|  0%| F|  |TAMS 0x00000000c1c00000| PB 0x00000000c1c00000| Untracked 
|1053|0x00000000c1d00000, 0x00000000c1d00000, 0x00000000c1e00000|  0%| F|  |TAMS 0x00000000c1d00000| PB 0x00000000c1d00000| Untracked 
|1054|0x00000000c1e00000, 0x00000000c1e00000, 0x00000000c1f00000|  0%| F|  |TAMS 0x00000000c1e00000| PB 0x00000000c1e00000| Untracked 
|1055|0x00000000c1f00000, 0x00000000c1f00000, 0x00000000c2000000|  0%| F|  |TAMS 0x00000000c1f00000| PB 0x00000000c1f00000| Untracked 
|1056|0x00000000c2000000, 0x00000000c2000000, 0x00000000c2100000|  0%| F|  |TAMS 0x00000000c2000000| PB 0x00000000c2000000| Untracked 
|1057|0x00000000c2100000, 0x00000000c2100000, 0x00000000c2200000|  0%| F|  |TAMS 0x00000000c2100000| PB 0x00000000c2100000| Untracked 
|1058|0x00000000c2200000, 0x00000000c2200000, 0x00000000c2300000|  0%| F|  |TAMS 0x00000000c2200000| PB 0x00000000c2200000| Untracked 
|1059|0x00000000c2300000, 0x00000000c2300000, 0x00000000c2400000|  0%| F|  |TAMS 0x00000000c2300000| PB 0x00000000c2300000| Untracked 
|1060|0x00000000c2400000, 0x00000000c2400000, 0x00000000c2500000|  0%| F|  |TAMS 0x00000000c2400000| PB 0x00000000c2400000| Untracked 
|1061|0x00000000c2500000, 0x00000000c2500000, 0x00000000c2600000|  0%| F|  |TAMS 0x00000000c2500000| PB 0x00000000c2500000| Untracked 
|1062|0x00000000c2600000, 0x00000000c2600000, 0x00000000c2700000|  0%| F|  |TAMS 0x00000000c2600000| PB 0x00000000c2600000| Untracked 
|1063|0x00000000c2700000, 0x00000000c2700000, 0x00000000c2800000|  0%| F|  |TAMS 0x00000000c2700000| PB 0x00000000c2700000| Untracked 
|1064|0x00000000c2800000, 0x00000000c2800000, 0x00000000c2900000|  0%| F|  |TAMS 0x00000000c2800000| PB 0x00000000c2800000| Untracked 
|1065|0x00000000c2900000, 0x00000000c2900000, 0x00000000c2a00000|  0%| F|  |TAMS 0x00000000c2900000| PB 0x00000000c2900000| Untracked 
|1066|0x00000000c2a00000, 0x00000000c2a00000, 0x00000000c2b00000|  0%| F|  |TAMS 0x00000000c2a00000| PB 0x00000000c2a00000| Untracked 
|1067|0x00000000c2b00000, 0x00000000c2b00000, 0x00000000c2c00000|  0%| F|  |TAMS 0x00000000c2b00000| PB 0x00000000c2b00000| Untracked 
|1068|0x00000000c2c00000, 0x00000000c2c00000, 0x00000000c2d00000|  0%| F|  |TAMS 0x00000000c2c00000| PB 0x00000000c2c00000| Untracked 
|1069|0x00000000c2d00000, 0x00000000c2d00000, 0x00000000c2e00000|  0%| F|  |TAMS 0x00000000c2d00000| PB 0x00000000c2d00000| Untracked 
|1070|0x00000000c2e00000, 0x00000000c2e00000, 0x00000000c2f00000|  0%| F|  |TAMS 0x00000000c2e00000| PB 0x00000000c2e00000| Untracked 
|1071|0x00000000c2f00000, 0x00000000c2f00000, 0x00000000c3000000|  0%| F|  |TAMS 0x00000000c2f00000| PB 0x00000000c2f00000| Untracked 
|1072|0x00000000c3000000, 0x00000000c3000000, 0x00000000c3100000|  0%| F|  |TAMS 0x00000000c3000000| PB 0x00000000c3000000| Untracked 
|1073|0x00000000c3100000, 0x00000000c3100000, 0x00000000c3200000|  0%| F|  |TAMS 0x00000000c3100000| PB 0x00000000c3100000| Untracked 
|1074|0x00000000c3200000, 0x00000000c3200000, 0x00000000c3300000|  0%| F|  |TAMS 0x00000000c3200000| PB 0x00000000c3200000| Untracked 
|1075|0x00000000c3300000, 0x00000000c3300000, 0x00000000c3400000|  0%| F|  |TAMS 0x00000000c3300000| PB 0x00000000c3300000| Untracked 
|1076|0x00000000c3400000, 0x00000000c3400000, 0x00000000c3500000|  0%| F|  |TAMS 0x00000000c3400000| PB 0x00000000c3400000| Untracked 
|1077|0x00000000c3500000, 0x00000000c3500000, 0x00000000c3600000|  0%| F|  |TAMS 0x00000000c3500000| PB 0x00000000c3500000| Untracked 
|1078|0x00000000c3600000, 0x00000000c3600000, 0x00000000c3700000|  0%| F|  |TAMS 0x00000000c3600000| PB 0x00000000c3600000| Untracked 
|1079|0x00000000c3700000, 0x00000000c3700000, 0x00000000c3800000|  0%| F|  |TAMS 0x00000000c3700000| PB 0x00000000c3700000| Untracked 
|1080|0x00000000c3800000, 0x00000000c3800000, 0x00000000c3900000|  0%| F|  |TAMS 0x00000000c3800000| PB 0x00000000c3800000| Untracked 
|1081|0x00000000c3900000, 0x00000000c3900000, 0x00000000c3a00000|  0%| F|  |TAMS 0x00000000c3900000| PB 0x00000000c3900000| Untracked 
|1082|0x00000000c3a00000, 0x00000000c3a00000, 0x00000000c3b00000|  0%| F|  |TAMS 0x00000000c3a00000| PB 0x00000000c3a00000| Untracked 
|1083|0x00000000c3b00000, 0x00000000c3b00000, 0x00000000c3c00000|  0%| F|  |TAMS 0x00000000c3b00000| PB 0x00000000c3b00000| Untracked 
|1084|0x00000000c3c00000, 0x00000000c3c00000, 0x00000000c3d00000|  0%| F|  |TAMS 0x00000000c3c00000| PB 0x00000000c3c00000| Untracked 
|1085|0x00000000c3d00000, 0x00000000c3d00000, 0x00000000c3e00000|  0%| F|  |TAMS 0x00000000c3d00000| PB 0x00000000c3d00000| Untracked 
|1086|0x00000000c3e00000, 0x00000000c3e00000, 0x00000000c3f00000|  0%| F|  |TAMS 0x00000000c3e00000| PB 0x00000000c3e00000| Untracked 
|1087|0x00000000c3f00000, 0x00000000c3f00000, 0x00000000c4000000|  0%| F|  |TAMS 0x00000000c3f00000| PB 0x00000000c3f00000| Untracked 
|1088|0x00000000c4000000, 0x00000000c4000000, 0x00000000c4100000|  0%| F|  |TAMS 0x00000000c4000000| PB 0x00000000c4000000| Untracked 
|1089|0x00000000c4100000, 0x00000000c4100000, 0x00000000c4200000|  0%| F|  |TAMS 0x00000000c4100000| PB 0x00000000c4100000| Untracked 
|1090|0x00000000c4200000, 0x00000000c4200000, 0x00000000c4300000|  0%| F|  |TAMS 0x00000000c4200000| PB 0x00000000c4200000| Untracked 
|1091|0x00000000c4300000, 0x00000000c4300000, 0x00000000c4400000|  0%| F|  |TAMS 0x00000000c4300000| PB 0x00000000c4300000| Untracked 
|1092|0x00000000c4400000, 0x00000000c4400000, 0x00000000c4500000|  0%| F|  |TAMS 0x00000000c4400000| PB 0x00000000c4400000| Untracked 
|1093|0x00000000c4500000, 0x00000000c4500000, 0x00000000c4600000|  0%| F|  |TAMS 0x00000000c4500000| PB 0x00000000c4500000| Untracked 
|1094|0x00000000c4600000, 0x00000000c4600000, 0x00000000c4700000|  0%| F|  |TAMS 0x00000000c4600000| PB 0x00000000c4600000| Untracked 
|1095|0x00000000c4700000, 0x00000000c4700000, 0x00000000c4800000|  0%| F|  |TAMS 0x00000000c4700000| PB 0x00000000c4700000| Untracked 
|1096|0x00000000c4800000, 0x00000000c4800000, 0x00000000c4900000|  0%| F|  |TAMS 0x00000000c4800000| PB 0x00000000c4800000| Untracked 
|1097|0x00000000c4900000, 0x00000000c4900000, 0x00000000c4a00000|  0%| F|  |TAMS 0x00000000c4900000| PB 0x00000000c4900000| Untracked 
|1098|0x00000000c4a00000, 0x00000000c4a00000, 0x00000000c4b00000|  0%| F|  |TAMS 0x00000000c4a00000| PB 0x00000000c4a00000| Untracked 
|1099|0x00000000c4b00000, 0x00000000c4b00000, 0x00000000c4c00000|  0%| F|  |TAMS 0x00000000c4b00000| PB 0x00000000c4b00000| Untracked 
|1100|0x00000000c4c00000, 0x00000000c4c00000, 0x00000000c4d00000|  0%| F|  |TAMS 0x00000000c4c00000| PB 0x00000000c4c00000| Untracked 
|1101|0x00000000c4d00000, 0x00000000c4d00000, 0x00000000c4e00000|  0%| F|  |TAMS 0x00000000c4d00000| PB 0x00000000c4d00000| Untracked 
|1102|0x00000000c4e00000, 0x00000000c4e00000, 0x00000000c4f00000|  0%| F|  |TAMS 0x00000000c4e00000| PB 0x00000000c4e00000| Untracked 
|1103|0x00000000c4f00000, 0x00000000c4f00000, 0x00000000c5000000|  0%| F|  |TAMS 0x00000000c4f00000| PB 0x00000000c4f00000| Untracked 
|1104|0x00000000c5000000, 0x00000000c5000000, 0x00000000c5100000|  0%| F|  |TAMS 0x00000000c5000000| PB 0x00000000c5000000| Untracked 
|1105|0x00000000c5100000, 0x00000000c5100000, 0x00000000c5200000|  0%| F|  |TAMS 0x00000000c5100000| PB 0x00000000c5100000| Untracked 
|1106|0x00000000c5200000, 0x00000000c5200000, 0x00000000c5300000|  0%| F|  |TAMS 0x00000000c5200000| PB 0x00000000c5200000| Untracked 
|1107|0x00000000c5300000, 0x00000000c5300000, 0x00000000c5400000|  0%| F|  |TAMS 0x00000000c5300000| PB 0x00000000c5300000| Untracked 
|1108|0x00000000c5400000, 0x00000000c5400000, 0x00000000c5500000|  0%| F|  |TAMS 0x00000000c5400000| PB 0x00000000c5400000| Untracked 
|1109|0x00000000c5500000, 0x00000000c5500000, 0x00000000c5600000|  0%| F|  |TAMS 0x00000000c5500000| PB 0x00000000c5500000| Untracked 
|1110|0x00000000c5600000, 0x00000000c5600000, 0x00000000c5700000|  0%| F|  |TAMS 0x00000000c5600000| PB 0x00000000c5600000| Untracked 
|1111|0x00000000c5700000, 0x00000000c5700000, 0x00000000c5800000|  0%| F|  |TAMS 0x00000000c5700000| PB 0x00000000c5700000| Untracked 
|1112|0x00000000c5800000, 0x00000000c5800000, 0x00000000c5900000|  0%| F|  |TAMS 0x00000000c5800000| PB 0x00000000c5800000| Untracked 
|1113|0x00000000c5900000, 0x00000000c5900000, 0x00000000c5a00000|  0%| F|  |TAMS 0x00000000c5900000| PB 0x00000000c5900000| Untracked 
|1114|0x00000000c5a00000, 0x00000000c5a00000, 0x00000000c5b00000|  0%| F|  |TAMS 0x00000000c5a00000| PB 0x00000000c5a00000| Untracked 
|1115|0x00000000c5b00000, 0x00000000c5b00000, 0x00000000c5c00000|  0%| F|  |TAMS 0x00000000c5b00000| PB 0x00000000c5b00000| Untracked 
|1116|0x00000000c5c00000, 0x00000000c5c00000, 0x00000000c5d00000|  0%| F|  |TAMS 0x00000000c5c00000| PB 0x00000000c5c00000| Untracked 
|1117|0x00000000c5d00000, 0x00000000c5d00000, 0x00000000c5e00000|  0%| F|  |TAMS 0x00000000c5d00000| PB 0x00000000c5d00000| Untracked 
|1118|0x00000000c5e00000, 0x00000000c5e00000, 0x00000000c5f00000|  0%| F|  |TAMS 0x00000000c5e00000| PB 0x00000000c5e00000| Untracked 
|1119|0x00000000c5f00000, 0x00000000c5f00000, 0x00000000c6000000|  0%| F|  |TAMS 0x00000000c5f00000| PB 0x00000000c5f00000| Untracked 
|1120|0x00000000c6000000, 0x00000000c6000000, 0x00000000c6100000|  0%| F|  |TAMS 0x00000000c6000000| PB 0x00000000c6000000| Untracked 
|1121|0x00000000c6100000, 0x00000000c6100000, 0x00000000c6200000|  0%| F|  |TAMS 0x00000000c6100000| PB 0x00000000c6100000| Untracked 
|1122|0x00000000c6200000, 0x00000000c6200000, 0x00000000c6300000|  0%| F|  |TAMS 0x00000000c6200000| PB 0x00000000c6200000| Untracked 
|1123|0x00000000c6300000, 0x00000000c6300000, 0x00000000c6400000|  0%| F|  |TAMS 0x00000000c6300000| PB 0x00000000c6300000| Untracked 
|1124|0x00000000c6400000, 0x00000000c6400000, 0x00000000c6500000|  0%| F|  |TAMS 0x00000000c6400000| PB 0x00000000c6400000| Untracked 
|1125|0x00000000c6500000, 0x00000000c6500000, 0x00000000c6600000|  0%| F|  |TAMS 0x00000000c6500000| PB 0x00000000c6500000| Untracked 
|1126|0x00000000c6600000, 0x00000000c6600000, 0x00000000c6700000|  0%| F|  |TAMS 0x00000000c6600000| PB 0x00000000c6600000| Untracked 
|1127|0x00000000c6700000, 0x00000000c6700000, 0x00000000c6800000|  0%| F|  |TAMS 0x00000000c6700000| PB 0x00000000c6700000| Untracked 
|1128|0x00000000c6800000, 0x00000000c6800000, 0x00000000c6900000|  0%| F|  |TAMS 0x00000000c6800000| PB 0x00000000c6800000| Untracked 
|1129|0x00000000c6900000, 0x00000000c6900000, 0x00000000c6a00000|  0%| F|  |TAMS 0x00000000c6900000| PB 0x00000000c6900000| Untracked 
|1130|0x00000000c6a00000, 0x00000000c6a00000, 0x00000000c6b00000|  0%| F|  |TAMS 0x00000000c6a00000| PB 0x00000000c6a00000| Untracked 
|1131|0x00000000c6b00000, 0x00000000c6b00000, 0x00000000c6c00000|  0%| F|  |TAMS 0x00000000c6b00000| PB 0x00000000c6b00000| Untracked 
|1132|0x00000000c6c00000, 0x00000000c6c00000, 0x00000000c6d00000|  0%| F|  |TAMS 0x00000000c6c00000| PB 0x00000000c6c00000| Untracked 
|1133|0x00000000c6d00000, 0x00000000c6d00000, 0x00000000c6e00000|  0%| F|  |TAMS 0x00000000c6d00000| PB 0x00000000c6d00000| Untracked 
|1134|0x00000000c6e00000, 0x00000000c6e00000, 0x00000000c6f00000|  0%| F|  |TAMS 0x00000000c6e00000| PB 0x00000000c6e00000| Untracked 
|1135|0x00000000c6f00000, 0x00000000c6f00000, 0x00000000c7000000|  0%| F|  |TAMS 0x00000000c6f00000| PB 0x00000000c6f00000| Untracked 
|1136|0x00000000c7000000, 0x00000000c7000000, 0x00000000c7100000|  0%| F|  |TAMS 0x00000000c7000000| PB 0x00000000c7000000| Untracked 
|1137|0x00000000c7100000, 0x00000000c7100000, 0x00000000c7200000|  0%| F|  |TAMS 0x00000000c7100000| PB 0x00000000c7100000| Untracked 
|1138|0x00000000c7200000, 0x00000000c7200000, 0x00000000c7300000|  0%| F|  |TAMS 0x00000000c7200000| PB 0x00000000c7200000| Untracked 
|1139|0x00000000c7300000, 0x00000000c7300000, 0x00000000c7400000|  0%| F|  |TAMS 0x00000000c7300000| PB 0x00000000c7300000| Untracked 
|1140|0x00000000c7400000, 0x00000000c7400000, 0x00000000c7500000|  0%| F|  |TAMS 0x00000000c7400000| PB 0x00000000c7400000| Untracked 
|1141|0x00000000c7500000, 0x00000000c7500000, 0x00000000c7600000|  0%| F|  |TAMS 0x00000000c7500000| PB 0x00000000c7500000| Untracked 
|1142|0x00000000c7600000, 0x00000000c7600000, 0x00000000c7700000|  0%| F|  |TAMS 0x00000000c7600000| PB 0x00000000c7600000| Untracked 
|1143|0x00000000c7700000, 0x00000000c7700000, 0x00000000c7800000|  0%| F|  |TAMS 0x00000000c7700000| PB 0x00000000c7700000| Untracked 
|1144|0x00000000c7800000, 0x00000000c7800000, 0x00000000c7900000|  0%| F|  |TAMS 0x00000000c7800000| PB 0x00000000c7800000| Untracked 
|1145|0x00000000c7900000, 0x00000000c7900000, 0x00000000c7a00000|  0%| F|  |TAMS 0x00000000c7900000| PB 0x00000000c7900000| Untracked 
|1146|0x00000000c7a00000, 0x00000000c7a00000, 0x00000000c7b00000|  0%| F|  |TAMS 0x00000000c7a00000| PB 0x00000000c7a00000| Untracked 
|1147|0x00000000c7b00000, 0x00000000c7b00000, 0x00000000c7c00000|  0%| F|  |TAMS 0x00000000c7b00000| PB 0x00000000c7b00000| Untracked 
|1148|0x00000000c7c00000, 0x00000000c7c00000, 0x00000000c7d00000|  0%| F|  |TAMS 0x00000000c7c00000| PB 0x00000000c7c00000| Untracked 
|1149|0x00000000c7d00000, 0x00000000c7d00000, 0x00000000c7e00000|  0%| F|  |TAMS 0x00000000c7d00000| PB 0x00000000c7d00000| Untracked 
|1150|0x00000000c7e00000, 0x00000000c7e00000, 0x00000000c7f00000|  0%| F|  |TAMS 0x00000000c7e00000| PB 0x00000000c7e00000| Untracked 
|1151|0x00000000c7f00000, 0x00000000c7f00000, 0x00000000c8000000|  0%| F|  |TAMS 0x00000000c7f00000| PB 0x00000000c7f00000| Untracked 
|1152|0x00000000c8000000, 0x00000000c8000000, 0x00000000c8100000|  0%| F|  |TAMS 0x00000000c8000000| PB 0x00000000c8000000| Untracked 
|1153|0x00000000c8100000, 0x00000000c8100000, 0x00000000c8200000|  0%| F|  |TAMS 0x00000000c8100000| PB 0x00000000c8100000| Untracked 
|1154|0x00000000c8200000, 0x00000000c8200000, 0x00000000c8300000|  0%| F|  |TAMS 0x00000000c8200000| PB 0x00000000c8200000| Untracked 
|1155|0x00000000c8300000, 0x00000000c8300000, 0x00000000c8400000|  0%| F|  |TAMS 0x00000000c8300000| PB 0x00000000c8300000| Untracked 
|1156|0x00000000c8400000, 0x00000000c8400000, 0x00000000c8500000|  0%| F|  |TAMS 0x00000000c8400000| PB 0x00000000c8400000| Untracked 
|1157|0x00000000c8500000, 0x00000000c8500000, 0x00000000c8600000|  0%| F|  |TAMS 0x00000000c8500000| PB 0x00000000c8500000| Untracked 
|1158|0x00000000c8600000, 0x00000000c8600000, 0x00000000c8700000|  0%| F|  |TAMS 0x00000000c8600000| PB 0x00000000c8600000| Untracked 
|1159|0x00000000c8700000, 0x00000000c8700000, 0x00000000c8800000|  0%| F|  |TAMS 0x00000000c8700000| PB 0x00000000c8700000| Untracked 
|1160|0x00000000c8800000, 0x00000000c8800000, 0x00000000c8900000|  0%| F|  |TAMS 0x00000000c8800000| PB 0x00000000c8800000| Untracked 
|1161|0x00000000c8900000, 0x00000000c8900000, 0x00000000c8a00000|  0%| F|  |TAMS 0x00000000c8900000| PB 0x00000000c8900000| Untracked 
|1162|0x00000000c8a00000, 0x00000000c8a00000, 0x00000000c8b00000|  0%| F|  |TAMS 0x00000000c8a00000| PB 0x00000000c8a00000| Untracked 
|1163|0x00000000c8b00000, 0x00000000c8b00000, 0x00000000c8c00000|  0%| F|  |TAMS 0x00000000c8b00000| PB 0x00000000c8b00000| Untracked 
|1164|0x00000000c8c00000, 0x00000000c8c00000, 0x00000000c8d00000|  0%| F|  |TAMS 0x00000000c8c00000| PB 0x00000000c8c00000| Untracked 
|1165|0x00000000c8d00000, 0x00000000c8d00000, 0x00000000c8e00000|  0%| F|  |TAMS 0x00000000c8d00000| PB 0x00000000c8d00000| Untracked 
|1166|0x00000000c8e00000, 0x00000000c8e00000, 0x00000000c8f00000|  0%| F|  |TAMS 0x00000000c8e00000| PB 0x00000000c8e00000| Untracked 
|1167|0x00000000c8f00000, 0x00000000c8f00000, 0x00000000c9000000|  0%| F|  |TAMS 0x00000000c8f00000| PB 0x00000000c8f00000| Untracked 
|1168|0x00000000c9000000, 0x00000000c9000000, 0x00000000c9100000|  0%| F|  |TAMS 0x00000000c9000000| PB 0x00000000c9000000| Untracked 
|1169|0x00000000c9100000, 0x00000000c9100000, 0x00000000c9200000|  0%| F|  |TAMS 0x00000000c9100000| PB 0x00000000c9100000| Untracked 
|1170|0x00000000c9200000, 0x00000000c9200000, 0x00000000c9300000|  0%| F|  |TAMS 0x00000000c9200000| PB 0x00000000c9200000| Untracked 
|1171|0x00000000c9300000, 0x00000000c9300000, 0x00000000c9400000|  0%| F|  |TAMS 0x00000000c9300000| PB 0x00000000c9300000| Untracked 
|1172|0x00000000c9400000, 0x00000000c9400000, 0x00000000c9500000|  0%| F|  |TAMS 0x00000000c9400000| PB 0x00000000c9400000| Untracked 
|1173|0x00000000c9500000, 0x00000000c9500000, 0x00000000c9600000|  0%| F|  |TAMS 0x00000000c9500000| PB 0x00000000c9500000| Untracked 
|1174|0x00000000c9600000, 0x00000000c9600000, 0x00000000c9700000|  0%| F|  |TAMS 0x00000000c9600000| PB 0x00000000c9600000| Untracked 
|1175|0x00000000c9700000, 0x00000000c9700000, 0x00000000c9800000|  0%| F|  |TAMS 0x00000000c9700000| PB 0x00000000c9700000| Untracked 
|1176|0x00000000c9800000, 0x00000000c9800000, 0x00000000c9900000|  0%| F|  |TAMS 0x00000000c9800000| PB 0x00000000c9800000| Untracked 
|1177|0x00000000c9900000, 0x00000000c9900000, 0x00000000c9a00000|  0%| F|  |TAMS 0x00000000c9900000| PB 0x00000000c9900000| Untracked 
|1178|0x00000000c9a00000, 0x00000000c9a00000, 0x00000000c9b00000|  0%| F|  |TAMS 0x00000000c9a00000| PB 0x00000000c9a00000| Untracked 
|1179|0x00000000c9b00000, 0x00000000c9b00000, 0x00000000c9c00000|  0%| F|  |TAMS 0x00000000c9b00000| PB 0x00000000c9b00000| Untracked 
|1180|0x00000000c9c00000, 0x00000000c9c00000, 0x00000000c9d00000|  0%| F|  |TAMS 0x00000000c9c00000| PB 0x00000000c9c00000| Untracked 
|1181|0x00000000c9d00000, 0x00000000c9d00000, 0x00000000c9e00000|  0%| F|  |TAMS 0x00000000c9d00000| PB 0x00000000c9d00000| Untracked 
|1182|0x00000000c9e00000, 0x00000000c9e00000, 0x00000000c9f00000|  0%| F|  |TAMS 0x00000000c9e00000| PB 0x00000000c9e00000| Untracked 
|1183|0x00000000c9f00000, 0x00000000c9f00000, 0x00000000ca000000|  0%| F|  |TAMS 0x00000000c9f00000| PB 0x00000000c9f00000| Untracked 
|1184|0x00000000ca000000, 0x00000000ca000000, 0x00000000ca100000|  0%| F|  |TAMS 0x00000000ca000000| PB 0x00000000ca000000| Untracked 
|1185|0x00000000ca100000, 0x00000000ca100000, 0x00000000ca200000|  0%| F|  |TAMS 0x00000000ca100000| PB 0x00000000ca100000| Untracked 
|1186|0x00000000ca200000, 0x00000000ca200000, 0x00000000ca300000|  0%| F|  |TAMS 0x00000000ca200000| PB 0x00000000ca200000| Untracked 
|1187|0x00000000ca300000, 0x00000000ca300000, 0x00000000ca400000|  0%| F|  |TAMS 0x00000000ca300000| PB 0x00000000ca300000| Untracked 
|1188|0x00000000ca400000, 0x00000000ca400000, 0x00000000ca500000|  0%| F|  |TAMS 0x00000000ca400000| PB 0x00000000ca400000| Untracked 
|1189|0x00000000ca500000, 0x00000000ca500000, 0x00000000ca600000|  0%| F|  |TAMS 0x00000000ca500000| PB 0x00000000ca500000| Untracked 
|1190|0x00000000ca600000, 0x00000000ca600000, 0x00000000ca700000|  0%| F|  |TAMS 0x00000000ca600000| PB 0x00000000ca600000| Untracked 
|1191|0x00000000ca700000, 0x00000000ca700000, 0x00000000ca800000|  0%| F|  |TAMS 0x00000000ca700000| PB 0x00000000ca700000| Untracked 
|1192|0x00000000ca800000, 0x00000000ca800000, 0x00000000ca900000|  0%| F|  |TAMS 0x00000000ca800000| PB 0x00000000ca800000| Untracked 
|1193|0x00000000ca900000, 0x00000000ca900000, 0x00000000caa00000|  0%| F|  |TAMS 0x00000000ca900000| PB 0x00000000ca900000| Untracked 
|1194|0x00000000caa00000, 0x00000000caa00000, 0x00000000cab00000|  0%| F|  |TAMS 0x00000000caa00000| PB 0x00000000caa00000| Untracked 
|1195|0x00000000cab00000, 0x00000000cab00000, 0x00000000cac00000|  0%| F|  |TAMS 0x00000000cab00000| PB 0x00000000cab00000| Untracked 
|1196|0x00000000cac00000, 0x00000000cac00000, 0x00000000cad00000|  0%| F|  |TAMS 0x00000000cac00000| PB 0x00000000cac00000| Untracked 
|1197|0x00000000cad00000, 0x00000000cad00000, 0x00000000cae00000|  0%| F|  |TAMS 0x00000000cad00000| PB 0x00000000cad00000| Untracked 
|1198|0x00000000cae00000, 0x00000000cae00000, 0x00000000caf00000|  0%| F|  |TAMS 0x00000000cae00000| PB 0x00000000cae00000| Untracked 
|1199|0x00000000caf00000, 0x00000000caf00000, 0x00000000cb000000|  0%| F|  |TAMS 0x00000000caf00000| PB 0x00000000caf00000| Untracked 
|1200|0x00000000cb000000, 0x00000000cb000000, 0x00000000cb100000|  0%| F|  |TAMS 0x00000000cb000000| PB 0x00000000cb000000| Untracked 
|1201|0x00000000cb100000, 0x00000000cb100000, 0x00000000cb200000|  0%| F|  |TAMS 0x00000000cb100000| PB 0x00000000cb100000| Untracked 
|1202|0x00000000cb200000, 0x00000000cb200000, 0x00000000cb300000|  0%| F|  |TAMS 0x00000000cb200000| PB 0x00000000cb200000| Untracked 
|1203|0x00000000cb300000, 0x00000000cb300000, 0x00000000cb400000|  0%| F|  |TAMS 0x00000000cb300000| PB 0x00000000cb300000| Untracked 
|1204|0x00000000cb400000, 0x00000000cb400000, 0x00000000cb500000|  0%| F|  |TAMS 0x00000000cb400000| PB 0x00000000cb400000| Untracked 
|1205|0x00000000cb500000, 0x00000000cb500000, 0x00000000cb600000|  0%| F|  |TAMS 0x00000000cb500000| PB 0x00000000cb500000| Untracked 
|1206|0x00000000cb600000, 0x00000000cb600000, 0x00000000cb700000|  0%| F|  |TAMS 0x00000000cb600000| PB 0x00000000cb600000| Untracked 
|1207|0x00000000cb700000, 0x00000000cb700000, 0x00000000cb800000|  0%| F|  |TAMS 0x00000000cb700000| PB 0x00000000cb700000| Untracked 
|1208|0x00000000cb800000, 0x00000000cb800000, 0x00000000cb900000|  0%| F|  |TAMS 0x00000000cb800000| PB 0x00000000cb800000| Untracked 
|1209|0x00000000cb900000, 0x00000000cb900000, 0x00000000cba00000|  0%| F|  |TAMS 0x00000000cb900000| PB 0x00000000cb900000| Untracked 
|1210|0x00000000cba00000, 0x00000000cba00000, 0x00000000cbb00000|  0%| F|  |TAMS 0x00000000cba00000| PB 0x00000000cba00000| Untracked 
|1211|0x00000000cbb00000, 0x00000000cbb00000, 0x00000000cbc00000|  0%| F|  |TAMS 0x00000000cbb00000| PB 0x00000000cbb00000| Untracked 
|1212|0x00000000cbc00000, 0x00000000cbc00000, 0x00000000cbd00000|  0%| F|  |TAMS 0x00000000cbc00000| PB 0x00000000cbc00000| Untracked 
|1213|0x00000000cbd00000, 0x00000000cbd00000, 0x00000000cbe00000|  0%| F|  |TAMS 0x00000000cbd00000| PB 0x00000000cbd00000| Untracked 
|1214|0x00000000cbe00000, 0x00000000cbe00000, 0x00000000cbf00000|  0%| F|  |TAMS 0x00000000cbe00000| PB 0x00000000cbe00000| Untracked 
|1215|0x00000000cbf00000, 0x00000000cbf00000, 0x00000000cc000000|  0%| F|  |TAMS 0x00000000cbf00000| PB 0x00000000cbf00000| Untracked 
|1216|0x00000000cc000000, 0x00000000cc000000, 0x00000000cc100000|  0%| F|  |TAMS 0x00000000cc000000| PB 0x00000000cc000000| Untracked 
|1217|0x00000000cc100000, 0x00000000cc100000, 0x00000000cc200000|  0%| F|  |TAMS 0x00000000cc100000| PB 0x00000000cc100000| Untracked 
|1218|0x00000000cc200000, 0x00000000cc200000, 0x00000000cc300000|  0%| F|  |TAMS 0x00000000cc200000| PB 0x00000000cc200000| Untracked 
|1219|0x00000000cc300000, 0x00000000cc300000, 0x00000000cc400000|  0%| F|  |TAMS 0x00000000cc300000| PB 0x00000000cc300000| Untracked 
|1220|0x00000000cc400000, 0x00000000cc400000, 0x00000000cc500000|  0%| F|  |TAMS 0x00000000cc400000| PB 0x00000000cc400000| Untracked 
|1221|0x00000000cc500000, 0x00000000cc500000, 0x00000000cc600000|  0%| F|  |TAMS 0x00000000cc500000| PB 0x00000000cc500000| Untracked 
|1222|0x00000000cc600000, 0x00000000cc600000, 0x00000000cc700000|  0%| F|  |TAMS 0x00000000cc600000| PB 0x00000000cc600000| Untracked 
|1223|0x00000000cc700000, 0x00000000cc700000, 0x00000000cc800000|  0%| F|  |TAMS 0x00000000cc700000| PB 0x00000000cc700000| Untracked 
|1224|0x00000000cc800000, 0x00000000cc800000, 0x00000000cc900000|  0%| F|  |TAMS 0x00000000cc800000| PB 0x00000000cc800000| Untracked 
|1225|0x00000000cc900000, 0x00000000cc900000, 0x00000000cca00000|  0%| F|  |TAMS 0x00000000cc900000| PB 0x00000000cc900000| Untracked 
|1226|0x00000000cca00000, 0x00000000cca00000, 0x00000000ccb00000|  0%| F|  |TAMS 0x00000000cca00000| PB 0x00000000cca00000| Untracked 
|1227|0x00000000ccb00000, 0x00000000ccb00000, 0x00000000ccc00000|  0%| F|  |TAMS 0x00000000ccb00000| PB 0x00000000ccb00000| Untracked 
|1228|0x00000000ccc00000, 0x00000000ccc00000, 0x00000000ccd00000|  0%| F|  |TAMS 0x00000000ccc00000| PB 0x00000000ccc00000| Untracked 
|1229|0x00000000ccd00000, 0x00000000ccd00000, 0x00000000cce00000|  0%| F|  |TAMS 0x00000000ccd00000| PB 0x00000000ccd00000| Untracked 
|1230|0x00000000cce00000, 0x00000000cce00000, 0x00000000ccf00000|  0%| F|  |TAMS 0x00000000cce00000| PB 0x00000000cce00000| Untracked 
|1231|0x00000000ccf00000, 0x00000000ccf00000, 0x00000000cd000000|  0%| F|  |TAMS 0x00000000ccf00000| PB 0x00000000ccf00000| Untracked 
|1232|0x00000000cd000000, 0x00000000cd000000, 0x00000000cd100000|  0%| F|  |TAMS 0x00000000cd000000| PB 0x00000000cd000000| Untracked 
|1233|0x00000000cd100000, 0x00000000cd100000, 0x00000000cd200000|  0%| F|  |TAMS 0x00000000cd100000| PB 0x00000000cd100000| Untracked 
|1234|0x00000000cd200000, 0x00000000cd200000, 0x00000000cd300000|  0%| F|  |TAMS 0x00000000cd200000| PB 0x00000000cd200000| Untracked 
|1235|0x00000000cd300000, 0x00000000cd300000, 0x00000000cd400000|  0%| F|  |TAMS 0x00000000cd300000| PB 0x00000000cd300000| Untracked 
|1236|0x00000000cd400000, 0x00000000cd400000, 0x00000000cd500000|  0%| F|  |TAMS 0x00000000cd400000| PB 0x00000000cd400000| Untracked 
|1237|0x00000000cd500000, 0x00000000cd500000, 0x00000000cd600000|  0%| F|  |TAMS 0x00000000cd500000| PB 0x00000000cd500000| Untracked 
|1238|0x00000000cd600000, 0x00000000cd600000, 0x00000000cd700000|  0%| F|  |TAMS 0x00000000cd600000| PB 0x00000000cd600000| Untracked 
|1239|0x00000000cd700000, 0x00000000cd700000, 0x00000000cd800000|  0%| F|  |TAMS 0x00000000cd700000| PB 0x00000000cd700000| Untracked 
|1240|0x00000000cd800000, 0x00000000cd800000, 0x00000000cd900000|  0%| F|  |TAMS 0x00000000cd800000| PB 0x00000000cd800000| Untracked 
|1241|0x00000000cd900000, 0x00000000cd900000, 0x00000000cda00000|  0%| F|  |TAMS 0x00000000cd900000| PB 0x00000000cd900000| Untracked 
|1242|0x00000000cda00000, 0x00000000cda00000, 0x00000000cdb00000|  0%| F|  |TAMS 0x00000000cda00000| PB 0x00000000cda00000| Untracked 
|1243|0x00000000cdb00000, 0x00000000cdb00000, 0x00000000cdc00000|  0%| F|  |TAMS 0x00000000cdb00000| PB 0x00000000cdb00000| Untracked 
|1244|0x00000000cdc00000, 0x00000000cdc00000, 0x00000000cdd00000|  0%| F|  |TAMS 0x00000000cdc00000| PB 0x00000000cdc00000| Untracked 
|1245|0x00000000cdd00000, 0x00000000cdd00000, 0x00000000cde00000|  0%| F|  |TAMS 0x00000000cdd00000| PB 0x00000000cdd00000| Untracked 
|1246|0x00000000cde00000, 0x00000000cde00000, 0x00000000cdf00000|  0%| F|  |TAMS 0x00000000cde00000| PB 0x00000000cde00000| Untracked 
|1247|0x00000000cdf00000, 0x00000000cdf00000, 0x00000000ce000000|  0%| F|  |TAMS 0x00000000cdf00000| PB 0x00000000cdf00000| Untracked 
|1248|0x00000000ce000000, 0x00000000ce000000, 0x00000000ce100000|  0%| F|  |TAMS 0x00000000ce000000| PB 0x00000000ce000000| Untracked 
|1249|0x00000000ce100000, 0x00000000ce100000, 0x00000000ce200000|  0%| F|  |TAMS 0x00000000ce100000| PB 0x00000000ce100000| Untracked 
|1250|0x00000000ce200000, 0x00000000ce200000, 0x00000000ce300000|  0%| F|  |TAMS 0x00000000ce200000| PB 0x00000000ce200000| Untracked 
|1251|0x00000000ce300000, 0x00000000ce300000, 0x00000000ce400000|  0%| F|  |TAMS 0x00000000ce300000| PB 0x00000000ce300000| Untracked 
|1252|0x00000000ce400000, 0x00000000ce400000, 0x00000000ce500000|  0%| F|  |TAMS 0x00000000ce400000| PB 0x00000000ce400000| Untracked 
|1253|0x00000000ce500000, 0x00000000ce500000, 0x00000000ce600000|  0%| F|  |TAMS 0x00000000ce500000| PB 0x00000000ce500000| Untracked 
|1254|0x00000000ce600000, 0x00000000ce600000, 0x00000000ce700000|  0%| F|  |TAMS 0x00000000ce600000| PB 0x00000000ce600000| Untracked 
|1255|0x00000000ce700000, 0x00000000ce700000, 0x00000000ce800000|  0%| F|  |TAMS 0x00000000ce700000| PB 0x00000000ce700000| Untracked 
|1256|0x00000000ce800000, 0x00000000ce800000, 0x00000000ce900000|  0%| F|  |TAMS 0x00000000ce800000| PB 0x00000000ce800000| Untracked 
|1257|0x00000000ce900000, 0x00000000ce900000, 0x00000000cea00000|  0%| F|  |TAMS 0x00000000ce900000| PB 0x00000000ce900000| Untracked 
|1258|0x00000000cea00000, 0x00000000cea00000, 0x00000000ceb00000|  0%| F|  |TAMS 0x00000000cea00000| PB 0x00000000cea00000| Untracked 
|1259|0x00000000ceb00000, 0x00000000ceb00000, 0x00000000cec00000|  0%| F|  |TAMS 0x00000000ceb00000| PB 0x00000000ceb00000| Untracked 
|1260|0x00000000cec00000, 0x00000000cec00000, 0x00000000ced00000|  0%| F|  |TAMS 0x00000000cec00000| PB 0x00000000cec00000| Untracked 
|1261|0x00000000ced00000, 0x00000000ced00000, 0x00000000cee00000|  0%| F|  |TAMS 0x00000000ced00000| PB 0x00000000ced00000| Untracked 
|1262|0x00000000cee00000, 0x00000000cee00000, 0x00000000cef00000|  0%| F|  |TAMS 0x00000000cee00000| PB 0x00000000cee00000| Untracked 
|1263|0x00000000cef00000, 0x00000000cef00000, 0x00000000cf000000|  0%| F|  |TAMS 0x00000000cef00000| PB 0x00000000cef00000| Untracked 
|1264|0x00000000cf000000, 0x00000000cf000000, 0x00000000cf100000|  0%| F|  |TAMS 0x00000000cf000000| PB 0x00000000cf000000| Untracked 
|1265|0x00000000cf100000, 0x00000000cf100000, 0x00000000cf200000|  0%| F|  |TAMS 0x00000000cf100000| PB 0x00000000cf100000| Untracked 
|1266|0x00000000cf200000, 0x00000000cf200000, 0x00000000cf300000|  0%| F|  |TAMS 0x00000000cf200000| PB 0x00000000cf200000| Untracked 
|1267|0x00000000cf300000, 0x00000000cf300000, 0x00000000cf400000|  0%| F|  |TAMS 0x00000000cf300000| PB 0x00000000cf300000| Untracked 
|1268|0x00000000cf400000, 0x00000000cf400000, 0x00000000cf500000|  0%| F|  |TAMS 0x00000000cf400000| PB 0x00000000cf400000| Untracked 
|1269|0x00000000cf500000, 0x00000000cf500000, 0x00000000cf600000|  0%| F|  |TAMS 0x00000000cf500000| PB 0x00000000cf500000| Untracked 
|1270|0x00000000cf600000, 0x00000000cf600000, 0x00000000cf700000|  0%| F|  |TAMS 0x00000000cf600000| PB 0x00000000cf600000| Untracked 
|1271|0x00000000cf700000, 0x00000000cf700000, 0x00000000cf800000|  0%| F|  |TAMS 0x00000000cf700000| PB 0x00000000cf700000| Untracked 
|1272|0x00000000cf800000, 0x00000000cf800000, 0x00000000cf900000|  0%| F|  |TAMS 0x00000000cf800000| PB 0x00000000cf800000| Untracked 
|1273|0x00000000cf900000, 0x00000000cf900000, 0x00000000cfa00000|  0%| F|  |TAMS 0x00000000cf900000| PB 0x00000000cf900000| Untracked 
|1274|0x00000000cfa00000, 0x00000000cfa00000, 0x00000000cfb00000|  0%| F|  |TAMS 0x00000000cfa00000| PB 0x00000000cfa00000| Untracked 
|1275|0x00000000cfb00000, 0x00000000cfb00000, 0x00000000cfc00000|  0%| F|  |TAMS 0x00000000cfb00000| PB 0x00000000cfb00000| Untracked 
|1276|0x00000000cfc00000, 0x00000000cfc00000, 0x00000000cfd00000|  0%| F|  |TAMS 0x00000000cfc00000| PB 0x00000000cfc00000| Untracked 
|1277|0x00000000cfd00000, 0x00000000cfd00000, 0x00000000cfe00000|  0%| F|  |TAMS 0x00000000cfd00000| PB 0x00000000cfd00000| Untracked 
|1278|0x00000000cfe00000, 0x00000000cfe00000, 0x00000000cff00000|  0%| F|  |TAMS 0x00000000cfe00000| PB 0x00000000cfe00000| Untracked 
|1279|0x00000000cff00000, 0x00000000cff00000, 0x00000000d0000000|  0%| F|  |TAMS 0x00000000cff00000| PB 0x00000000cff00000| Untracked 
|1280|0x00000000d0000000, 0x00000000d0000000, 0x00000000d0100000|  0%| F|  |TAMS 0x00000000d0000000| PB 0x00000000d0000000| Untracked 
|1281|0x00000000d0100000, 0x00000000d0100000, 0x00000000d0200000|  0%| F|  |TAMS 0x00000000d0100000| PB 0x00000000d0100000| Untracked 
|1282|0x00000000d0200000, 0x00000000d0200000, 0x00000000d0300000|  0%| F|  |TAMS 0x00000000d0200000| PB 0x00000000d0200000| Untracked 
|1283|0x00000000d0300000, 0x00000000d0300000, 0x00000000d0400000|  0%| F|  |TAMS 0x00000000d0300000| PB 0x00000000d0300000| Untracked 
|1284|0x00000000d0400000, 0x00000000d0400000, 0x00000000d0500000|  0%| F|  |TAMS 0x00000000d0400000| PB 0x00000000d0400000| Untracked 
|1285|0x00000000d0500000, 0x00000000d0500000, 0x00000000d0600000|  0%| F|  |TAMS 0x00000000d0500000| PB 0x00000000d0500000| Untracked 
|1286|0x00000000d0600000, 0x00000000d0600000, 0x00000000d0700000|  0%| F|  |TAMS 0x00000000d0600000| PB 0x00000000d0600000| Untracked 
|1287|0x00000000d0700000, 0x00000000d0700000, 0x00000000d0800000|  0%| F|  |TAMS 0x00000000d0700000| PB 0x00000000d0700000| Untracked 
|1288|0x00000000d0800000, 0x00000000d0800000, 0x00000000d0900000|  0%| F|  |TAMS 0x00000000d0800000| PB 0x00000000d0800000| Untracked 
|1289|0x00000000d0900000, 0x00000000d0900000, 0x00000000d0a00000|  0%| F|  |TAMS 0x00000000d0900000| PB 0x00000000d0900000| Untracked 
|1290|0x00000000d0a00000, 0x00000000d0a00000, 0x00000000d0b00000|  0%| F|  |TAMS 0x00000000d0a00000| PB 0x00000000d0a00000| Untracked 
|1291|0x00000000d0b00000, 0x00000000d0b00000, 0x00000000d0c00000|  0%| F|  |TAMS 0x00000000d0b00000| PB 0x00000000d0b00000| Untracked 
|1292|0x00000000d0c00000, 0x00000000d0c00000, 0x00000000d0d00000|  0%| F|  |TAMS 0x00000000d0c00000| PB 0x00000000d0c00000| Untracked 
|1293|0x00000000d0d00000, 0x00000000d0d00000, 0x00000000d0e00000|  0%| F|  |TAMS 0x00000000d0d00000| PB 0x00000000d0d00000| Untracked 
|1294|0x00000000d0e00000, 0x00000000d0e00000, 0x00000000d0f00000|  0%| F|  |TAMS 0x00000000d0e00000| PB 0x00000000d0e00000| Untracked 
|1295|0x00000000d0f00000, 0x00000000d0f00000, 0x00000000d1000000|  0%| F|  |TAMS 0x00000000d0f00000| PB 0x00000000d0f00000| Untracked 
|1296|0x00000000d1000000, 0x00000000d1000000, 0x00000000d1100000|  0%| F|  |TAMS 0x00000000d1000000| PB 0x00000000d1000000| Untracked 
|1297|0x00000000d1100000, 0x00000000d1100000, 0x00000000d1200000|  0%| F|  |TAMS 0x00000000d1100000| PB 0x00000000d1100000| Untracked 
|1298|0x00000000d1200000, 0x00000000d1200000, 0x00000000d1300000|  0%| F|  |TAMS 0x00000000d1200000| PB 0x00000000d1200000| Untracked 
|1299|0x00000000d1300000, 0x00000000d1300000, 0x00000000d1400000|  0%| F|  |TAMS 0x00000000d1300000| PB 0x00000000d1300000| Untracked 
|1300|0x00000000d1400000, 0x00000000d1400000, 0x00000000d1500000|  0%| F|  |TAMS 0x00000000d1400000| PB 0x00000000d1400000| Untracked 
|1301|0x00000000d1500000, 0x00000000d1500000, 0x00000000d1600000|  0%| F|  |TAMS 0x00000000d1500000| PB 0x00000000d1500000| Untracked 
|1302|0x00000000d1600000, 0x00000000d1600000, 0x00000000d1700000|  0%| F|  |TAMS 0x00000000d1600000| PB 0x00000000d1600000| Untracked 
|1303|0x00000000d1700000, 0x00000000d1700000, 0x00000000d1800000|  0%| F|  |TAMS 0x00000000d1700000| PB 0x00000000d1700000| Untracked 
|1304|0x00000000d1800000, 0x00000000d1800000, 0x00000000d1900000|  0%| F|  |TAMS 0x00000000d1800000| PB 0x00000000d1800000| Untracked 
|1305|0x00000000d1900000, 0x00000000d1900000, 0x00000000d1a00000|  0%| F|  |TAMS 0x00000000d1900000| PB 0x00000000d1900000| Untracked 
|1306|0x00000000d1a00000, 0x00000000d1a00000, 0x00000000d1b00000|  0%| F|  |TAMS 0x00000000d1a00000| PB 0x00000000d1a00000| Untracked 
|1307|0x00000000d1b00000, 0x00000000d1b00000, 0x00000000d1c00000|  0%| F|  |TAMS 0x00000000d1b00000| PB 0x00000000d1b00000| Untracked 
|1308|0x00000000d1c00000, 0x00000000d1c00000, 0x00000000d1d00000|  0%| F|  |TAMS 0x00000000d1c00000| PB 0x00000000d1c00000| Untracked 
|1309|0x00000000d1d00000, 0x00000000d1d00000, 0x00000000d1e00000|  0%| F|  |TAMS 0x00000000d1d00000| PB 0x00000000d1d00000| Untracked 
|1310|0x00000000d1e00000, 0x00000000d1e00000, 0x00000000d1f00000|  0%| F|  |TAMS 0x00000000d1e00000| PB 0x00000000d1e00000| Untracked 
|1311|0x00000000d1f00000, 0x00000000d1f00000, 0x00000000d2000000|  0%| F|  |TAMS 0x00000000d1f00000| PB 0x00000000d1f00000| Untracked 
|1312|0x00000000d2000000, 0x00000000d2000000, 0x00000000d2100000|  0%| F|  |TAMS 0x00000000d2000000| PB 0x00000000d2000000| Untracked 
|1313|0x00000000d2100000, 0x00000000d2100000, 0x00000000d2200000|  0%| F|  |TAMS 0x00000000d2100000| PB 0x00000000d2100000| Untracked 
|1314|0x00000000d2200000, 0x00000000d2200000, 0x00000000d2300000|  0%| F|  |TAMS 0x00000000d2200000| PB 0x00000000d2200000| Untracked 
|1315|0x00000000d2300000, 0x00000000d2300000, 0x00000000d2400000|  0%| F|  |TAMS 0x00000000d2300000| PB 0x00000000d2300000| Untracked 
|1316|0x00000000d2400000, 0x00000000d2400000, 0x00000000d2500000|  0%| F|  |TAMS 0x00000000d2400000| PB 0x00000000d2400000| Untracked 
|1317|0x00000000d2500000, 0x00000000d2500000, 0x00000000d2600000|  0%| F|  |TAMS 0x00000000d2500000| PB 0x00000000d2500000| Untracked 
|1318|0x00000000d2600000, 0x00000000d2600000, 0x00000000d2700000|  0%| F|  |TAMS 0x00000000d2600000| PB 0x00000000d2600000| Untracked 
|1319|0x00000000d2700000, 0x00000000d2700000, 0x00000000d2800000|  0%| F|  |TAMS 0x00000000d2700000| PB 0x00000000d2700000| Untracked 
|1320|0x00000000d2800000, 0x00000000d2800000, 0x00000000d2900000|  0%| F|  |TAMS 0x00000000d2800000| PB 0x00000000d2800000| Untracked 
|1321|0x00000000d2900000, 0x00000000d2900000, 0x00000000d2a00000|  0%| F|  |TAMS 0x00000000d2900000| PB 0x00000000d2900000| Untracked 
|1322|0x00000000d2a00000, 0x00000000d2a00000, 0x00000000d2b00000|  0%| F|  |TAMS 0x00000000d2a00000| PB 0x00000000d2a00000| Untracked 
|1323|0x00000000d2b00000, 0x00000000d2b00000, 0x00000000d2c00000|  0%| F|  |TAMS 0x00000000d2b00000| PB 0x00000000d2b00000| Untracked 
|1324|0x00000000d2c00000, 0x00000000d2c00000, 0x00000000d2d00000|  0%| F|  |TAMS 0x00000000d2c00000| PB 0x00000000d2c00000| Untracked 
|1325|0x00000000d2d00000, 0x00000000d2d00000, 0x00000000d2e00000|  0%| F|  |TAMS 0x00000000d2d00000| PB 0x00000000d2d00000| Untracked 
|1326|0x00000000d2e00000, 0x00000000d2e00000, 0x00000000d2f00000|  0%| F|  |TAMS 0x00000000d2e00000| PB 0x00000000d2e00000| Untracked 
|1327|0x00000000d2f00000, 0x00000000d2f00000, 0x00000000d3000000|  0%| F|  |TAMS 0x00000000d2f00000| PB 0x00000000d2f00000| Untracked 
|1328|0x00000000d3000000, 0x00000000d3000000, 0x00000000d3100000|  0%| F|  |TAMS 0x00000000d3000000| PB 0x00000000d3000000| Untracked 
|1329|0x00000000d3100000, 0x00000000d3100000, 0x00000000d3200000|  0%| F|  |TAMS 0x00000000d3100000| PB 0x00000000d3100000| Untracked 
|1330|0x00000000d3200000, 0x00000000d3200000, 0x00000000d3300000|  0%| F|  |TAMS 0x00000000d3200000| PB 0x00000000d3200000| Untracked 
|1331|0x00000000d3300000, 0x00000000d3300000, 0x00000000d3400000|  0%| F|  |TAMS 0x00000000d3300000| PB 0x00000000d3300000| Untracked 
|1332|0x00000000d3400000, 0x00000000d3400000, 0x00000000d3500000|  0%| F|  |TAMS 0x00000000d3400000| PB 0x00000000d3400000| Untracked 
|1333|0x00000000d3500000, 0x00000000d3500000, 0x00000000d3600000|  0%| F|  |TAMS 0x00000000d3500000| PB 0x00000000d3500000| Untracked 
|1334|0x00000000d3600000, 0x00000000d3600000, 0x00000000d3700000|  0%| F|  |TAMS 0x00000000d3600000| PB 0x00000000d3600000| Untracked 
|1335|0x00000000d3700000, 0x00000000d3700000, 0x00000000d3800000|  0%| F|  |TAMS 0x00000000d3700000| PB 0x00000000d3700000| Untracked 
|1336|0x00000000d3800000, 0x00000000d3800000, 0x00000000d3900000|  0%| F|  |TAMS 0x00000000d3800000| PB 0x00000000d3800000| Untracked 
|1337|0x00000000d3900000, 0x00000000d3900000, 0x00000000d3a00000|  0%| F|  |TAMS 0x00000000d3900000| PB 0x00000000d3900000| Untracked 
|1338|0x00000000d3a00000, 0x00000000d3a00000, 0x00000000d3b00000|  0%| F|  |TAMS 0x00000000d3a00000| PB 0x00000000d3a00000| Untracked 
|1339|0x00000000d3b00000, 0x00000000d3b00000, 0x00000000d3c00000|  0%| F|  |TAMS 0x00000000d3b00000| PB 0x00000000d3b00000| Untracked 
|1340|0x00000000d3c00000, 0x00000000d3c00000, 0x00000000d3d00000|  0%| F|  |TAMS 0x00000000d3c00000| PB 0x00000000d3c00000| Untracked 
|1341|0x00000000d3d00000, 0x00000000d3d00000, 0x00000000d3e00000|  0%| F|  |TAMS 0x00000000d3d00000| PB 0x00000000d3d00000| Untracked 
|1342|0x00000000d3e00000, 0x00000000d3e00000, 0x00000000d3f00000|  0%| F|  |TAMS 0x00000000d3e00000| PB 0x00000000d3e00000| Untracked 
|1343|0x00000000d3f00000, 0x00000000d3f00000, 0x00000000d4000000|  0%| F|  |TAMS 0x00000000d3f00000| PB 0x00000000d3f00000| Untracked 
|1344|0x00000000d4000000, 0x00000000d4000000, 0x00000000d4100000|  0%| F|  |TAMS 0x00000000d4000000| PB 0x00000000d4000000| Untracked 
|1345|0x00000000d4100000, 0x00000000d4100000, 0x00000000d4200000|  0%| F|  |TAMS 0x00000000d4100000| PB 0x00000000d4100000| Untracked 
|1346|0x00000000d4200000, 0x00000000d4200000, 0x00000000d4300000|  0%| F|  |TAMS 0x00000000d4200000| PB 0x00000000d4200000| Untracked 
|1347|0x00000000d4300000, 0x00000000d4300000, 0x00000000d4400000|  0%| F|  |TAMS 0x00000000d4300000| PB 0x00000000d4300000| Untracked 
|1348|0x00000000d4400000, 0x00000000d4400000, 0x00000000d4500000|  0%| F|  |TAMS 0x00000000d4400000| PB 0x00000000d4400000| Untracked 
|1349|0x00000000d4500000, 0x00000000d4500000, 0x00000000d4600000|  0%| F|  |TAMS 0x00000000d4500000| PB 0x00000000d4500000| Untracked 
|1350|0x00000000d4600000, 0x00000000d4600000, 0x00000000d4700000|  0%| F|  |TAMS 0x00000000d4600000| PB 0x00000000d4600000| Untracked 
|1351|0x00000000d4700000, 0x00000000d4700000, 0x00000000d4800000|  0%| F|  |TAMS 0x00000000d4700000| PB 0x00000000d4700000| Untracked 
|1352|0x00000000d4800000, 0x00000000d4800000, 0x00000000d4900000|  0%| F|  |TAMS 0x00000000d4800000| PB 0x00000000d4800000| Untracked 
|1353|0x00000000d4900000, 0x00000000d4900000, 0x00000000d4a00000|  0%| F|  |TAMS 0x00000000d4900000| PB 0x00000000d4900000| Untracked 
|1354|0x00000000d4a00000, 0x00000000d4a00000, 0x00000000d4b00000|  0%| F|  |TAMS 0x00000000d4a00000| PB 0x00000000d4a00000| Untracked 
|1355|0x00000000d4b00000, 0x00000000d4b00000, 0x00000000d4c00000|  0%| F|  |TAMS 0x00000000d4b00000| PB 0x00000000d4b00000| Untracked 
|1356|0x00000000d4c00000, 0x00000000d4c00000, 0x00000000d4d00000|  0%| F|  |TAMS 0x00000000d4c00000| PB 0x00000000d4c00000| Untracked 
|1357|0x00000000d4d00000, 0x00000000d4d00000, 0x00000000d4e00000|  0%| F|  |TAMS 0x00000000d4d00000| PB 0x00000000d4d00000| Untracked 
|1358|0x00000000d4e00000, 0x00000000d4e00000, 0x00000000d4f00000|  0%| F|  |TAMS 0x00000000d4e00000| PB 0x00000000d4e00000| Untracked 
|1359|0x00000000d4f00000, 0x00000000d4f00000, 0x00000000d5000000|  0%| F|  |TAMS 0x00000000d4f00000| PB 0x00000000d4f00000| Untracked 
|1360|0x00000000d5000000, 0x00000000d5000000, 0x00000000d5100000|  0%| F|  |TAMS 0x00000000d5000000| PB 0x00000000d5000000| Untracked 
|1361|0x00000000d5100000, 0x00000000d5100000, 0x00000000d5200000|  0%| F|  |TAMS 0x00000000d5100000| PB 0x00000000d5100000| Untracked 
|1362|0x00000000d5200000, 0x00000000d5200000, 0x00000000d5300000|  0%| F|  |TAMS 0x00000000d5200000| PB 0x00000000d5200000| Untracked 
|1363|0x00000000d5300000, 0x00000000d5300000, 0x00000000d5400000|  0%| F|  |TAMS 0x00000000d5300000| PB 0x00000000d5300000| Untracked 
|1364|0x00000000d5400000, 0x00000000d5400000, 0x00000000d5500000|  0%| F|  |TAMS 0x00000000d5400000| PB 0x00000000d5400000| Untracked 
|1365|0x00000000d5500000, 0x00000000d5500000, 0x00000000d5600000|  0%| F|  |TAMS 0x00000000d5500000| PB 0x00000000d5500000| Untracked 
|1366|0x00000000d5600000, 0x00000000d5600000, 0x00000000d5700000|  0%| F|  |TAMS 0x00000000d5600000| PB 0x00000000d5600000| Untracked 
|1367|0x00000000d5700000, 0x00000000d5700000, 0x00000000d5800000|  0%| F|  |TAMS 0x00000000d5700000| PB 0x00000000d5700000| Untracked 
|1368|0x00000000d5800000, 0x00000000d5800000, 0x00000000d5900000|  0%| F|  |TAMS 0x00000000d5800000| PB 0x00000000d5800000| Untracked 
|1369|0x00000000d5900000, 0x00000000d5900000, 0x00000000d5a00000|  0%| F|  |TAMS 0x00000000d5900000| PB 0x00000000d5900000| Untracked 
|1370|0x00000000d5a00000, 0x00000000d5a00000, 0x00000000d5b00000|  0%| F|  |TAMS 0x00000000d5a00000| PB 0x00000000d5a00000| Untracked 
|1371|0x00000000d5b00000, 0x00000000d5b00000, 0x00000000d5c00000|  0%| F|  |TAMS 0x00000000d5b00000| PB 0x00000000d5b00000| Untracked 
|1372|0x00000000d5c00000, 0x00000000d5c00000, 0x00000000d5d00000|  0%| F|  |TAMS 0x00000000d5c00000| PB 0x00000000d5c00000| Untracked 
|1373|0x00000000d5d00000, 0x00000000d5d00000, 0x00000000d5e00000|  0%| F|  |TAMS 0x00000000d5d00000| PB 0x00000000d5d00000| Untracked 
|1374|0x00000000d5e00000, 0x00000000d5e00000, 0x00000000d5f00000|  0%| F|  |TAMS 0x00000000d5e00000| PB 0x00000000d5e00000| Untracked 
|1375|0x00000000d5f00000, 0x00000000d5f00000, 0x00000000d6000000|  0%| F|  |TAMS 0x00000000d5f00000| PB 0x00000000d5f00000| Untracked 
|1376|0x00000000d6000000, 0x00000000d6000000, 0x00000000d6100000|  0%| F|  |TAMS 0x00000000d6000000| PB 0x00000000d6000000| Untracked 
|1377|0x00000000d6100000, 0x00000000d6100000, 0x00000000d6200000|  0%| F|  |TAMS 0x00000000d6100000| PB 0x00000000d6100000| Untracked 
|1378|0x00000000d6200000, 0x00000000d6200000, 0x00000000d6300000|  0%| F|  |TAMS 0x00000000d6200000| PB 0x00000000d6200000| Untracked 
|1379|0x00000000d6300000, 0x00000000d6300000, 0x00000000d6400000|  0%| F|  |TAMS 0x00000000d6300000| PB 0x00000000d6300000| Untracked 
|1380|0x00000000d6400000, 0x00000000d6400000, 0x00000000d6500000|  0%| F|  |TAMS 0x00000000d6400000| PB 0x00000000d6400000| Untracked 
|1381|0x00000000d6500000, 0x00000000d6500000, 0x00000000d6600000|  0%| F|  |TAMS 0x00000000d6500000| PB 0x00000000d6500000| Untracked 
|1382|0x00000000d6600000, 0x00000000d6600000, 0x00000000d6700000|  0%| F|  |TAMS 0x00000000d6600000| PB 0x00000000d6600000| Untracked 
|1383|0x00000000d6700000, 0x00000000d6700000, 0x00000000d6800000|  0%| F|  |TAMS 0x00000000d6700000| PB 0x00000000d6700000| Untracked 
|1384|0x00000000d6800000, 0x00000000d6800000, 0x00000000d6900000|  0%| F|  |TAMS 0x00000000d6800000| PB 0x00000000d6800000| Untracked 
|1385|0x00000000d6900000, 0x00000000d6900000, 0x00000000d6a00000|  0%| F|  |TAMS 0x00000000d6900000| PB 0x00000000d6900000| Untracked 
|1386|0x00000000d6a00000, 0x00000000d6a00000, 0x00000000d6b00000|  0%| F|  |TAMS 0x00000000d6a00000| PB 0x00000000d6a00000| Untracked 
|1387|0x00000000d6b00000, 0x00000000d6b00000, 0x00000000d6c00000|  0%| F|  |TAMS 0x00000000d6b00000| PB 0x00000000d6b00000| Untracked 
|1388|0x00000000d6c00000, 0x00000000d6c00000, 0x00000000d6d00000|  0%| F|  |TAMS 0x00000000d6c00000| PB 0x00000000d6c00000| Untracked 
|1389|0x00000000d6d00000, 0x00000000d6d00000, 0x00000000d6e00000|  0%| F|  |TAMS 0x00000000d6d00000| PB 0x00000000d6d00000| Untracked 
|1390|0x00000000d6e00000, 0x00000000d6e00000, 0x00000000d6f00000|  0%| F|  |TAMS 0x00000000d6e00000| PB 0x00000000d6e00000| Untracked 
|1391|0x00000000d6f00000, 0x00000000d6f00000, 0x00000000d7000000|  0%| F|  |TAMS 0x00000000d6f00000| PB 0x00000000d6f00000| Untracked 
|1392|0x00000000d7000000, 0x00000000d7000000, 0x00000000d7100000|  0%| F|  |TAMS 0x00000000d7000000| PB 0x00000000d7000000| Untracked 
|1393|0x00000000d7100000, 0x00000000d7100000, 0x00000000d7200000|  0%| F|  |TAMS 0x00000000d7100000| PB 0x00000000d7100000| Untracked 
|1394|0x00000000d7200000, 0x00000000d7200000, 0x00000000d7300000|  0%| F|  |TAMS 0x00000000d7200000| PB 0x00000000d7200000| Untracked 
|1395|0x00000000d7300000, 0x00000000d7300000, 0x00000000d7400000|  0%| F|  |TAMS 0x00000000d7300000| PB 0x00000000d7300000| Untracked 
|1396|0x00000000d7400000, 0x00000000d7400000, 0x00000000d7500000|  0%| F|  |TAMS 0x00000000d7400000| PB 0x00000000d7400000| Untracked 
|1397|0x00000000d7500000, 0x00000000d7500000, 0x00000000d7600000|  0%| F|  |TAMS 0x00000000d7500000| PB 0x00000000d7500000| Untracked 
|1398|0x00000000d7600000, 0x00000000d7600000, 0x00000000d7700000|  0%| F|  |TAMS 0x00000000d7600000| PB 0x00000000d7600000| Untracked 
|1399|0x00000000d7700000, 0x00000000d7700000, 0x00000000d7800000|  0%| F|  |TAMS 0x00000000d7700000| PB 0x00000000d7700000| Untracked 
|1400|0x00000000d7800000, 0x00000000d7800000, 0x00000000d7900000|  0%| F|  |TAMS 0x00000000d7800000| PB 0x00000000d7800000| Untracked 
|1401|0x00000000d7900000, 0x00000000d7900000, 0x00000000d7a00000|  0%| F|  |TAMS 0x00000000d7900000| PB 0x00000000d7900000| Untracked 
|1402|0x00000000d7a00000, 0x00000000d7a00000, 0x00000000d7b00000|  0%| F|  |TAMS 0x00000000d7a00000| PB 0x00000000d7a00000| Untracked 
|1403|0x00000000d7b00000, 0x00000000d7b00000, 0x00000000d7c00000|  0%| F|  |TAMS 0x00000000d7b00000| PB 0x00000000d7b00000| Untracked 
|1404|0x00000000d7c00000, 0x00000000d7c00000, 0x00000000d7d00000|  0%| F|  |TAMS 0x00000000d7c00000| PB 0x00000000d7c00000| Untracked 
|1405|0x00000000d7d00000, 0x00000000d7d7bb80, 0x00000000d7e00000| 48%| E|  |TAMS 0x00000000d7d00000| PB 0x00000000d7d00000| Complete 
|1406|0x00000000d7e00000, 0x00000000d7f00000, 0x00000000d7f00000|100%| E|CS|TAMS 0x00000000d7e00000| PB 0x00000000d7e00000| Complete 
|1407|0x00000000d7f00000, 0x00000000d8000000, 0x00000000d8000000|100%| E|CS|TAMS 0x00000000d7f00000| PB 0x00000000d7f00000| Complete 
|1408|0x00000000d8000000, 0x00000000d8100000, 0x00000000d8100000|100%| E|CS|TAMS 0x00000000d8000000| PB 0x00000000d8000000| Complete 
|1409|0x00000000d8100000, 0x00000000d8200000, 0x00000000d8200000|100%| E|CS|TAMS 0x00000000d8100000| PB 0x00000000d8100000| Complete 
|1410|0x00000000d8200000, 0x00000000d8300000, 0x00000000d8300000|100%| E|CS|TAMS 0x00000000d8200000| PB 0x00000000d8200000| Complete 
|1411|0x00000000d8300000, 0x00000000d8400000, 0x00000000d8400000|100%| E|CS|TAMS 0x00000000d8300000| PB 0x00000000d8300000| Complete 
|1412|0x00000000d8400000, 0x00000000d8500000, 0x00000000d8500000|100%| E|CS|TAMS 0x00000000d8400000| PB 0x00000000d8400000| Complete 
|1413|0x00000000d8500000, 0x00000000d8600000, 0x00000000d8600000|100%| E|CS|TAMS 0x00000000d8500000| PB 0x00000000d8500000| Complete 
|1414|0x00000000d8600000, 0x00000000d8700000, 0x00000000d8700000|100%| E|CS|TAMS 0x00000000d8600000| PB 0x00000000d8600000| Complete 
|1415|0x00000000d8700000, 0x00000000d8800000, 0x00000000d8800000|100%| E|CS|TAMS 0x00000000d8700000| PB 0x00000000d8700000| Complete 
|1416|0x00000000d8800000, 0x00000000d8900000, 0x00000000d8900000|100%| E|CS|TAMS 0x00000000d8800000| PB 0x00000000d8800000| Complete 
|1417|0x00000000d8900000, 0x00000000d8a00000, 0x00000000d8a00000|100%| E|CS|TAMS 0x00000000d8900000| PB 0x00000000d8900000| Complete 
|1418|0x00000000d8a00000, 0x00000000d8b00000, 0x00000000d8b00000|100%| E|CS|TAMS 0x00000000d8a00000| PB 0x00000000d8a00000| Complete 
|1419|0x00000000d8b00000, 0x00000000d8c00000, 0x00000000d8c00000|100%| E|CS|TAMS 0x00000000d8b00000| PB 0x00000000d8b00000| Complete 
|1420|0x00000000d8c00000, 0x00000000d8d00000, 0x00000000d8d00000|100%| E|CS|TAMS 0x00000000d8c00000| PB 0x00000000d8c00000| Complete 
|1421|0x00000000d8d00000, 0x00000000d8e00000, 0x00000000d8e00000|100%| E|CS|TAMS 0x00000000d8d00000| PB 0x00000000d8d00000| Complete 
|1422|0x00000000d8e00000, 0x00000000d8f00000, 0x00000000d8f00000|100%| E|CS|TAMS 0x00000000d8e00000| PB 0x00000000d8e00000| Complete 
|1423|0x00000000d8f00000, 0x00000000d9000000, 0x00000000d9000000|100%| E|CS|TAMS 0x00000000d8f00000| PB 0x00000000d8f00000| Complete 
|1424|0x00000000d9000000, 0x00000000d9100000, 0x00000000d9100000|100%| E|CS|TAMS 0x00000000d9000000| PB 0x00000000d9000000| Complete 
|1425|0x00000000d9100000, 0x00000000d9200000, 0x00000000d9200000|100%| E|CS|TAMS 0x00000000d9100000| PB 0x00000000d9100000| Complete 
|1426|0x00000000d9200000, 0x00000000d9300000, 0x00000000d9300000|100%| E|CS|TAMS 0x00000000d9200000| PB 0x00000000d9200000| Complete 
|1427|0x00000000d9300000, 0x00000000d9400000, 0x00000000d9400000|100%| E|CS|TAMS 0x00000000d9300000| PB 0x00000000d9300000| Complete 
|1428|0x00000000d9400000, 0x00000000d9500000, 0x00000000d9500000|100%| E|CS|TAMS 0x00000000d9400000| PB 0x00000000d9400000| Complete 
|1429|0x00000000d9500000, 0x00000000d9600000, 0x00000000d9600000|100%| E|CS|TAMS 0x00000000d9500000| PB 0x00000000d9500000| Complete 
|1430|0x00000000d9600000, 0x00000000d9700000, 0x00000000d9700000|100%| E|CS|TAMS 0x00000000d9600000| PB 0x00000000d9600000| Complete 
|1431|0x00000000d9700000, 0x00000000d9800000, 0x00000000d9800000|100%| E|CS|TAMS 0x00000000d9700000| PB 0x00000000d9700000| Complete 
|1432|0x00000000d9800000, 0x00000000d9900000, 0x00000000d9900000|100%| E|CS|TAMS 0x00000000d9800000| PB 0x00000000d9800000| Complete 
|1433|0x00000000d9900000, 0x00000000d9a00000, 0x00000000d9a00000|100%| E|CS|TAMS 0x00000000d9900000| PB 0x00000000d9900000| Complete 
|1434|0x00000000d9a00000, 0x00000000d9b00000, 0x00000000d9b00000|100%| E|CS|TAMS 0x00000000d9a00000| PB 0x00000000d9a00000| Complete 
|1435|0x00000000d9b00000, 0x00000000d9c00000, 0x00000000d9c00000|100%| E|CS|TAMS 0x00000000d9b00000| PB 0x00000000d9b00000| Complete 
|1436|0x00000000d9c00000, 0x00000000d9d00000, 0x00000000d9d00000|100%| E|CS|TAMS 0x00000000d9c00000| PB 0x00000000d9c00000| Complete 
|1437|0x00000000d9d00000, 0x00000000d9e00000, 0x00000000d9e00000|100%| E|CS|TAMS 0x00000000d9d00000| PB 0x00000000d9d00000| Complete 
|1438|0x00000000d9e00000, 0x00000000d9f00000, 0x00000000d9f00000|100%| E|CS|TAMS 0x00000000d9e00000| PB 0x00000000d9e00000| Complete 
|1439|0x00000000d9f00000, 0x00000000da000000, 0x00000000da000000|100%| E|CS|TAMS 0x00000000d9f00000| PB 0x00000000d9f00000| Complete 
|1440|0x00000000da000000, 0x00000000da100000, 0x00000000da100000|100%| E|CS|TAMS 0x00000000da000000| PB 0x00000000da000000| Complete 
|1441|0x00000000da100000, 0x00000000da200000, 0x00000000da200000|100%| E|CS|TAMS 0x00000000da100000| PB 0x00000000da100000| Complete 
|1442|0x00000000da200000, 0x00000000da300000, 0x00000000da300000|100%| E|CS|TAMS 0x00000000da200000| PB 0x00000000da200000| Complete 
|1443|0x00000000da300000, 0x00000000da400000, 0x00000000da400000|100%| E|CS|TAMS 0x00000000da300000| PB 0x00000000da300000| Complete 
|1444|0x00000000da400000, 0x00000000da500000, 0x00000000da500000|100%| E|CS|TAMS 0x00000000da400000| PB 0x00000000da400000| Complete 
|1445|0x00000000da500000, 0x00000000da600000, 0x00000000da600000|100%| E|CS|TAMS 0x00000000da500000| PB 0x00000000da500000| Complete 
|1446|0x00000000da600000, 0x00000000da700000, 0x00000000da700000|100%| E|CS|TAMS 0x00000000da600000| PB 0x00000000da600000| Complete 
|1447|0x00000000da700000, 0x00000000da800000, 0x00000000da800000|100%| E|CS|TAMS 0x00000000da700000| PB 0x00000000da700000| Complete 
|1448|0x00000000da800000, 0x00000000da900000, 0x00000000da900000|100%| E|CS|TAMS 0x00000000da800000| PB 0x00000000da800000| Complete 
|1449|0x00000000da900000, 0x00000000daa00000, 0x00000000daa00000|100%| E|CS|TAMS 0x00000000da900000| PB 0x00000000da900000| Complete 
|1450|0x00000000daa00000, 0x00000000dab00000, 0x00000000dab00000|100%| E|CS|TAMS 0x00000000daa00000| PB 0x00000000daa00000| Complete 
|1451|0x00000000dab00000, 0x00000000dac00000, 0x00000000dac00000|100%| E|CS|TAMS 0x00000000dab00000| PB 0x00000000dab00000| Complete 
|1452|0x00000000dac00000, 0x00000000dad00000, 0x00000000dad00000|100%| E|CS|TAMS 0x00000000dac00000| PB 0x00000000dac00000| Complete 
|1453|0x00000000dad00000, 0x00000000dae00000, 0x00000000dae00000|100%| E|CS|TAMS 0x00000000dad00000| PB 0x00000000dad00000| Complete 
|1454|0x00000000dae00000, 0x00000000daf00000, 0x00000000daf00000|100%| E|  |TAMS 0x00000000dae00000| PB 0x00000000dae00000| Complete 
|1455|0x00000000daf00000, 0x00000000db000000, 0x00000000db000000|100%| E|CS|TAMS 0x00000000daf00000| PB 0x00000000daf00000| Complete 
|1456|0x00000000db000000, 0x00000000db100000, 0x00000000db100000|100%| E|CS|TAMS 0x00000000db000000| PB 0x00000000db000000| Complete 
|1457|0x00000000db100000, 0x00000000db200000, 0x00000000db200000|100%| E|CS|TAMS 0x00000000db100000| PB 0x00000000db100000| Complete 
|1458|0x00000000db200000, 0x00000000db300000, 0x00000000db300000|100%| E|CS|TAMS 0x00000000db200000| PB 0x00000000db200000| Complete 
|1459|0x00000000db300000, 0x00000000db400000, 0x00000000db400000|100%| E|CS|TAMS 0x00000000db300000| PB 0x00000000db300000| Complete 
|1460|0x00000000db400000, 0x00000000db500000, 0x00000000db500000|100%| E|CS|TAMS 0x00000000db400000| PB 0x00000000db400000| Complete 
|1461|0x00000000db500000, 0x00000000db600000, 0x00000000db600000|100%| E|CS|TAMS 0x00000000db500000| PB 0x00000000db500000| Complete 
|1462|0x00000000db600000, 0x00000000db700000, 0x00000000db700000|100%| E|CS|TAMS 0x00000000db600000| PB 0x00000000db600000| Complete 
|1463|0x00000000db700000, 0x00000000db800000, 0x00000000db800000|100%| E|CS|TAMS 0x00000000db700000| PB 0x00000000db700000| Complete 
|1464|0x00000000db800000, 0x00000000db900000, 0x00000000db900000|100%| E|CS|TAMS 0x00000000db800000| PB 0x00000000db800000| Complete 
|1465|0x00000000db900000, 0x00000000dba00000, 0x00000000dba00000|100%| E|CS|TAMS 0x00000000db900000| PB 0x00000000db900000| Complete 
|1466|0x00000000dba00000, 0x00000000dbb00000, 0x00000000dbb00000|100%| E|CS|TAMS 0x00000000dba00000| PB 0x00000000dba00000| Complete 
|1467|0x00000000dbb00000, 0x00000000dbc00000, 0x00000000dbc00000|100%| E|CS|TAMS 0x00000000dbb00000| PB 0x00000000dbb00000| Complete 
|1468|0x00000000dbc00000, 0x00000000dbd00000, 0x00000000dbd00000|100%| E|CS|TAMS 0x00000000dbc00000| PB 0x00000000dbc00000| Complete 
|1469|0x00000000dbd00000, 0x00000000dbe00000, 0x00000000dbe00000|100%| E|CS|TAMS 0x00000000dbd00000| PB 0x00000000dbd00000| Complete 
|1470|0x00000000dbe00000, 0x00000000dbf00000, 0x00000000dbf00000|100%| E|CS|TAMS 0x00000000dbe00000| PB 0x00000000dbe00000| Complete 
|1471|0x00000000dbf00000, 0x00000000dc000000, 0x00000000dc000000|100%| E|CS|TAMS 0x00000000dbf00000| PB 0x00000000dbf00000| Complete 
|1472|0x00000000dc000000, 0x00000000dc100000, 0x00000000dc100000|100%| E|CS|TAMS 0x00000000dc000000| PB 0x00000000dc000000| Complete 
|1473|0x00000000dc100000, 0x00000000dc200000, 0x00000000dc200000|100%| E|CS|TAMS 0x00000000dc100000| PB 0x00000000dc100000| Complete 
|1474|0x00000000dc200000, 0x00000000dc300000, 0x00000000dc300000|100%| E|CS|TAMS 0x00000000dc200000| PB 0x00000000dc200000| Complete 
|1475|0x00000000dc300000, 0x00000000dc400000, 0x00000000dc400000|100%| E|CS|TAMS 0x00000000dc300000| PB 0x00000000dc300000| Complete 
|1476|0x00000000dc400000, 0x00000000dc500000, 0x00000000dc500000|100%| E|CS|TAMS 0x00000000dc400000| PB 0x00000000dc400000| Complete 
|1477|0x00000000dc500000, 0x00000000dc600000, 0x00000000dc600000|100%| E|CS|TAMS 0x00000000dc500000| PB 0x00000000dc500000| Complete 
|1478|0x00000000dc600000, 0x00000000dc700000, 0x00000000dc700000|100%| E|CS|TAMS 0x00000000dc600000| PB 0x00000000dc600000| Complete 
|1479|0x00000000dc700000, 0x00000000dc800000, 0x00000000dc800000|100%| E|CS|TAMS 0x00000000dc700000| PB 0x00000000dc700000| Complete 
|1480|0x00000000dc800000, 0x00000000dc900000, 0x00000000dc900000|100%| E|CS|TAMS 0x00000000dc800000| PB 0x00000000dc800000| Complete 
|1481|0x00000000dc900000, 0x00000000dca00000, 0x00000000dca00000|100%| E|CS|TAMS 0x00000000dc900000| PB 0x00000000dc900000| Complete 
|1482|0x00000000dca00000, 0x00000000dcb00000, 0x00000000dcb00000|100%| E|CS|TAMS 0x00000000dca00000| PB 0x00000000dca00000| Complete 
|1483|0x00000000dcb00000, 0x00000000dcc00000, 0x00000000dcc00000|100%| E|CS|TAMS 0x00000000dcb00000| PB 0x00000000dcb00000| Complete 
|1484|0x00000000dcc00000, 0x00000000dcd00000, 0x00000000dcd00000|100%| E|CS|TAMS 0x00000000dcc00000| PB 0x00000000dcc00000| Complete 
|1485|0x00000000dcd00000, 0x00000000dce00000, 0x00000000dce00000|100%| E|CS|TAMS 0x00000000dcd00000| PB 0x00000000dcd00000| Complete 
|1486|0x00000000dce00000, 0x00000000dcf00000, 0x00000000dcf00000|100%| E|CS|TAMS 0x00000000dce00000| PB 0x00000000dce00000| Complete 
|1487|0x00000000dcf00000, 0x00000000dd000000, 0x00000000dd000000|100%| E|CS|TAMS 0x00000000dcf00000| PB 0x00000000dcf00000| Complete 
|1488|0x00000000dd000000, 0x00000000dd100000, 0x00000000dd100000|100%| E|CS|TAMS 0x00000000dd000000| PB 0x00000000dd000000| Complete 
|1489|0x00000000dd100000, 0x00000000dd200000, 0x00000000dd200000|100%| E|CS|TAMS 0x00000000dd100000| PB 0x00000000dd100000| Complete 
|1490|0x00000000dd200000, 0x00000000dd300000, 0x00000000dd300000|100%| E|CS|TAMS 0x00000000dd200000| PB 0x00000000dd200000| Complete 
|1491|0x00000000dd300000, 0x00000000dd400000, 0x00000000dd400000|100%| E|CS|TAMS 0x00000000dd300000| PB 0x00000000dd300000| Complete 
|1492|0x00000000dd400000, 0x00000000dd500000, 0x00000000dd500000|100%| E|CS|TAMS 0x00000000dd400000| PB 0x00000000dd400000| Complete 
|1493|0x00000000dd500000, 0x00000000dd600000, 0x00000000dd600000|100%| E|CS|TAMS 0x00000000dd500000| PB 0x00000000dd500000| Complete 
|1494|0x00000000dd600000, 0x00000000dd700000, 0x00000000dd700000|100%| E|CS|TAMS 0x00000000dd600000| PB 0x00000000dd600000| Complete 
|1495|0x00000000dd700000, 0x00000000dd800000, 0x00000000dd800000|100%| E|CS|TAMS 0x00000000dd700000| PB 0x00000000dd700000| Complete 
|1496|0x00000000dd800000, 0x00000000dd900000, 0x00000000dd900000|100%| E|CS|TAMS 0x00000000dd800000| PB 0x00000000dd800000| Complete 
|1497|0x00000000dd900000, 0x00000000dda00000, 0x00000000dda00000|100%| E|CS|TAMS 0x00000000dd900000| PB 0x00000000dd900000| Complete 
|1498|0x00000000dda00000, 0x00000000ddb00000, 0x00000000ddb00000|100%| E|CS|TAMS 0x00000000dda00000| PB 0x00000000dda00000| Complete 
|1499|0x00000000ddb00000, 0x00000000ddc00000, 0x00000000ddc00000|100%| E|CS|TAMS 0x00000000ddb00000| PB 0x00000000ddb00000| Complete 
|1500|0x00000000ddc00000, 0x00000000ddd00000, 0x00000000ddd00000|100%| E|CS|TAMS 0x00000000ddc00000| PB 0x00000000ddc00000| Complete 
|1501|0x00000000ddd00000, 0x00000000dde00000, 0x00000000dde00000|100%| E|CS|TAMS 0x00000000ddd00000| PB 0x00000000ddd00000| Complete 
|1502|0x00000000dde00000, 0x00000000ddf00000, 0x00000000ddf00000|100%| E|CS|TAMS 0x00000000dde00000| PB 0x00000000dde00000| Complete 
|1503|0x00000000ddf00000, 0x00000000de000000, 0x00000000de000000|100%| E|CS|TAMS 0x00000000ddf00000| PB 0x00000000ddf00000| Complete 
|1504|0x00000000de000000, 0x00000000de100000, 0x00000000de100000|100%| E|CS|TAMS 0x00000000de000000| PB 0x00000000de000000| Complete 
|1505|0x00000000de100000, 0x00000000de200000, 0x00000000de200000|100%| E|CS|TAMS 0x00000000de100000| PB 0x00000000de100000| Complete 
|1506|0x00000000de200000, 0x00000000de300000, 0x00000000de300000|100%| E|CS|TAMS 0x00000000de200000| PB 0x00000000de200000| Complete 
|1507|0x00000000de300000, 0x00000000de400000, 0x00000000de400000|100%| E|CS|TAMS 0x00000000de300000| PB 0x00000000de300000| Complete 
|1508|0x00000000de400000, 0x00000000de500000, 0x00000000de500000|100%| E|CS|TAMS 0x00000000de400000| PB 0x00000000de400000| Complete 
|1509|0x00000000de500000, 0x00000000de600000, 0x00000000de600000|100%| E|CS|TAMS 0x00000000de500000| PB 0x00000000de500000| Complete 
|1510|0x00000000de600000, 0x00000000de700000, 0x00000000de700000|100%| E|CS|TAMS 0x00000000de600000| PB 0x00000000de600000| Complete 
|1511|0x00000000de700000, 0x00000000de800000, 0x00000000de800000|100%| E|CS|TAMS 0x00000000de700000| PB 0x00000000de700000| Complete 
|1512|0x00000000de800000, 0x00000000de900000, 0x00000000de900000|100%| E|CS|TAMS 0x00000000de800000| PB 0x00000000de800000| Complete 
|1513|0x00000000de900000, 0x00000000dea00000, 0x00000000dea00000|100%| E|CS|TAMS 0x00000000de900000| PB 0x00000000de900000| Complete 
|1514|0x00000000dea00000, 0x00000000deb00000, 0x00000000deb00000|100%| E|CS|TAMS 0x00000000dea00000| PB 0x00000000dea00000| Complete 
|1515|0x00000000deb00000, 0x00000000dec00000, 0x00000000dec00000|100%| E|CS|TAMS 0x00000000deb00000| PB 0x00000000deb00000| Complete 
|1516|0x00000000dec00000, 0x00000000ded00000, 0x00000000ded00000|100%| E|CS|TAMS 0x00000000dec00000| PB 0x00000000dec00000| Complete 
|1517|0x00000000ded00000, 0x00000000dee00000, 0x00000000dee00000|100%| E|CS|TAMS 0x00000000ded00000| PB 0x00000000ded00000| Complete 
|1518|0x00000000dee00000, 0x00000000def00000, 0x00000000def00000|100%| E|CS|TAMS 0x00000000dee00000| PB 0x00000000dee00000| Complete 
|1519|0x00000000def00000, 0x00000000df000000, 0x00000000df000000|100%| E|CS|TAMS 0x00000000def00000| PB 0x00000000def00000| Complete 
|1520|0x00000000df000000, 0x00000000df100000, 0x00000000df100000|100%| E|CS|TAMS 0x00000000df000000| PB 0x00000000df000000| Complete 
|1521|0x00000000df100000, 0x00000000df200000, 0x00000000df200000|100%| E|CS|TAMS 0x00000000df100000| PB 0x00000000df100000| Complete 
|1522|0x00000000df200000, 0x00000000df300000, 0x00000000df300000|100%| E|CS|TAMS 0x00000000df200000| PB 0x00000000df200000| Complete 
|1523|0x00000000df300000, 0x00000000df400000, 0x00000000df400000|100%| E|CS|TAMS 0x00000000df300000| PB 0x00000000df300000| Complete 
|1524|0x00000000df400000, 0x00000000df500000, 0x00000000df500000|100%| E|CS|TAMS 0x00000000df400000| PB 0x00000000df400000| Complete 
|1525|0x00000000df500000, 0x00000000df600000, 0x00000000df600000|100%| E|CS|TAMS 0x00000000df500000| PB 0x00000000df500000| Complete 
|1526|0x00000000df600000, 0x00000000df700000, 0x00000000df700000|100%| E|CS|TAMS 0x00000000df600000| PB 0x00000000df600000| Complete 
|1527|0x00000000df700000, 0x00000000df800000, 0x00000000df800000|100%| E|CS|TAMS 0x00000000df700000| PB 0x00000000df700000| Complete 
|1528|0x00000000df800000, 0x00000000df900000, 0x00000000df900000|100%| E|CS|TAMS 0x00000000df800000| PB 0x00000000df800000| Complete 
|1529|0x00000000df900000, 0x00000000dfa00000, 0x00000000dfa00000|100%| E|CS|TAMS 0x00000000df900000| PB 0x00000000df900000| Complete 
|1530|0x00000000dfa00000, 0x00000000dfb00000, 0x00000000dfb00000|100%| E|CS|TAMS 0x00000000dfa00000| PB 0x00000000dfa00000| Complete 
|1531|0x00000000dfb00000, 0x00000000dfc00000, 0x00000000dfc00000|100%| E|CS|TAMS 0x00000000dfb00000| PB 0x00000000dfb00000| Complete 
|1532|0x00000000dfc00000, 0x00000000dfd00000, 0x00000000dfd00000|100%| E|CS|TAMS 0x00000000dfc00000| PB 0x00000000dfc00000| Complete 
|1533|0x00000000dfd00000, 0x00000000dfe00000, 0x00000000dfe00000|100%| E|CS|TAMS 0x00000000dfd00000| PB 0x00000000dfd00000| Complete 
|1534|0x00000000dfe00000, 0x00000000dff00000, 0x00000000dff00000|100%| E|CS|TAMS 0x00000000dfe00000| PB 0x00000000dfe00000| Complete 
|1535|0x00000000dff00000, 0x00000000e0000000, 0x00000000e0000000|100%| E|CS|TAMS 0x00000000dff00000| PB 0x00000000dff00000| Complete 
|1536|0x00000000e0000000, 0x00000000e0100000, 0x00000000e0100000|100%| E|CS|TAMS 0x00000000e0000000| PB 0x00000000e0000000| Complete 
|1537|0x00000000e0100000, 0x00000000e0200000, 0x00000000e0200000|100%| E|CS|TAMS 0x00000000e0100000| PB 0x00000000e0100000| Complete 
|1538|0x00000000e0200000, 0x00000000e0300000, 0x00000000e0300000|100%| E|CS|TAMS 0x00000000e0200000| PB 0x00000000e0200000| Complete 
|1539|0x00000000e0300000, 0x00000000e0400000, 0x00000000e0400000|100%| E|CS|TAMS 0x00000000e0300000| PB 0x00000000e0300000| Complete 
|1540|0x00000000e0400000, 0x00000000e0500000, 0x00000000e0500000|100%| E|CS|TAMS 0x00000000e0400000| PB 0x00000000e0400000| Complete 
|1541|0x00000000e0500000, 0x00000000e0600000, 0x00000000e0600000|100%| E|CS|TAMS 0x00000000e0500000| PB 0x00000000e0500000| Complete 
|1542|0x00000000e0600000, 0x00000000e0700000, 0x00000000e0700000|100%| E|CS|TAMS 0x00000000e0600000| PB 0x00000000e0600000| Complete 
|1543|0x00000000e0700000, 0x00000000e0800000, 0x00000000e0800000|100%| E|CS|TAMS 0x00000000e0700000| PB 0x00000000e0700000| Complete 
|1544|0x00000000e0800000, 0x00000000e0900000, 0x00000000e0900000|100%| E|CS|TAMS 0x00000000e0800000| PB 0x00000000e0800000| Complete 
|1545|0x00000000e0900000, 0x00000000e0a00000, 0x00000000e0a00000|100%| E|CS|TAMS 0x00000000e0900000| PB 0x00000000e0900000| Complete 
|1546|0x00000000e0a00000, 0x00000000e0b00000, 0x00000000e0b00000|100%| E|CS|TAMS 0x00000000e0a00000| PB 0x00000000e0a00000| Complete 
|1547|0x00000000e0b00000, 0x00000000e0c00000, 0x00000000e0c00000|100%| E|CS|TAMS 0x00000000e0b00000| PB 0x00000000e0b00000| Complete 
|1548|0x00000000e0c00000, 0x00000000e0d00000, 0x00000000e0d00000|100%| E|CS|TAMS 0x00000000e0c00000| PB 0x00000000e0c00000| Complete 
|1549|0x00000000e0d00000, 0x00000000e0e00000, 0x00000000e0e00000|100%| E|CS|TAMS 0x00000000e0d00000| PB 0x00000000e0d00000| Complete 
|1550|0x00000000e0e00000, 0x00000000e0f00000, 0x00000000e0f00000|100%| E|CS|TAMS 0x00000000e0e00000| PB 0x00000000e0e00000| Complete 
|1551|0x00000000e0f00000, 0x00000000e1000000, 0x00000000e1000000|100%| E|CS|TAMS 0x00000000e0f00000| PB 0x00000000e0f00000| Complete 
|1552|0x00000000e1000000, 0x00000000e1100000, 0x00000000e1100000|100%| E|CS|TAMS 0x00000000e1000000| PB 0x00000000e1000000| Complete 
|1553|0x00000000e1100000, 0x00000000e1200000, 0x00000000e1200000|100%| E|CS|TAMS 0x00000000e1100000| PB 0x00000000e1100000| Complete 
|1554|0x00000000e1200000, 0x00000000e1300000, 0x00000000e1300000|100%| E|CS|TAMS 0x00000000e1200000| PB 0x00000000e1200000| Complete 
|1555|0x00000000e1300000, 0x00000000e1400000, 0x00000000e1400000|100%| E|CS|TAMS 0x00000000e1300000| PB 0x00000000e1300000| Complete 
|1556|0x00000000e1400000, 0x00000000e1500000, 0x00000000e1500000|100%| E|CS|TAMS 0x00000000e1400000| PB 0x00000000e1400000| Complete 
|1557|0x00000000e1500000, 0x00000000e1600000, 0x00000000e1600000|100%| E|CS|TAMS 0x00000000e1500000| PB 0x00000000e1500000| Complete 
|1558|0x00000000e1600000, 0x00000000e1700000, 0x00000000e1700000|100%| E|CS|TAMS 0x00000000e1600000| PB 0x00000000e1600000| Complete 
|1559|0x00000000e1700000, 0x00000000e1800000, 0x00000000e1800000|100%| E|CS|TAMS 0x00000000e1700000| PB 0x00000000e1700000| Complete 
|1560|0x00000000e1800000, 0x00000000e1900000, 0x00000000e1900000|100%| E|CS|TAMS 0x00000000e1800000| PB 0x00000000e1800000| Complete 
|1561|0x00000000e1900000, 0x00000000e1a00000, 0x00000000e1a00000|100%| E|CS|TAMS 0x00000000e1900000| PB 0x00000000e1900000| Complete 
|1562|0x00000000e1a00000, 0x00000000e1b00000, 0x00000000e1b00000|100%| E|CS|TAMS 0x00000000e1a00000| PB 0x00000000e1a00000| Complete 
|1563|0x00000000e1b00000, 0x00000000e1c00000, 0x00000000e1c00000|100%| E|CS|TAMS 0x00000000e1b00000| PB 0x00000000e1b00000| Complete 
|1564|0x00000000e1c00000, 0x00000000e1d00000, 0x00000000e1d00000|100%| E|CS|TAMS 0x00000000e1c00000| PB 0x00000000e1c00000| Complete 
|1565|0x00000000e1d00000, 0x00000000e1e00000, 0x00000000e1e00000|100%| E|CS|TAMS 0x00000000e1d00000| PB 0x00000000e1d00000| Complete 
|1566|0x00000000e1e00000, 0x00000000e1f00000, 0x00000000e1f00000|100%| E|CS|TAMS 0x00000000e1e00000| PB 0x00000000e1e00000| Complete 
|1567|0x00000000e1f00000, 0x00000000e2000000, 0x00000000e2000000|100%| E|CS|TAMS 0x00000000e1f00000| PB 0x00000000e1f00000| Complete 
|1568|0x00000000e2000000, 0x00000000e2100000, 0x00000000e2100000|100%| E|CS|TAMS 0x00000000e2000000| PB 0x00000000e2000000| Complete 
|1569|0x00000000e2100000, 0x00000000e2200000, 0x00000000e2200000|100%| E|CS|TAMS 0x00000000e2100000| PB 0x00000000e2100000| Complete 
|1570|0x00000000e2200000, 0x00000000e2300000, 0x00000000e2300000|100%| E|CS|TAMS 0x00000000e2200000| PB 0x00000000e2200000| Complete 
|1855|0x00000000f3f00000, 0x00000000f4000000, 0x00000000f4000000|100%| O|Cm|TAMS 0x00000000f3f00000| PB 0x00000000f3f00000| Complete 
|1856|0x00000000f4000000, 0x00000000f4100000, 0x00000000f4100000|100%| O|Cm|TAMS 0x00000000f4000000| PB 0x00000000f4000000| Complete 
|1857|0x00000000f4100000, 0x00000000f4200000, 0x00000000f4200000|100%| O|Cm|TAMS 0x00000000f4100000| PB 0x00000000f4100000| Complete 
|1858|0x00000000f4200000, 0x00000000f4300000, 0x00000000f4300000|100%| O|Cm|TAMS 0x00000000f4200000| PB 0x00000000f4200000| Complete 
|1859|0x00000000f4300000, 0x00000000f4400000, 0x00000000f4400000|100%| O|  |TAMS 0x00000000f4300000| PB 0x00000000f4300000| Untracked 
|1860|0x00000000f4400000, 0x00000000f4500000, 0x00000000f4500000|100%| O|Cm|TAMS 0x00000000f4400000| PB 0x00000000f4400000| Complete 
|1861|0x00000000f4500000, 0x00000000f4600000, 0x00000000f4600000|100%| E|CS|TAMS 0x00000000f4500000| PB 0x00000000f4500000| Complete 
|1862|0x00000000f4600000, 0x00000000f4700000, 0x00000000f4700000|100%| E|CS|TAMS 0x00000000f4600000| PB 0x00000000f4600000| Complete 
|1863|0x00000000f4700000, 0x00000000f4800000, 0x00000000f4800000|100%| E|CS|TAMS 0x00000000f4700000| PB 0x00000000f4700000| Complete 
|1864|0x00000000f4800000, 0x00000000f4900000, 0x00000000f4900000|100%| E|CS|TAMS 0x00000000f4800000| PB 0x00000000f4800000| Complete 
|1865|0x00000000f4900000, 0x00000000f4a00000, 0x00000000f4a00000|100%| E|CS|TAMS 0x00000000f4900000| PB 0x00000000f4900000| Complete 
|1866|0x00000000f4a00000, 0x00000000f4b00000, 0x00000000f4b00000|100%| O|Cm|TAMS 0x00000000f4a00000| PB 0x00000000f4a00000| Complete 
|1867|0x00000000f4b00000, 0x00000000f4c00000, 0x00000000f4c00000|100%| E|CS|TAMS 0x00000000f4b00000| PB 0x00000000f4b00000| Complete 
|1868|0x00000000f4c00000, 0x00000000f4d00000, 0x00000000f4d00000|100%| O|Cm|TAMS 0x00000000f4c00000| PB 0x00000000f4c00000| Complete 
|1869|0x00000000f4d00000, 0x00000000f4e00000, 0x00000000f4e00000|100%| E|CS|TAMS 0x00000000f4d00000| PB 0x00000000f4d00000| Complete 
|1870|0x00000000f4e00000, 0x00000000f4f00000, 0x00000000f4f00000|100%| O|Cm|TAMS 0x00000000f4e00000| PB 0x00000000f4e00000| Complete 
|1871|0x00000000f4f00000, 0x00000000f5000000, 0x00000000f5000000|100%| O|Cm|TAMS 0x00000000f4f00000| PB 0x00000000f4f00000| Complete 
|1872|0x00000000f5000000, 0x00000000f5100000, 0x00000000f5100000|100%| O|Cm|TAMS 0x00000000f5000000| PB 0x00000000f5000000| Complete 
|1873|0x00000000f5100000, 0x00000000f5200000, 0x00000000f5200000|100%| E|CS|TAMS 0x00000000f5100000| PB 0x00000000f5100000| Complete 
|1874|0x00000000f5200000, 0x00000000f5300000, 0x00000000f5300000|100%| O|  |TAMS 0x00000000f5200000| PB 0x00000000f5200000| Untracked 
|1875|0x00000000f5300000, 0x00000000f5400000, 0x00000000f5400000|100%| O|  |TAMS 0x00000000f5300000| PB 0x00000000f5300000| Untracked 
|1876|0x00000000f5400000, 0x00000000f5500000, 0x00000000f5500000|100%| O|  |TAMS 0x00000000f5400000| PB 0x00000000f5400000| Untracked 
|1877|0x00000000f5500000, 0x00000000f5600000, 0x00000000f5600000|100%| O|  |TAMS 0x00000000f5500000| PB 0x00000000f5500000| Untracked 
|1878|0x00000000f5600000, 0x00000000f5700000, 0x00000000f5700000|100%| O|  |TAMS 0x00000000f5600000| PB 0x00000000f5600000| Untracked 
|1879|0x00000000f5700000, 0x00000000f5800000, 0x00000000f5800000|100%| O|  |TAMS 0x00000000f5700000| PB 0x00000000f5700000| Untracked 
|1880|0x00000000f5800000, 0x00000000f5900000, 0x00000000f5900000|100%| E|CS|TAMS 0x00000000f5800000| PB 0x00000000f5800000| Complete 
|1881|0x00000000f5900000, 0x00000000f5a00000, 0x00000000f5a00000|100%| O|  |TAMS 0x00000000f5900000| PB 0x00000000f5900000| Untracked 
|1882|0x00000000f5a00000, 0x00000000f5b00000, 0x00000000f5b00000|100%| O|  |TAMS 0x00000000f5a00000| PB 0x00000000f5a00000| Untracked 
|1883|0x00000000f5b00000, 0x00000000f5c00000, 0x00000000f5c00000|100%| E|CS|TAMS 0x00000000f5b00000| PB 0x00000000f5b00000| Complete 
|1884|0x00000000f5c00000, 0x00000000f5d00000, 0x00000000f5d00000|100%| O|  |TAMS 0x00000000f5c00000| PB 0x00000000f5c00000| Untracked 
|1885|0x00000000f5d00000, 0x00000000f5e00000, 0x00000000f5e00000|100%| O|  |TAMS 0x00000000f5d00000| PB 0x00000000f5d00000| Untracked 
|1886|0x00000000f5e00000, 0x00000000f5f00000, 0x00000000f5f00000|100%| O|  |TAMS 0x00000000f5e00000| PB 0x00000000f5e00000| Untracked 
|1887|0x00000000f5f00000, 0x00000000f6000000, 0x00000000f6000000|100%| O|  |TAMS 0x00000000f5f00000| PB 0x00000000f5f00000| Untracked 
|1888|0x00000000f6000000, 0x00000000f6100000, 0x00000000f6100000|100%| O|  |TAMS 0x00000000f6000000| PB 0x00000000f6000000| Untracked 
|1889|0x00000000f6100000, 0x00000000f6200000, 0x00000000f6200000|100%| O|  |TAMS 0x00000000f6100000| PB 0x00000000f6100000| Untracked 
|1890|0x00000000f6200000, 0x00000000f6300000, 0x00000000f6300000|100%| O|  |TAMS 0x00000000f6200000| PB 0x00000000f6200000| Untracked 
|1891|0x00000000f6300000, 0x00000000f6400000, 0x00000000f6400000|100%| O|  |TAMS 0x00000000f6300000| PB 0x00000000f6300000| Untracked 
|1892|0x00000000f6400000, 0x00000000f6500000, 0x00000000f6500000|100%| O|  |TAMS 0x00000000f6400000| PB 0x00000000f6400000| Untracked 
|1893|0x00000000f6500000, 0x00000000f6600000, 0x00000000f6600000|100%| O|  |TAMS 0x00000000f6500000| PB 0x00000000f6500000| Untracked 
|1894|0x00000000f6600000, 0x00000000f6700000, 0x00000000f6700000|100%| O|  |TAMS 0x00000000f6600000| PB 0x00000000f6600000| Untracked 
|1895|0x00000000f6700000, 0x00000000f6800000, 0x00000000f6800000|100%| O|  |TAMS 0x00000000f6700000| PB 0x00000000f6700000| Untracked 
|1896|0x00000000f6800000, 0x00000000f6900000, 0x00000000f6900000|100%| O|  |TAMS 0x00000000f6800000| PB 0x00000000f6800000| Untracked 
|1897|0x00000000f6900000, 0x00000000f6a00000, 0x00000000f6a00000|100%| O|  |TAMS 0x00000000f6900000| PB 0x00000000f6900000| Untracked 
|1898|0x00000000f6a00000, 0x00000000f6b00000, 0x00000000f6b00000|100%| O|  |TAMS 0x00000000f6a00000| PB 0x00000000f6a00000| Untracked 
|1899|0x00000000f6b00000, 0x00000000f6c00000, 0x00000000f6c00000|100%| O|  |TAMS 0x00000000f6b00000| PB 0x00000000f6b00000| Untracked 
|1900|0x00000000f6c00000, 0x00000000f6d00000, 0x00000000f6d00000|100%| E|CS|TAMS 0x00000000f6c00000| PB 0x00000000f6c00000| Complete 
|1901|0x00000000f6d00000, 0x00000000f6e00000, 0x00000000f6e00000|100%| O|  |TAMS 0x00000000f6d00000| PB 0x00000000f6d00000| Untracked 
|1902|0x00000000f6e00000, 0x00000000f6f00000, 0x00000000f6f00000|100%| O|  |TAMS 0x00000000f6e00000| PB 0x00000000f6e00000| Untracked 
|1903|0x00000000f6f00000, 0x00000000f7000000, 0x00000000f7000000|100%| E|CS|TAMS 0x00000000f6f00000| PB 0x00000000f6f00000| Complete 
|1904|0x00000000f7000000, 0x00000000f7100000, 0x00000000f7100000|100%| O|  |TAMS 0x00000000f7000000| PB 0x00000000f7000000| Untracked 
|1905|0x00000000f7100000, 0x00000000f7200000, 0x00000000f7200000|100%| O|  |TAMS 0x00000000f7100000| PB 0x00000000f7100000| Untracked 
|1906|0x00000000f7200000, 0x00000000f7300000, 0x00000000f7300000|100%| O|  |TAMS 0x00000000f7200000| PB 0x00000000f7200000| Untracked 
|1907|0x00000000f7300000, 0x00000000f7400000, 0x00000000f7400000|100%| O|  |TAMS 0x00000000f7300000| PB 0x00000000f7300000| Untracked 
|1908|0x00000000f7400000, 0x00000000f7500000, 0x00000000f7500000|100%| O|  |TAMS 0x00000000f7400000| PB 0x00000000f7400000| Untracked 
|1909|0x00000000f7500000, 0x00000000f7600000, 0x00000000f7600000|100%| O|Cm|TAMS 0x00000000f7500000| PB 0x00000000f7500000| Complete 
|1910|0x00000000f7600000, 0x00000000f7700000, 0x00000000f7700000|100%| O|  |TAMS 0x00000000f7600000| PB 0x00000000f7600000| Untracked 
|1911|0x00000000f7700000, 0x00000000f7800000, 0x00000000f7800000|100%| O|Cm|TAMS 0x00000000f7700000| PB 0x00000000f7700000| Complete 
|1912|0x00000000f7800000, 0x00000000f7900000, 0x00000000f7900000|100%| O|Cm|TAMS 0x00000000f7800000| PB 0x00000000f7800000| Complete 
|1913|0x00000000f7900000, 0x00000000f7a00000, 0x00000000f7a00000|100%| O|Cm|TAMS 0x00000000f7900000| PB 0x00000000f7900000| Complete 
|1914|0x00000000f7a00000, 0x00000000f7b00000, 0x00000000f7b00000|100%| O|  |TAMS 0x00000000f7a00000| PB 0x00000000f7a00000| Untracked 
|1915|0x00000000f7b00000, 0x00000000f7c00000, 0x00000000f7c00000|100%| O|Cm|TAMS 0x00000000f7b00000| PB 0x00000000f7b00000| Complete 
|1916|0x00000000f7c00000, 0x00000000f7d00000, 0x00000000f7d00000|100%| O|  |TAMS 0x00000000f7c00000| PB 0x00000000f7c00000| Untracked 
|1917|0x00000000f7d00000, 0x00000000f7e00000, 0x00000000f7e00000|100%| O|  |TAMS 0x00000000f7d00000| PB 0x00000000f7d00000| Untracked 
|1918|0x00000000f7e00000, 0x00000000f7f00000, 0x00000000f7f00000|100%| O|  |TAMS 0x00000000f7e00000| PB 0x00000000f7e00000| Untracked 
|1919|0x00000000f7f00000, 0x00000000f8000000, 0x00000000f8000000|100%| O|  |TAMS 0x00000000f7f00000| PB 0x00000000f7f00000| Untracked 
|1920|0x00000000f8000000, 0x00000000f8100000, 0x00000000f8100000|100%| O|  |TAMS 0x00000000f8000000| PB 0x00000000f8000000| Untracked 
|1921|0x00000000f8100000, 0x00000000f8200000, 0x00000000f8200000|100%| O|  |TAMS 0x00000000f8100000| PB 0x00000000f8100000| Untracked 
|1922|0x00000000f8200000, 0x00000000f8300000, 0x00000000f8300000|100%| O|  |TAMS 0x00000000f8200000| PB 0x00000000f8200000| Untracked 
|1923|0x00000000f8300000, 0x00000000f8400000, 0x00000000f8400000|100%| O|  |TAMS 0x00000000f8300000| PB 0x00000000f8300000| Untracked 
|1924|0x00000000f8400000, 0x00000000f8500000, 0x00000000f8500000|100%| O|  |TAMS 0x00000000f8400000| PB 0x00000000f8400000| Untracked 
|1925|0x00000000f8500000, 0x00000000f8600000, 0x00000000f8600000|100%| O|  |TAMS 0x00000000f8500000| PB 0x00000000f8500000| Untracked 
|1926|0x00000000f8600000, 0x00000000f8700000, 0x00000000f8700000|100%| O|  |TAMS 0x00000000f8600000| PB 0x00000000f8600000| Untracked 
|1927|0x00000000f8700000, 0x00000000f8800000, 0x00000000f8800000|100%| O|  |TAMS 0x00000000f8700000| PB 0x00000000f8700000| Untracked 
|1928|0x00000000f8800000, 0x00000000f8900000, 0x00000000f8900000|100%| O|  |TAMS 0x00000000f8800000| PB 0x00000000f8800000| Untracked 
|1929|0x00000000f8900000, 0x00000000f8a00000, 0x00000000f8a00000|100%| O|Cm|TAMS 0x00000000f8900000| PB 0x00000000f8900000| Complete 
|1930|0x00000000f8a00000, 0x00000000f8b00000, 0x00000000f8b00000|100%| O|  |TAMS 0x00000000f8a00000| PB 0x00000000f8a00000| Untracked 
|1931|0x00000000f8b00000, 0x00000000f8c00000, 0x00000000f8c00000|100%| O|  |TAMS 0x00000000f8b00000| PB 0x00000000f8b00000| Untracked 
|1932|0x00000000f8c00000, 0x00000000f8d00000, 0x00000000f8d00000|100%| O|  |TAMS 0x00000000f8c00000| PB 0x00000000f8c00000| Untracked 
|1933|0x00000000f8d00000, 0x00000000f8e00000, 0x00000000f8e00000|100%| O|  |TAMS 0x00000000f8d00000| PB 0x00000000f8d00000| Untracked 
|1934|0x00000000f8e00000, 0x00000000f8f00000, 0x00000000f8f00000|100%| O|  |TAMS 0x00000000f8e00000| PB 0x00000000f8e00000| Untracked 
|1935|0x00000000f8f00000, 0x00000000f9000000, 0x00000000f9000000|100%| O|  |TAMS 0x00000000f8f00000| PB 0x00000000f8f00000| Untracked 
|1936|0x00000000f9000000, 0x00000000f9100000, 0x00000000f9100000|100%| O|  |TAMS 0x00000000f9000000| PB 0x00000000f9000000| Untracked 
|1937|0x00000000f9100000, 0x00000000f9200000, 0x00000000f9200000|100%| O|  |TAMS 0x00000000f9100000| PB 0x00000000f9100000| Untracked 
|1938|0x00000000f9200000, 0x00000000f9300000, 0x00000000f9300000|100%| O|  |TAMS 0x00000000f9200000| PB 0x00000000f9200000| Untracked 
|1939|0x00000000f9300000, 0x00000000f9400000, 0x00000000f9400000|100%| O|  |TAMS 0x00000000f9300000| PB 0x00000000f9300000| Untracked 
|1940|0x00000000f9400000, 0x00000000f9500000, 0x00000000f9500000|100%| O|  |TAMS 0x00000000f9400000| PB 0x00000000f9400000| Untracked 
|1941|0x00000000f9500000, 0x00000000f9600000, 0x00000000f9600000|100%| O|  |TAMS 0x00000000f9500000| PB 0x00000000f9500000| Untracked 
|1942|0x00000000f9600000, 0x00000000f9700000, 0x00000000f9700000|100%| O|  |TAMS 0x00000000f9600000| PB 0x00000000f9600000| Untracked 
|1943|0x00000000f9700000, 0x00000000f9800000, 0x00000000f9800000|100%| O|  |TAMS 0x00000000f9700000| PB 0x00000000f9700000| Untracked 
|1944|0x00000000f9800000, 0x00000000f9900000, 0x00000000f9900000|100%| O|  |TAMS 0x00000000f9800000| PB 0x00000000f9800000| Untracked 
|1945|0x00000000f9900000, 0x00000000f9a00000, 0x00000000f9a00000|100%| O|  |TAMS 0x00000000f9900000| PB 0x00000000f9900000| Untracked 
|1946|0x00000000f9a00000, 0x00000000f9b00000, 0x00000000f9b00000|100%| O|  |TAMS 0x00000000f9a00000| PB 0x00000000f9a00000| Untracked 
|1947|0x00000000f9b00000, 0x00000000f9c00000, 0x00000000f9c00000|100%| O|  |TAMS 0x00000000f9b00000| PB 0x00000000f9b00000| Untracked 
|1948|0x00000000f9c00000, 0x00000000f9d00000, 0x00000000f9d00000|100%| O|  |TAMS 0x00000000f9c00000| PB 0x00000000f9c00000| Untracked 
|1949|0x00000000f9d00000, 0x00000000f9e00000, 0x00000000f9e00000|100%| O|  |TAMS 0x00000000f9d00000| PB 0x00000000f9d00000| Untracked 
|1950|0x00000000f9e00000, 0x00000000f9f00000, 0x00000000f9f00000|100%| O|  |TAMS 0x00000000f9e00000| PB 0x00000000f9e00000| Untracked 
|1951|0x00000000f9f00000, 0x00000000fa000000, 0x00000000fa000000|100%| O|  |TAMS 0x00000000f9f00000| PB 0x00000000f9f00000| Untracked 
|1952|0x00000000fa000000, 0x00000000fa100000, 0x00000000fa100000|100%| O|  |TAMS 0x00000000fa000000| PB 0x00000000fa000000| Untracked 
|1953|0x00000000fa100000, 0x00000000fa200000, 0x00000000fa200000|100%| O|  |TAMS 0x00000000fa100000| PB 0x00000000fa100000| Untracked 
|1954|0x00000000fa200000, 0x00000000fa300000, 0x00000000fa300000|100%| O|  |TAMS 0x00000000fa200000| PB 0x00000000fa200000| Untracked 
|1955|0x00000000fa300000, 0x00000000fa400000, 0x00000000fa400000|100%| O|  |TAMS 0x00000000fa300000| PB 0x00000000fa300000| Untracked 
|1956|0x00000000fa400000, 0x00000000fa500000, 0x00000000fa500000|100%| O|  |TAMS 0x00000000fa400000| PB 0x00000000fa400000| Untracked 
|1957|0x00000000fa500000, 0x00000000fa600000, 0x00000000fa600000|100%| O|  |TAMS 0x00000000fa500000| PB 0x00000000fa500000| Untracked 
|1958|0x00000000fa600000, 0x00000000fa700000, 0x00000000fa700000|100%| O|  |TAMS 0x00000000fa600000| PB 0x00000000fa600000| Untracked 
|1959|0x00000000fa700000, 0x00000000fa800000, 0x00000000fa800000|100%| O|  |TAMS 0x00000000fa700000| PB 0x00000000fa700000| Untracked 
|1960|0x00000000fa800000, 0x00000000fa900000, 0x00000000fa900000|100%| O|  |TAMS 0x00000000fa800000| PB 0x00000000fa800000| Untracked 
|1961|0x00000000fa900000, 0x00000000faa00000, 0x00000000faa00000|100%| O|  |TAMS 0x00000000fa900000| PB 0x00000000fa900000| Untracked 
|1962|0x00000000faa00000, 0x00000000fab00000, 0x00000000fab00000|100%| O|  |TAMS 0x00000000faa00000| PB 0x00000000faa00000| Untracked 
|1963|0x00000000fab00000, 0x00000000fac00000, 0x00000000fac00000|100%| O|  |TAMS 0x00000000fab00000| PB 0x00000000fab00000| Untracked 
|1964|0x00000000fac00000, 0x00000000fad00000, 0x00000000fad00000|100%| O|  |TAMS 0x00000000fac00000| PB 0x00000000fac00000| Untracked 
|1965|0x00000000fad00000, 0x00000000fae00000, 0x00000000fae00000|100%| E|CS|TAMS 0x00000000fad00000| PB 0x00000000fad00000| Complete 
|1966|0x00000000fae00000, 0x00000000faf00000, 0x00000000faf00000|100%| E|CS|TAMS 0x00000000fae00000| PB 0x00000000fae00000| Complete 
|1967|0x00000000faf00000, 0x00000000fb000000, 0x00000000fb000000|100%| E|CS|TAMS 0x00000000faf00000| PB 0x00000000faf00000| Complete 
|1968|0x00000000fb000000, 0x00000000fb100000, 0x00000000fb100000|100%| E|CS|TAMS 0x00000000fb000000| PB 0x00000000fb000000| Complete 
|1969|0x00000000fb100000, 0x00000000fb200000, 0x00000000fb200000|100%| E|CS|TAMS 0x00000000fb100000| PB 0x00000000fb100000| Complete 
|1970|0x00000000fb200000, 0x00000000fb300000, 0x00000000fb300000|100%| E|CS|TAMS 0x00000000fb200000| PB 0x00000000fb200000| Complete 
|1971|0x00000000fb300000, 0x00000000fb400000, 0x00000000fb400000|100%| E|CS|TAMS 0x00000000fb300000| PB 0x00000000fb300000| Complete 
|1972|0x00000000fb400000, 0x00000000fb500000, 0x00000000fb500000|100%| E|CS|TAMS 0x00000000fb400000| PB 0x00000000fb400000| Complete 
|1973|0x00000000fb500000, 0x00000000fb600000, 0x00000000fb600000|100%| E|CS|TAMS 0x00000000fb500000| PB 0x00000000fb500000| Complete 
|1974|0x00000000fb600000, 0x00000000fb700000, 0x00000000fb700000|100%| E|CS|TAMS 0x00000000fb600000| PB 0x00000000fb600000| Complete 
|1975|0x00000000fb700000, 0x00000000fb800000, 0x00000000fb800000|100%| E|CS|TAMS 0x00000000fb700000| PB 0x00000000fb700000| Complete 
|1976|0x00000000fb800000, 0x00000000fb900000, 0x00000000fb900000|100%| E|CS|TAMS 0x00000000fb800000| PB 0x00000000fb800000| Complete 
|1977|0x00000000fb900000, 0x00000000fba00000, 0x00000000fba00000|100%| E|CS|TAMS 0x00000000fb900000| PB 0x00000000fb900000| Complete 
|1978|0x00000000fba00000, 0x00000000fbb00000, 0x00000000fbb00000|100%| E|CS|TAMS 0x00000000fba00000| PB 0x00000000fba00000| Complete 
|1979|0x00000000fbb00000, 0x00000000fbc00000, 0x00000000fbc00000|100%| E|CS|TAMS 0x00000000fbb00000| PB 0x00000000fbb00000| Complete 
|1980|0x00000000fbc00000, 0x00000000fbd00000, 0x00000000fbd00000|100%| E|CS|TAMS 0x00000000fbc00000| PB 0x00000000fbc00000| Complete 
|1981|0x00000000fbd00000, 0x00000000fbe00000, 0x00000000fbe00000|100%| E|CS|TAMS 0x00000000fbd00000| PB 0x00000000fbd00000| Complete 
|1982|0x00000000fbe00000, 0x00000000fbf00000, 0x00000000fbf00000|100%| E|CS|TAMS 0x00000000fbe00000| PB 0x00000000fbe00000| Complete 
|1983|0x00000000fbf00000, 0x00000000fc000000, 0x00000000fc000000|100%| E|CS|TAMS 0x00000000fbf00000| PB 0x00000000fbf00000| Complete 
|1984|0x00000000fc000000, 0x00000000fc100000, 0x00000000fc100000|100%| E|CS|TAMS 0x00000000fc000000| PB 0x00000000fc000000| Complete 
|1985|0x00000000fc100000, 0x00000000fc200000, 0x00000000fc200000|100%| E|CS|TAMS 0x00000000fc100000| PB 0x00000000fc100000| Complete 
|1986|0x00000000fc200000, 0x00000000fc300000, 0x00000000fc300000|100%| E|CS|TAMS 0x00000000fc200000| PB 0x00000000fc200000| Complete 
|1987|0x00000000fc300000, 0x00000000fc400000, 0x00000000fc400000|100%| E|CS|TAMS 0x00000000fc300000| PB 0x00000000fc300000| Complete 
|1988|0x00000000fc400000, 0x00000000fc500000, 0x00000000fc500000|100%| E|CS|TAMS 0x00000000fc400000| PB 0x00000000fc400000| Complete 
|1989|0x00000000fc500000, 0x00000000fc600000, 0x00000000fc600000|100%| E|CS|TAMS 0x00000000fc500000| PB 0x00000000fc500000| Complete 
|1990|0x00000000fc600000, 0x00000000fc700000, 0x00000000fc700000|100%| E|CS|TAMS 0x00000000fc600000| PB 0x00000000fc600000| Complete 
|1991|0x00000000fc700000, 0x00000000fc800000, 0x00000000fc800000|100%| E|CS|TAMS 0x00000000fc700000| PB 0x00000000fc700000| Complete 
|1992|0x00000000fc800000, 0x00000000fc900000, 0x00000000fc900000|100%| E|CS|TAMS 0x00000000fc800000| PB 0x00000000fc800000| Complete 
|1993|0x00000000fc900000, 0x00000000fca00000, 0x00000000fca00000|100%| E|CS|TAMS 0x00000000fc900000| PB 0x00000000fc900000| Complete 
|1994|0x00000000fca00000, 0x00000000fcb00000, 0x00000000fcb00000|100%| E|CS|TAMS 0x00000000fca00000| PB 0x00000000fca00000| Complete 
|1995|0x00000000fcb00000, 0x00000000fcc00000, 0x00000000fcc00000|100%| E|CS|TAMS 0x00000000fcb00000| PB 0x00000000fcb00000| Complete 
|1996|0x00000000fcc00000, 0x00000000fcd00000, 0x00000000fcd00000|100%| E|CS|TAMS 0x00000000fcc00000| PB 0x00000000fcc00000| Complete 
|1997|0x00000000fcd00000, 0x00000000fce00000, 0x00000000fce00000|100%| E|CS|TAMS 0x00000000fcd00000| PB 0x00000000fcd00000| Complete 
|1998|0x00000000fce00000, 0x00000000fcf00000, 0x00000000fcf00000|100%| E|CS|TAMS 0x00000000fce00000| PB 0x00000000fce00000| Complete 
|1999|0x00000000fcf00000, 0x00000000fd000000, 0x00000000fd000000|100%| E|CS|TAMS 0x00000000fcf00000| PB 0x00000000fcf00000| Complete 
|2000|0x00000000fd000000, 0x00000000fd100000, 0x00000000fd100000|100%| E|CS|TAMS 0x00000000fd000000| PB 0x00000000fd000000| Complete 
|2001|0x00000000fd100000, 0x00000000fd200000, 0x00000000fd200000|100%| E|CS|TAMS 0x00000000fd100000| PB 0x00000000fd100000| Complete 
|2002|0x00000000fd200000, 0x00000000fd300000, 0x00000000fd300000|100%| E|CS|TAMS 0x00000000fd200000| PB 0x00000000fd200000| Complete 
|2003|0x00000000fd300000, 0x00000000fd400000, 0x00000000fd400000|100%| E|CS|TAMS 0x00000000fd300000| PB 0x00000000fd300000| Complete 
|2004|0x00000000fd400000, 0x00000000fd500000, 0x00000000fd500000|100%| E|CS|TAMS 0x00000000fd400000| PB 0x00000000fd400000| Complete 
|2005|0x00000000fd500000, 0x00000000fd600000, 0x00000000fd600000|100%| E|CS|TAMS 0x00000000fd500000| PB 0x00000000fd500000| Complete 
|2006|0x00000000fd600000, 0x00000000fd700000, 0x00000000fd700000|100%| E|CS|TAMS 0x00000000fd600000| PB 0x00000000fd600000| Complete 
|2007|0x00000000fd700000, 0x00000000fd800000, 0x00000000fd800000|100%| E|CS|TAMS 0x00000000fd700000| PB 0x00000000fd700000| Complete 
|2008|0x00000000fd800000, 0x00000000fd900000, 0x00000000fd900000|100%| E|CS|TAMS 0x00000000fd800000| PB 0x00000000fd800000| Complete 
|2009|0x00000000fd900000, 0x00000000fda00000, 0x00000000fda00000|100%| E|CS|TAMS 0x00000000fd900000| PB 0x00000000fd900000| Complete 
|2010|0x00000000fda00000, 0x00000000fdb00000, 0x00000000fdb00000|100%| E|CS|TAMS 0x00000000fda00000| PB 0x00000000fda00000| Complete 
|2011|0x00000000fdb00000, 0x00000000fdc00000, 0x00000000fdc00000|100%| E|CS|TAMS 0x00000000fdb00000| PB 0x00000000fdb00000| Complete 
|2012|0x00000000fdc00000, 0x00000000fdd00000, 0x00000000fdd00000|100%| E|CS|TAMS 0x00000000fdc00000| PB 0x00000000fdc00000| Complete 
|2013|0x00000000fdd00000, 0x00000000fde00000, 0x00000000fde00000|100%| E|CS|TAMS 0x00000000fdd00000| PB 0x00000000fdd00000| Complete 
|2014|0x00000000fde00000, 0x00000000fdf00000, 0x00000000fdf00000|100%| E|CS|TAMS 0x00000000fde00000| PB 0x00000000fde00000| Complete 
|2015|0x00000000fdf00000, 0x00000000fe000000, 0x00000000fe000000|100%| E|CS|TAMS 0x00000000fdf00000| PB 0x00000000fdf00000| Complete 
|2016|0x00000000fe000000, 0x00000000fe100000, 0x00000000fe100000|100%| E|CS|TAMS 0x00000000fe000000| PB 0x00000000fe000000| Complete 
|2017|0x00000000fe100000, 0x00000000fe200000, 0x00000000fe200000|100%| E|CS|TAMS 0x00000000fe100000| PB 0x00000000fe100000| Complete 
|2018|0x00000000fe200000, 0x00000000fe300000, 0x00000000fe300000|100%| E|CS|TAMS 0x00000000fe200000| PB 0x00000000fe200000| Complete 
|2019|0x00000000fe300000, 0x00000000fe400000, 0x00000000fe400000|100%| E|CS|TAMS 0x00000000fe300000| PB 0x00000000fe300000| Complete 
|2020|0x00000000fe400000, 0x00000000fe500000, 0x00000000fe500000|100%| E|CS|TAMS 0x00000000fe400000| PB 0x00000000fe400000| Complete 
|2021|0x00000000fe500000, 0x00000000fe600000, 0x00000000fe600000|100%| E|CS|TAMS 0x00000000fe500000| PB 0x00000000fe500000| Complete 
|2022|0x00000000fe600000, 0x00000000fe700000, 0x00000000fe700000|100%| E|CS|TAMS 0x00000000fe600000| PB 0x00000000fe600000| Complete 
|2023|0x00000000fe700000, 0x00000000fe800000, 0x00000000fe800000|100%| E|CS|TAMS 0x00000000fe700000| PB 0x00000000fe700000| Complete 
|2024|0x00000000fe800000, 0x00000000fe900000, 0x00000000fe900000|100%| E|CS|TAMS 0x00000000fe800000| PB 0x00000000fe800000| Complete 
|2025|0x00000000fe900000, 0x00000000fea00000, 0x00000000fea00000|100%| E|CS|TAMS 0x00000000fe900000| PB 0x00000000fe900000| Complete 
|2026|0x00000000fea00000, 0x00000000feb00000, 0x00000000feb00000|100%| E|CS|TAMS 0x00000000fea00000| PB 0x00000000fea00000| Complete 
|2027|0x00000000feb00000, 0x00000000fec00000, 0x00000000fec00000|100%| E|CS|TAMS 0x00000000feb00000| PB 0x00000000feb00000| Complete 
|2028|0x00000000fec00000, 0x00000000fed00000, 0x00000000fed00000|100%| E|CS|TAMS 0x00000000fec00000| PB 0x00000000fec00000| Complete 
|2029|0x00000000fed00000, 0x00000000fee00000, 0x00000000fee00000|100%| E|CS|TAMS 0x00000000fed00000| PB 0x00000000fed00000| Complete 
|2030|0x00000000fee00000, 0x00000000fef00000, 0x00000000fef00000|100%| E|CS|TAMS 0x00000000fee00000| PB 0x00000000fee00000| Complete 
|2031|0x00000000fef00000, 0x00000000ff000000, 0x00000000ff000000|100%| E|CS|TAMS 0x00000000fef00000| PB 0x00000000fef00000| Complete 
|2032|0x00000000ff000000, 0x00000000ff100000, 0x00000000ff100000|100%| E|CS|TAMS 0x00000000ff000000| PB 0x00000000ff000000| Complete 
|2033|0x00000000ff100000, 0x00000000ff200000, 0x00000000ff200000|100%| E|CS|TAMS 0x00000000ff100000| PB 0x00000000ff100000| Complete 
|2034|0x00000000ff200000, 0x00000000ff300000, 0x00000000ff300000|100%| E|CS|TAMS 0x00000000ff200000| PB 0x00000000ff200000| Complete 
|2035|0x00000000ff300000, 0x00000000ff400000, 0x00000000ff400000|100%| E|CS|TAMS 0x00000000ff300000| PB 0x00000000ff300000| Complete 
|2036|0x00000000ff400000, 0x00000000ff500000, 0x00000000ff500000|100%| E|CS|TAMS 0x00000000ff400000| PB 0x00000000ff400000| Complete 
|2037|0x00000000ff500000, 0x00000000ff600000, 0x00000000ff600000|100%| E|CS|TAMS 0x00000000ff500000| PB 0x00000000ff500000| Complete 
|2038|0x00000000ff600000, 0x00000000ff700000, 0x00000000ff700000|100%| E|CS|TAMS 0x00000000ff600000| PB 0x00000000ff600000| Complete 
|2039|0x00000000ff700000, 0x00000000ff800000, 0x00000000ff800000|100%| E|CS|TAMS 0x00000000ff700000| PB 0x00000000ff700000| Complete 
|2040|0x00000000ff800000, 0x00000000ff900000, 0x00000000ff900000|100%| E|CS|TAMS 0x00000000ff800000| PB 0x00000000ff800000| Complete 
|2041|0x00000000ff900000, 0x00000000ffa00000, 0x00000000ffa00000|100%| E|CS|TAMS 0x00000000ff900000| PB 0x00000000ff900000| Complete 
|2042|0x00000000ffa00000, 0x00000000ffb00000, 0x00000000ffb00000|100%| E|CS|TAMS 0x00000000ffa00000| PB 0x00000000ffa00000| Complete 
|2043|0x00000000ffb00000, 0x00000000ffc00000, 0x00000000ffc00000|100%| E|CS|TAMS 0x00000000ffb00000| PB 0x00000000ffb00000| Complete 
|2044|0x00000000ffc00000, 0x00000000ffd00000, 0x00000000ffd00000|100%| E|CS|TAMS 0x00000000ffc00000| PB 0x00000000ffc00000| Complete 
|2045|0x00000000ffd00000, 0x00000000ffe00000, 0x00000000ffe00000|100%| E|CS|TAMS 0x00000000ffd00000| PB 0x00000000ffd00000| Complete 
|2046|0x00000000ffe00000, 0x00000000fff00000, 0x00000000fff00000|100%| E|CS|TAMS 0x00000000ffe00000| PB 0x00000000ffe00000| Complete 
|2047|0x00000000fff00000, 0x0000000100000000, 0x0000000100000000|100%| E|CS|TAMS 0x00000000fff00000| PB 0x00000000fff00000| Complete 

Card table byte_map: [0x000001fd73570000,0x000001fd73970000] _byte_map_base: 0x000001fd73170000

Marking Bits: (CMBitMap*) 0x000001fd5b829200
 Bits: [0x000001fd73970000, 0x000001fd75970000)

Polling page: 0x000001fd599c0000

Metaspace:

Usage:
  Non-class:    419.37 MB used.
      Class:     58.21 MB used.
       Both:    477.58 MB used.

Virtual space:
  Non-class space:      512.00 MB reserved,     427.81 MB ( 84%) committed,  8 nodes.
      Class space:        1.00 GB reserved,      61.00 MB (  6%) committed,  1 nodes.
             Both:        1.50 GB reserved,     488.81 MB ( 32%) committed. 

Chunk freelists:
   Non-Class:  43.15 MB
       Class:  20.22 MB
        Both:  63.38 MB

MaxMetaspaceSize: unlimited
CompressedClassSpaceSize: 1.00 GB
Initial GC threshold: 21.00 MB
Current GC threshold: 859.50 MB
CDS: on
 - commit_granule_bytes: 65536.
 - commit_granule_words: 8192.
 - virtual_space_node_default_size: 8388608.
 - enlarge_chunks_in_place: 1.
 - use_allocation_guard: 0.


Internal statistics:

num_allocs_failed_limit: 9.
num_arena_births: 10278.
num_arena_deaths: 4508.
num_vsnodes_births: 9.
num_vsnodes_deaths: 0.
num_space_committed: 10346.
num_space_uncommitted: 744.
num_chunks_returned_to_freelist: 16350.
num_chunks_taken_from_freelist: 45313.
num_chunk_merges: 5230.
num_chunk_splits: 27302.
num_chunks_enlarged: 17537.
num_inconsistent_stats: 0.

CodeHeap 'non-profiled nmethods': size=120000Kb used=52334Kb max_used=59480Kb free=67665Kb
 bounds [0x000001fd6b6f0000, 0x000001fd6f110000, 0x000001fd72c20000]
CodeHeap 'profiled nmethods': size=120000Kb used=72102Kb max_used=90560Kb free=47897Kb
 bounds [0x000001fd63c20000, 0x000001fd694f0000, 0x000001fd6b150000]
CodeHeap 'non-nmethods': size=5760Kb used=3114Kb max_used=3223Kb free=2645Kb
 bounds [0x000001fd6b150000, 0x000001fd6b490000, 0x000001fd6b6f0000]
 total_blobs=37847 nmethods=36258 adapters=1489
 compilation: enabled
              stopped_count=0, restarted_count=0
 full_count=0

Compilation events (20 events):
Event: 4870.135 Thread 0x000001fd7875eda0 nmethod 204271 0x000001fd67fcf990 code [0x000001fd67fcff40, 0x000001fd67fd3910]
Event: 4870.135 Thread 0x000001fd7875eda0 204309       2       com.android.tools.r8.graph.n2$d::<init> (25 bytes)
Event: 4870.136 Thread 0x000001fd7875eda0 nmethod 204309 0x000001fd655ebf10 code [0x000001fd655ec0c0, 0x000001fd655ec2e0]
Event: 4870.136 Thread 0x000001fd7875eda0 204389       2       java.lang.invoke.LambdaForm$MH/0x000001fd04f91000::invoke (126 bytes)
Event: 4870.136 Thread 0x000001fd7875eda0 nmethod 204389 0x000001fd650a2f10 code [0x000001fd650a3120, 0x000001fd650a3520]
Event: 4870.136 Thread 0x000001fd7875eda0 204316       2       com.android.utils.XmlUtils$PositionAwareStringBuilder::append (69 bytes)
Event: 4870.137 Thread 0x000001fd7875eda0 nmethod 204316 0x000001fd645e3390 code [0x000001fd645e3560, 0x000001fd645e3880]
Event: 4870.138 Thread 0x000001fd7875eda0 204284       2       com.sun.org.apache.xerces.internal.dom.ChildNode::previousSibling (16 bytes)
Event: 4870.138 Thread 0x000001fd7875eda0 nmethod 204284 0x000001fd651d7810 code [0x000001fd651d79c0, 0x000001fd651d7b18]
Event: 4870.138 Thread 0x000001fd7875eda0 204325       2       com.android.tools.r8.graph.p2::hashCode (11 bytes)
Event: 4870.139 Thread 0x000001fd7875eda0 nmethod 204325 0x000001fd652cd710 code [0x000001fd652cd8a0, 0x000001fd652cd9b0]
Event: 4870.139 Thread 0x000001fd7875eda0 204245       2       com.android.tools.r8.graph.q1::a (105 bytes)
Event: 4870.140 Thread 0x000001fd7875eda0 nmethod 204245 0x000001fd64131b90 code [0x000001fd64131da0, 0x000001fd641320f8]
Event: 4870.140 Thread 0x000001fd7875eda0 204447 %     2       com.android.tools.r8.internal.vt::a @ 31 (100 bytes)
Event: 4870.141 Thread 0x000001fd7875eda0 nmethod 204447% 0x000001fd658d3a90 code [0x000001fd658d3cc0, 0x000001fd658d4230]
Event: 4870.141 Thread 0x000001fd7875eda0 204451       3       com.google.devtools.ksp.impl.symbol.kotlin.UtilKt$convertToKotlinType$1$1::invoke (130 bytes)
Event: 4870.143 Thread 0x000001fd7875eda0 nmethod 204451 0x000001fd641c1410 code [0x000001fd641c17e0, 0x000001fd641c3148]
Event: 4870.144 Thread 0x000001fd7875eda0 204450       3       com.google.devtools.ksp.impl.symbol.kotlin.UtilKt::shouldMapToKotlinForAssignabilityCheck (65 bytes)
Event: 4870.145 Thread 0x000001fd7875eda0 nmethod 204450 0x000001fd649eba10 code [0x000001fd649ebca0, 0x000001fd649ec7f8]
Event: 4870.145 Thread 0x000001fd7875eda0 204455       2       sun.security.provider.SHA2::implCompress0 (448 bytes)

GC Heap History (20 events):
Event: 4726.196 GC heap before
{Heap before GC invocations=207 (full 1):
 garbage-first heap   total 1609728K, used 877737K [0x0000000080000000, 0x0000000100000000)
  region size 1024K, 291 young (297984K), 82 survivors (83968K)
 Metaspace       used 512515K, committed 515520K, reserved 1572864K
  class space    used 62811K, committed 64384K, reserved 1048576K
}
Event: 4726.219 GC heap after
{Heap after GC invocations=208 (full 1):
 garbage-first heap   total 1609728K, used 687273K [0x0000000080000000, 0x0000000100000000)
  region size 1024K, 21 young (21504K), 21 survivors (21504K)
 Metaspace       used 512515K, committed 515520K, reserved 1572864K
  class space    used 62811K, committed 64384K, reserved 1048576K
}
Event: 4732.001 GC heap before
{Heap before GC invocations=209 (full 1):
 garbage-first heap   total 1609728K, used 1412265K [0x0000000080000000, 0x0000000100000000)
  region size 1024K, 745 young (762880K), 21 survivors (21504K)
 Metaspace       used 513472K, committed 516480K, reserved 1572864K
  class space    used 62859K, committed 64448K, reserved 1048576K
}
Event: 4732.017 GC heap after
{Heap after GC invocations=210 (full 1):
 garbage-first heap   total 1609728K, used 703657K [0x0000000080000000, 0x0000000100000000)
  region size 1024K, 60 young (61440K), 60 survivors (61440K)
 Metaspace       used 513472K, committed 516480K, reserved 1572864K
  class space    used 62859K, committed 64448K, reserved 1048576K
}
Event: 4732.116 GC heap before
{Heap before GC invocations=210 (full 1):
 garbage-first heap   total 1609728K, used 763049K [0x0000000080000000, 0x0000000100000000)
  region size 1024K, 118 young (120832K), 60 survivors (61440K)
 Metaspace       used 513615K, committed 516608K, reserved 1572864K
  class space    used 62859K, committed 64448K, reserved 1048576K
}
Event: 4732.130 GC heap after
{Heap after GC invocations=211 (full 1):
 garbage-first heap   total 1609728K, used 724137K [0x0000000080000000, 0x0000000100000000)
  region size 1024K, 19 young (19456K), 19 survivors (19456K)
 Metaspace       used 513615K, committed 516608K, reserved 1572864K
  class space    used 62859K, committed 64448K, reserved 1048576K
}
Event: 4733.333 GC heap before
{Heap before GC invocations=212 (full 1):
 garbage-first heap   total 1609728K, used 1281193K [0x0000000080000000, 0x0000000100000000)
  region size 1024K, 648 young (663552K), 19 survivors (19456K)
 Metaspace       used 484185K, committed 490368K, reserved 1572864K
  class space    used 58903K, committed 61312K, reserved 1048576K
}
Event: 4733.354 GC heap after
{Heap after GC invocations=213 (full 1):
 garbage-first heap   total 1609728K, used 723625K [0x0000000080000000, 0x0000000100000000)
  region size 1024K, 81 young (82944K), 81 survivors (82944K)
 Metaspace       used 484185K, committed 490368K, reserved 1572864K
  class space    used 58903K, committed 61312K, reserved 1048576K
}
Event: 4734.505 GC heap before
{Heap before GC invocations=213 (full 1):
 garbage-first heap   total 1609728K, used 1359529K [0x0000000080000000, 0x0000000100000000)
  region size 1024K, 702 young (718848K), 81 survivors (82944K)
 Metaspace       used 485751K, committed 490368K, reserved 1572864K
  class space    used 59052K, committed 61312K, reserved 1048576K
}
Event: 4734.520 GC heap after
{Heap after GC invocations=214 (full 1):
 garbage-first heap   total 1609728K, used 577357K [0x0000000080000000, 0x0000000100000000)
  region size 1024K, 13 young (13312K), 13 survivors (13312K)
 Metaspace       used 485751K, committed 490368K, reserved 1572864K
  class space    used 59052K, committed 61312K, reserved 1048576K
}
Event: 4815.043 GC heap before
{Heap before GC invocations=214 (full 1):
 garbage-first heap   total 1609728K, used 1283917K [0x0000000080000000, 0x0000000100000000)
  region size 1024K, 701 young (717824K), 13 survivors (13312K)
 Metaspace       used 486266K, committed 490432K, reserved 1572864K
  class space    used 59064K, committed 61312K, reserved 1048576K
}
Event: 4815.057 GC heap after
{Heap after GC invocations=215 (full 1):
 garbage-first heap   total 1609728K, used 609923K [0x0000000080000000, 0x0000000100000000)
  region size 1024K, 45 young (46080K), 45 survivors (46080K)
 Metaspace       used 486266K, committed 490432K, reserved 1572864K
  class space    used 59064K, committed 61312K, reserved 1048576K
}
Event: 4868.157 GC heap before
{Heap before GC invocations=216 (full 1):
 garbage-first heap   total 1609728K, used 1328771K [0x0000000080000000, 0x0000000100000000)
  region size 1024K, 801 young (820224K), 45 survivors (46080K)
 Metaspace       used 489537K, committed 492928K, reserved 1572864K
  class space    used 59452K, committed 61312K, reserved 1048576K
}
Event: 4868.197 GC heap after
{Heap after GC invocations=217 (full 1):
 garbage-first heap   total 1609728K, used 630441K [0x0000000080000000, 0x0000000100000000)
  region size 1024K, 101 young (103424K), 101 survivors (103424K)
 Metaspace       used 489537K, committed 492928K, reserved 1572864K
  class space    used 59452K, committed 61312K, reserved 1048576K
}
Event: 4869.029 GC heap before
{Heap before GC invocations=217 (full 1):
 garbage-first heap   total 1609728K, used 1606313K [0x0000000080000000, 0x0000000100000000)
  region size 1024K, 809 young (828416K), 101 survivors (103424K)
 Metaspace       used 496314K, committed 499520K, reserved 1572864K
  class space    used 60216K, committed 61888K, reserved 1048576K
}
Event: 4869.086 GC heap after
{Heap after GC invocations=218 (full 1):
 garbage-first heap   total 1806336K, used 723625K [0x0000000080000000, 0x0000000100000000)
  region size 1024K, 82 young (83968K), 82 survivors (83968K)
 Metaspace       used 496314K, committed 499520K, reserved 1572864K
  class space    used 60216K, committed 61888K, reserved 1048576K
}
Event: 4869.296 GC heap before
{Heap before GC invocations=218 (full 1):
 garbage-first heap   total 1806336K, used 874153K [0x0000000080000000, 0x0000000100000000)
  region size 1024K, 231 young (236544K), 82 survivors (83968K)
 Metaspace       used 499797K, committed 503040K, reserved 1572864K
  class space    used 60969K, committed 62656K, reserved 1048576K
}
Event: 4869.320 GC heap after
{Heap after GC invocations=219 (full 1):
 garbage-first heap   total 1806336K, used 764585K [0x0000000080000000, 0x0000000100000000)
  region size 1024K, 41 young (41984K), 41 survivors (41984K)
 Metaspace       used 499797K, committed 503040K, reserved 1572864K
  class space    used 60969K, committed 62656K, reserved 1048576K
}
Event: 4869.989 GC heap before
{Heap before GC invocations=220 (full 1):
 garbage-first heap   total 1806336K, used 1341097K [0x0000000080000000, 0x0000000100000000)
  region size 1024K, 688 young (704512K), 41 survivors (41984K)
 Metaspace       used 487987K, committed 500480K, reserved 1572864K
  class space    used 59494K, committed 62464K, reserved 1048576K
}
Event: 4870.089 GC heap after
{Heap after GC invocations=221 (full 1):
 garbage-first heap   total 1806336K, used 949929K [0x0000000080000000, 0x0000000100000000)
  region size 1024K, 86 young (88064K), 86 survivors (88064K)
 Metaspace       used 487987K, committed 500480K, reserved 1572864K
  class space    used 59494K, committed 62464K, reserved 1048576K
}

Dll operation events (20 events):
Event: 243.537 Loaded shared library C:\Users\Risky\AppData\Local\Temp\sqlite-3.41.2.2-e23ffb7b-f095-4841-ada1-87a3d58c5484-sqlitejdbc.dll
Event: 247.143 Unloaded dll "C:\Users\Risky\AppData\Local\Temp\sqlite-3.41.2.2-e23ffb7b-f095-4841-ada1-87a3d58c5484-sqlitejdbc.dll" [0x00007ffae6ab0000]
Event: 247.143 Unloaded dll "C:\Users\Risky\AppData\Local\Temp\sqlite-3.41.2.2-14ddb7ea-4222-4f10-9f6b-435987fc1871-sqlitejdbc.dll" [0x00007ffaf45a0000]
Event: 745.771 Loaded shared library C:\Users\Risky\AppData\Local\Temp\sqlite-3.41.2.2-57e85111-4185-40da-bf9e-3939aba03311-sqlitejdbc.dll
Event: 752.206 Loaded shared library C:\Users\Risky\AppData\Local\Temp\sqlite-3.41.2.2-dfc3a69d-d885-4af3-9339-90adc21692e7-sqlitejdbc.dll
Event: 754.608 Loaded shared library C:\Users\Risky\AppData\Local\Temp\jna-78970730\jna8916327077043612418.dll
Event: 767.738 Loaded shared library C:\Users\Risky\AppData\Local\Temp\sqlite-3.41.2.2-1b8e9a14-2b84-4d71-a9c8-44654a69421c-sqlitejdbc.dll
Event: 772.236 Unloaded dll "C:\Users\Risky\AppData\Local\Temp\sqlite-3.41.2.2-57e85111-4185-40da-bf9e-3939aba03311-sqlitejdbc.dll" [0x00007ffaf4950000]
Event: 772.237 Unloaded dll "C:\Users\Risky\AppData\Local\Temp\sqlite-3.41.2.2-dfc3a69d-d885-4af3-9339-90adc21692e7-sqlitejdbc.dll" [0x00007ffaf4630000]
Event: 4377.537 Unloaded dll "C:\Users\Risky\AppData\Local\Temp\sqlite-3.41.2.2-1b8e9a14-2b84-4d71-a9c8-44654a69421c-sqlitejdbc.dll" [0x00007ffaf4350000]
Event: 4478.043 Loaded shared library C:\Users\Risky\AppData\Local\Temp\sqlite-3.41.2.2-753054ef-dab4-4a2f-aba3-a116f9e6f921-sqlitejdbc.dll
Event: 4478.175 Loaded shared library C:\Users\Risky\AppData\Local\Temp\sqlite-3.41.2.2-32e6db3d-8af2-4850-9db7-6d116bbe8409-sqlitejdbc.dll
Event: 4486.514 Unloaded dll "C:\Users\Risky\AppData\Local\Temp\sqlite-3.41.2.2-753054ef-dab4-4a2f-aba3-a116f9e6f921-sqlitejdbc.dll" [0x00007ffaf4630000]
Event: 4486.514 Unloaded dll "C:\Users\Risky\AppData\Local\Temp\sqlite-3.41.2.2-32e6db3d-8af2-4850-9db7-6d116bbe8409-sqlitejdbc.dll" [0x00007ffaf4350000]
Event: 4492.219 Loaded shared library C:\Users\Risky\AppData\Local\Temp\sqlite-3.41.2.2-c3271b69-443d-49c8-a505-5eb8fb387e5c-sqlitejdbc.dll
Event: 4494.371 Unloaded dll "C:\Users\Risky\AppData\Local\Temp\sqlite-3.41.2.2-c3271b69-443d-49c8-a505-5eb8fb387e5c-sqlitejdbc.dll" [0x00007ffaf4630000]
Event: 4723.267 Loaded shared library C:\Users\Risky\AppData\Local\Temp\sqlite-3.41.2.2-33508fbe-9096-4cef-88ca-b684df71a44b-sqlitejdbc.dll
Event: 4723.391 Loaded shared library C:\Users\Risky\AppData\Local\Temp\sqlite-3.41.2.2-322a0a9e-6299-4b5b-bfbe-4147dc7c9972-sqlitejdbc.dll
Event: 4732.352 Unloaded dll "C:\Users\Risky\AppData\Local\Temp\sqlite-3.41.2.2-322a0a9e-6299-4b5b-bfbe-4147dc7c9972-sqlitejdbc.dll" [0x00007ffaf4350000]
Event: 4732.352 Unloaded dll "C:\Users\Risky\AppData\Local\Temp\sqlite-3.41.2.2-33508fbe-9096-4cef-88ca-b684df71a44b-sqlitejdbc.dll" [0x00007ffaf4630000]

Deoptimization events (20 events):
Event: 4870.135 Thread 0x000001fda4fa9a30 DEOPT PACKING pc=0x000001fd68a4be81 sp=0x0000005278cfec00
Event: 4870.135 Thread 0x000001fda4fa9a30 DEOPT UNPACKING pc=0x000001fd6b1a4e42 sp=0x0000005278cfe1d0 mode 0
Event: 4870.136 Thread 0x000001fd9fbb9be0 DEOPT PACKING pc=0x000001fd68a4be81 sp=0x00000052791ff060
Event: 4870.136 Thread 0x000001fd9fbb9be0 DEOPT UNPACKING pc=0x000001fd6b1a4e42 sp=0x00000052791fe658 mode 0
Event: 4870.137 Thread 0x000001fd9fbb9be0 DEOPT PACKING pc=0x000001fd68a4be81 sp=0x00000052791ff070
Event: 4870.137 Thread 0x000001fd9fbb9be0 DEOPT UNPACKING pc=0x000001fd6b1a4e42 sp=0x00000052791fe668 mode 0
Event: 4870.138 Thread 0x000001fda56dd670 DEOPT PACKING pc=0x000001fd68a4be81 sp=0x0000005279afe7f0
Event: 4870.138 Thread 0x000001fda56dd670 DEOPT UNPACKING pc=0x000001fd6b1a4e42 sp=0x0000005279afddc0 mode 0
Event: 4870.139 Thread 0x000001fda4fa9a30 DEOPT PACKING pc=0x000001fd68a4be81 sp=0x0000005278cfec00
Event: 4870.139 Thread 0x000001fda4fa9a30 DEOPT UNPACKING pc=0x000001fd6b1a4e42 sp=0x0000005278cfe1d0 mode 0
Event: 4870.140 Thread 0x000001fd9fbb9be0 DEOPT PACKING pc=0x000001fd68a4be81 sp=0x00000052791ff070
Event: 4870.141 Thread 0x000001fd9fbb9be0 DEOPT UNPACKING pc=0x000001fd6b1a4e42 sp=0x00000052791fe668 mode 0
Event: 4870.142 Thread 0x000001fd9fbb9be0 DEOPT PACKING pc=0x000001fd68a4be81 sp=0x00000052791ff070
Event: 4870.142 Thread 0x000001fd9fbb9be0 DEOPT UNPACKING pc=0x000001fd6b1a4e42 sp=0x00000052791fe668 mode 0
Event: 4870.143 Thread 0x000001fdae3e49b0 DEOPT PACKING pc=0x000001fd68a4be81 sp=0x00000052789ff100
Event: 4870.143 Thread 0x000001fdae3e49b0 DEOPT UNPACKING pc=0x000001fd6b1a4e42 sp=0x00000052789fe6f8 mode 0
Event: 4870.144 Thread 0x000001fdae3e5040 DEOPT PACKING pc=0x000001fd68a4be81 sp=0x00000052790fe860
Event: 4870.144 Thread 0x000001fdae3e5040 DEOPT UNPACKING pc=0x000001fd6b1a4e42 sp=0x00000052790fde30 mode 0
Event: 4870.145 Thread 0x000001fd9fbb9be0 DEOPT PACKING pc=0x000001fd68a4be81 sp=0x00000052791ff060
Event: 4870.145 Thread 0x000001fd9fbb9be0 DEOPT UNPACKING pc=0x000001fd6b1a4e42 sp=0x00000052791fe658 mode 0

Classes loaded (20 events):
Event: 4377.537 Loading class sun/rmi/transport/ObjectTable$1
Event: 4377.537 Loading class sun/rmi/transport/ObjectTable$1 done
Event: 4726.853 Loading class sun/net/ConnectionResetException
Event: 4726.853 Loading class sun/net/ConnectionResetException done
Event: 4726.872 Loading class java/lang/Throwable$WrappedPrintWriter
Event: 4726.872 Loading class java/lang/Throwable$WrappedPrintWriter done
Event: 4815.819 Loading class java/nio/channels/CancelledKeyException
Event: 4815.819 Loading class java/nio/channels/CancelledKeyException done
Event: 4815.932 Loading class sun/nio/ch/SocketChannelImpl$DefaultOptionsHolder
Event: 4815.932 Loading class sun/nio/ch/SocketChannelImpl$DefaultOptionsHolder done
Event: 4865.533 Loading class java/lang/annotation/IncompleteAnnotationException
Event: 4865.534 Loading class java/lang/annotation/IncompleteAnnotationException done
Event: 4868.197 Loading class com/sun/org/apache/xerces/internal/dom/DeferredDOMImplementationImpl
Event: 4868.216 Loading class com/sun/org/apache/xerces/internal/dom/DeferredDOMImplementationImpl done
Event: 4868.273 Loading class java/nio/channels/Channels$WritableByteChannelImpl
Event: 4868.273 Loading class java/nio/channels/Channels$WritableByteChannelImpl done
Event: 4868.274 Loading class java/util/Collections$UnmodifiableSortedMap
Event: 4868.274 Loading class java/util/Collections$UnmodifiableSortedMap done
Event: 4868.802 Loading class java/security/spec/ECPublicKeySpec
Event: 4868.803 Loading class java/security/spec/ECPublicKeySpec done

Classes unloaded (20 events):
Event: 4869.475 Thread 0x000001fd78712810 Unloading class 0x000001fd03090000 'kotlin/enums/EnumEntriesList'
Event: 4869.475 Thread 0x000001fd78712810 Unloading class 0x000001fd0308e800 'kotlin/collections/AbstractList'
Event: 4869.475 Thread 0x000001fd78712810 Unloading class 0x000001fd0308f848 'kotlin/collections/AbstractCollection'
Event: 4869.475 Thread 0x000001fd78712810 Unloading class 0x000001fd0308f650 'kotlin/enums/EnumEntries'
Event: 4869.475 Thread 0x000001fd78712810 Unloading class 0x000001fd0308f458 'kotlin/jvm/internal/markers/KMappedMarker'
Event: 4869.475 Thread 0x000001fd78712810 Unloading class 0x000001fd0308f200 'kotlin/NotImplementedError'
Event: 4869.475 Thread 0x000001fd78712810 Unloading class 0x000001fd0308f000 'kotlin/enums/EnumEntriesKt'
Event: 4869.475 Thread 0x000001fd78712810 Unloading class 0x000001fd0308dab0 'kotlin/KotlinNullPointerException'
Event: 4869.475 Thread 0x000001fd78712810 Unloading class 0x000001fd0308d858 'kotlin/UninitializedPropertyAccessException'
Event: 4869.475 Thread 0x000001fd78712810 Unloading class 0x000001fd0308d658 'kotlin/jvm/internal/Intrinsics'
Event: 4869.475 Thread 0x000001fd78712810 Unloading class 0x000001fd0308d418 'com/pinterest/ktlint/rule/engine/core/api/editorconfig/CodeStyleValue'
Event: 4869.475 Thread 0x000001fd78712810 Unloading class 0x000001fd0308d1f8 'com/pinterest/ktlint/rule/engine/core/api/editorconfig/SafeEnumValueParser'
Event: 4869.475 Thread 0x000001fd78712810 Unloading class 0x000001fd0308d000 'org/ec4j/core/model/PropertyType$PropertyValueParser'
Event: 4869.475 Thread 0x000001fd78712810 Unloading class 0x000001fd0308cce0 'com/pinterest/ktlint/rule/engine/core/api/editorconfig/CodeStyleEditorConfigPropertyKt'
Event: 4869.475 Thread 0x000001fd78712810 Unloading class 0x000001fd0308cae8 'kotlin/jvm/functions/Function2'
Event: 4869.475 Thread 0x000001fd78712810 Unloading class 0x000001fd0308c8f0 'kotlin/Function'
Event: 4869.475 Thread 0x000001fd78712810 Unloading class 0x000001fd0308c6d0 'com/diffplug/spotless/glue/ktlint/compat/KtLintCompat1Dot0Dot0Adapter'
Event: 4869.475 Thread 0x000001fd78712810 Unloading class 0x000001fd0308c470 'com/diffplug/spotless/glue/ktlint/compat/KtLintCompatReporting$KtlintSpotlessException'
Event: 4869.475 Thread 0x000001fd78712810 Unloading class 0x000001fd0308c278 'com/diffplug/spotless/glue/ktlint/compat/KtLintCompatAdapter'
Event: 4869.475 Thread 0x000001fd78712810 Unloading class 0x000001fd0308c000 'com/diffplug/spotless/glue/ktlint/KtlintFormatterFunc'

Classes redefined (0 events):
No events

Internal exceptions (20 events):
Event: 4868.573 Thread 0x000001fda92e3900 Exception <a 'sun/nio/fs/WindowsException'{0x00000000d22a0e60}> (0x00000000d22a0e60) 
thrown [s\open\src\hotspot\share\prims\jni.cpp, line 520]
Event: 4868.574 Thread 0x000001fda5bb77b0 Exception <a 'sun/nio/fs/WindowsException'{0x00000000d7db62f0}> (0x00000000d7db62f0) 
thrown [s\open\src\hotspot\share\prims\jni.cpp, line 520]
Event: 4868.635 Thread 0x000001fd997ca450 Exception <a 'java/lang/NoSuchMethodError'{0x00000000d0f5f4f0}: 'void java.lang.invoke.DirectMethodHandle$Holder.invokeSpecialIFC(java.lang.Object, java.lang.Object, java.lang.Object, java.lang.Object)'> (0x00000000d0f5f4f0) 
thrown [s\open\src\hotspot\share\interpreter\linkResolver.cpp, line 773]
Event: 4868.719 Thread 0x000001fda4a811c0 Exception <a 'java/lang/NoSuchMethodError'{0x00000000d1a95cb8}: 'java.lang.ClassLoader java.lang.ClassLoader.getPlatformClassLoader(java.lang.Class)'> (0x00000000d1a95cb8) 
thrown [s\open\src\hotspot\share\interpreter\linkResolver.cpp, line 773]
Event: 4868.729 Thread 0x000001fda675f630 Exception <a 'sun/nio/fs/WindowsException'{0x00000000cec32250}> (0x00000000cec32250) 
thrown [s\open\src\hotspot\share\prims\jni.cpp, line 520]
Event: 4868.730 Thread 0x000001fda675f630 Exception <a 'sun/nio/fs/WindowsException'{0x00000000cec34880}> (0x00000000cec34880) 
thrown [s\open\src\hotspot\share\prims\jni.cpp, line 520]
Event: 4868.738 Thread 0x000001fda675f630 Exception <a 'sun/nio/fs/WindowsException'{0x00000000ce3bab28}> (0x00000000ce3bab28) 
thrown [s\open\src\hotspot\share\prims\jni.cpp, line 520]
Event: 4868.738 Thread 0x000001fda675f630 Exception <a 'sun/nio/fs/WindowsException'{0x00000000ce3bba18}> (0x00000000ce3bba18) 
thrown [s\open\src\hotspot\share\prims\jni.cpp, line 520]
Event: 4868.738 Thread 0x000001fda675f630 Exception <a 'sun/nio/fs/WindowsException'{0x00000000ce3bbba8}> (0x00000000ce3bbba8) 
thrown [s\open\src\hotspot\share\prims\jni.cpp, line 520]
Event: 4868.739 Thread 0x000001fda675f630 Exception <a 'sun/nio/fs/WindowsException'{0x00000000ce3bcc30}> (0x00000000ce3bcc30) 
thrown [s\open\src\hotspot\share\prims\jni.cpp, line 520]
Event: 4868.739 Thread 0x000001fda675f630 Exception <a 'sun/nio/fs/WindowsException'{0x00000000ce3bdae0}> (0x00000000ce3bdae0) 
thrown [s\open\src\hotspot\share\prims\jni.cpp, line 520]
Event: 4868.739 Thread 0x000001fda675f630 Exception <a 'sun/nio/fs/WindowsException'{0x00000000ce3bdc30}> (0x00000000ce3bdc30) 
thrown [s\open\src\hotspot\share\prims\jni.cpp, line 520]
Event: 4868.874 Thread 0x000001fd9fbe6130 Exception <a 'java/lang/NoSuchMethodError'{0x00000000ca57f508}: 'java.lang.Object java.lang.invoke.DirectMethodHandle$Holder.newInvokeSpecial(java.lang.Object, int, java.lang.Object, java.lang.Object, java.lang.Object)'> (0x00000000ca57f508) 
thrown [s\open\src\hotspot\share\interpreter\linkResolver.cpp, line 773]
Event: 4868.875 Thread 0x000001fd9fbe6130 Exception <a 'java/lang/NoSuchMethodError'{0x00000000ca5839c0}: 'java.lang.Object java.lang.invoke.Invokers$Holder.linkToTargetMethod(int, java.lang.Object, java.lang.Object, java.lang.Object, java.lang.Object)'> (0x00000000ca5839c0) 
thrown [s\open\src\hotspot\share\interpreter\linkResolver.cpp, line 773]
Event: 4868.894 Thread 0x000001fd9fbe6130 Exception <a 'java/lang/NoSuchMethodError'{0x00000000c8ea6558}: 'void java.lang.invoke.DirectMethodHandle$Holder.invokeStatic(java.lang.Object, java.lang.Object, java.lang.Object, java.lang.Object, java.lang.Object, java.lang.Object, java.lang.Object, java.lang.Object, java.lang.Object)'> (0x00000000c8ea6558) 
thrown [s\open\src\hotspot\share\interpreter\linkResolver.cpp, line 773]
Event: 4869.171 Thread 0x000001fd9fbe6130 Implicit null exception at 0x000001fd6dd76ca3 to 0x000001fd6dd77244
Event: 4869.217 Thread 0x000001fda7d6e050 Exception <a 'sun/nio/fs/WindowsException'{0x00000000db505258}> (0x00000000db505258) 
thrown [s\open\src\hotspot\share\prims\jni.cpp, line 520]
Event: 4869.219 Thread 0x000001fd9fbe6130 Exception <a 'sun/nio/fs/WindowsException'{0x00000000dc85e2f0}> (0x00000000dc85e2f0) 
thrown [s\open\src\hotspot\share\prims\jni.cpp, line 520]
Event: 4869.220 Thread 0x000001fd9fbe6130 Exception <a 'sun/nio/fs/WindowsException'{0x00000000dc85f2b0}> (0x00000000dc85f2b0) 
thrown [s\open\src\hotspot\share\prims\jni.cpp, line 520]
Event: 4870.105 Thread 0x000001fda6760350 Exception <a 'sun/nio/fs/WindowsException'{0x00000000ff3ed560}> (0x00000000ff3ed560) 
thrown [s\open\src\hotspot\share\prims\jni.cpp, line 520]

ZGC Phase Switch (0 events):
No events

VM Operations (20 events):
Event: 4868.829 Executing VM operation: ICBufferFull
Event: 4868.830 Executing VM operation: ICBufferFull done
Event: 4868.963 Executing VM operation: ICBufferFull
Event: 4868.964 Executing VM operation: ICBufferFull done
Event: 4868.964 Executing VM operation: ICBufferFull
Event: 4868.965 Executing VM operation: ICBufferFull done
Event: 4869.028 Executing VM operation: G1CollectForAllocation (G1 Evacuation Pause)
Event: 4869.086 Executing VM operation: G1CollectForAllocation (G1 Evacuation Pause) done
Event: 4869.225 Executing VM operation: ICBufferFull
Event: 4869.225 Executing VM operation: ICBufferFull done
Event: 4869.226 Executing VM operation: ICBufferFull
Event: 4869.226 Executing VM operation: ICBufferFull done
Event: 4869.296 Executing VM operation: G1TryInitiateConcMark (G1 Humongous Allocation)
Event: 4869.320 Executing VM operation: G1TryInitiateConcMark (G1 Humongous Allocation) done
Event: 4869.472 Executing VM operation: G1PauseRemark
Event: 4869.566 Executing VM operation: G1PauseRemark done
Event: 4869.654 Executing VM operation: G1PauseCleanup
Event: 4869.655 Executing VM operation: G1PauseCleanup done
Event: 4869.989 Executing VM operation: G1CollectForAllocation (G1 Evacuation Pause)
Event: 4870.089 Executing VM operation: G1CollectForAllocation (G1 Evacuation Pause) done

Events (20 events):
Event: 4869.560 Thread 0x000001fd78712810 flushing nmethod 0x000001fd6b7c9b90
Event: 4869.560 Thread 0x000001fd78712810 flushing nmethod 0x000001fd6b7b1310
Event: 4869.560 Thread 0x000001fd78712810 flushing nmethod 0x000001fd6b7adc90
Event: 4869.560 Thread 0x000001fd78712810 flushing nmethod 0x000001fd6b79ed10
Event: 4869.560 Thread 0x000001fd78712810 flushing nmethod 0x000001fd6b797010
Event: 4869.560 Thread 0x000001fd78712810 flushing nmethod 0x000001fd6b773d90
Event: 4869.560 Thread 0x000001fd78712810 flushing nmethod 0x000001fd6b767190
Event: 4869.560 Thread 0x000001fd78712810 flushing nmethod 0x000001fd6b76ad90
Event: 4869.746 Thread 0x000001fdae3e49b0 Thread added: 0x000001fdae3e49b0
Event: 4869.746 Thread 0x000001fdae3e4320 Thread added: 0x000001fdae3e4320
Event: 4869.747 Thread 0x000001fda71f0240 Thread added: 0x000001fda71f0240
Event: 4869.747 Thread 0x000001fda4fa9a30 Thread added: 0x000001fda4fa9a30
Event: 4869.747 Thread 0x000001fda71ee170 Thread added: 0x000001fda71ee170
Event: 4869.747 Thread 0x000001fd9fbbaf90 Thread added: 0x000001fd9fbbaf90
Event: 4869.747 Thread 0x000001fdae3e5040 Thread added: 0x000001fdae3e5040
Event: 4869.748 Thread 0x000001fd9fbb9be0 Thread added: 0x000001fd9fbb9be0
Event: 4869.748 Thread 0x000001fda4f64940 Thread added: 0x000001fda4f64940
Event: 4869.748 Thread 0x000001fda801f0e0 Thread added: 0x000001fda801f0e0
Event: 4869.749 Thread 0x000001fda56dd670 Thread added: 0x000001fda56dd670
Event: 4869.749 Thread 0x000001fda4f64fd0 Thread added: 0x000001fda4f64fd0


Dynamic libraries:
0x00007ff755c00000 - 0x00007ff755c0e000 	C:\Users\Risky\.jdks\openjdk-21.0.2\bin\java.exe
0x00007ffba8500000 - 0x00007ffba8766000 	C:\WINDOWS\SYSTEM32\ntdll.dll
0x00007ffba70d0000 - 0x00007ffba7199000 	C:\WINDOWS\System32\KERNEL32.DLL
0x00007ffba5b80000 - 0x00007ffba5f7a000 	C:\WINDOWS\System32\KERNELBASE.dll
0x00007ffba5790000 - 0x00007ffba58dc000 	C:\WINDOWS\System32\ucrtbase.dll
0x00007ffb96ca0000 - 0x00007ffb96cb8000 	C:\Users\Risky\.jdks\openjdk-21.0.2\bin\jli.dll
0x00007ffb96900000 - 0x00007ffb9691b000 	C:\Users\Risky\.jdks\openjdk-21.0.2\bin\VCRUNTIME140.dll
0x00007ffba82f0000 - 0x00007ffba84b7000 	C:\WINDOWS\System32\USER32.dll
0x00007ffba5aa0000 - 0x00007ffba5ac7000 	C:\WINDOWS\System32\win32u.dll
0x00007ffba82a0000 - 0x00007ffba82cb000 	C:\WINDOWS\System32\GDI32.dll
0x00007ffb90670000 - 0x00007ffb90902000 	C:\WINDOWS\WinSxS\amd64_microsoft.windows.common-controls_6595b64144ccf1df_6.0.26100.8521_none_3e08b75ce33403b3\COMCTL32.dll
0x00007ffba58e0000 - 0x00007ffba5a0b000 	C:\WINDOWS\System32\gdi32full.dll
0x00007ffba5ad0000 - 0x00007ffba5b73000 	C:\WINDOWS\System32\msvcp_win.dll
0x00007ffba81f0000 - 0x00007ffba8299000 	C:\WINDOWS\System32\msvcrt.dll
0x00007ffba7fa0000 - 0x00007ffba7fd2000 	C:\WINDOWS\System32\IMM32.DLL
0x00007ffb97260000 - 0x00007ffb9726c000 	C:\Users\Risky\.jdks\openjdk-21.0.2\bin\vcruntime140_1.dll
0x00007ffb7e1e0000 - 0x00007ffb7e26e000 	C:\Users\Risky\.jdks\openjdk-21.0.2\bin\msvcp140.dll
0x00007ffae5020000 - 0x00007ffae5d37000 	C:\Users\Risky\.jdks\openjdk-21.0.2\bin\server\jvm.dll
0x00007ffba6880000 - 0x00007ffba6936000 	C:\WINDOWS\System32\ADVAPI32.dll
0x00007ffba6600000 - 0x00007ffba66aa000 	C:\WINDOWS\System32\sechost.dll
0x00007ffba6fb0000 - 0x00007ffba70c8000 	C:\WINDOWS\System32\RPCRT4.dll
0x00007ffba80d0000 - 0x00007ffba8150000 	C:\WINDOWS\System32\WS2_32.dll
0x00007ffba5610000 - 0x00007ffba566e000 	C:\WINDOWS\SYSTEM32\POWRPROF.dll
0x00007ffba4070000 - 0x00007ffba407b000 	C:\WINDOWS\SYSTEM32\VERSION.dll
0x00007ffb910c0000 - 0x00007ffb910f6000 	C:\WINDOWS\SYSTEM32\WINMM.dll
0x00007ffba55f0000 - 0x00007ffba5604000 	C:\WINDOWS\SYSTEM32\UMPDC.dll
0x00007ffba44e0000 - 0x00007ffba44fb000 	C:\WINDOWS\SYSTEM32\kernel.appcore.dll
0x00007ffb97230000 - 0x00007ffb9723a000 	C:\Users\Risky\.jdks\openjdk-21.0.2\bin\jimage.dll
0x00007ffb9ba50000 - 0x00007ffb9bc92000 	C:\WINDOWS\SYSTEM32\DBGHELP.DLL
0x00007ffba6270000 - 0x00007ffba65f3000 	C:\WINDOWS\System32\combase.dll
0x00007ffba7c10000 - 0x00007ffba7ce9000 	C:\WINDOWS\System32\OLEAUT32.dll
0x00007ffb8fc30000 - 0x00007ffb8fc6b000 	C:\WINDOWS\SYSTEM32\dbgcore.DLL
0x00007ffba5f80000 - 0x00007ffba6028000 	C:\WINDOWS\System32\bcryptPrimitives.dll
0x00007ffb8c930000 - 0x00007ffb8c93f000 	C:\Users\Risky\.jdks\openjdk-21.0.2\bin\instrument.dll
0x00007ffb813b0000 - 0x00007ffb813cf000 	C:\Users\Risky\.jdks\openjdk-21.0.2\bin\java.dll
0x00007ffba7480000 - 0x00007ffba7c04000 	C:\WINDOWS\System32\SHELL32.dll
0x00007ffba30a0000 - 0x00007ffba3920000 	C:\WINDOWS\SYSTEM32\windows.storage.dll
0x00007ffba7ea0000 - 0x00007ffba7f96000 	C:\WINDOWS\System32\SHCORE.dll
0x00007ffba8060000 - 0x00007ffba80c7000 	C:\WINDOWS\System32\shlwapi.dll
0x00007ffba56b0000 - 0x00007ffba56d9000 	C:\WINDOWS\SYSTEM32\profapi.dll
0x00007ffb5e900000 - 0x00007ffb5e9d7000 	C:\Users\Risky\.jdks\openjdk-21.0.2\bin\jsvml.dll
0x00007ffb81370000 - 0x00007ffb81388000 	C:\Users\Risky\.jdks\openjdk-21.0.2\bin\zip.dll
0x00007ffb8c920000 - 0x00007ffb8c930000 	C:\Users\Risky\.jdks\openjdk-21.0.2\bin\net.dll
0x00007ffb9d9c0000 - 0x00007ffb9dae9000 	C:\WINDOWS\SYSTEM32\WINHTTP.dll
0x00007ffba4a30000 - 0x00007ffba4a9c000 	C:\WINDOWS\system32\mswsock.dll
0x00007ffb7e450000 - 0x00007ffb7e466000 	C:\Users\Risky\.jdks\openjdk-21.0.2\bin\nio.dll
0x00007ffb83890000 - 0x00007ffb838a0000 	C:\Users\Risky\.jdks\openjdk-21.0.2\bin\verify.dll
0x00007ffb96920000 - 0x00007ffb96947000 	C:\Users\Risky\.gradle\native\660c5614fbf4a5f2a75b1949f50a0caf5cd603558e7d8a26e50b933a0cfb79d1\windows-amd64\native-platform.dll
0x00007ffb5e880000 - 0x00007ffb5e8f7000 	C:\Users\Risky\.gradle\native\0.2.8\x86_64-windows-gnu\gradle-fileevents.dll
0x00007ffb7e4a0000 - 0x00007ffb7e4aa000 	C:\Users\Risky\.jdks\openjdk-21.0.2\bin\management.dll
0x00007ffb7e440000 - 0x00007ffb7e44b000 	C:\Users\Risky\.jdks\openjdk-21.0.2\bin\management_ext.dll
0x00007ffba66c0000 - 0x00007ffba66c8000 	C:\WINDOWS\System32\PSAPI.DLL
0x00007ffba3c00000 - 0x00007ffba3c33000 	C:\WINDOWS\SYSTEM32\IPHLPAPI.DLL
0x00007ffba66b0000 - 0x00007ffba66ba000 	C:\WINDOWS\System32\NSI.dll
0x00007ffb7e430000 - 0x00007ffb7e439000 	C:\Users\Risky\.jdks\openjdk-21.0.2\bin\extnet.dll
0x00007ffba4e30000 - 0x00007ffba4e4b000 	C:\WINDOWS\SYSTEM32\CRYPTSP.dll
0x00007ffba4440000 - 0x00007ffba4479000 	C:\WINDOWS\system32\rsaenh.dll
0x00007ffba4ae0000 - 0x00007ffba4b13000 	C:\WINDOWS\SYSTEM32\USERENV.dll
0x00007ffba5680000 - 0x00007ffba56aa000 	C:\WINDOWS\SYSTEM32\bcrypt.dll
0x00007ffba4c90000 - 0x00007ffba4c9c000 	C:\WINDOWS\SYSTEM32\CRYPTBASE.dll
0x00007ffb7e410000 - 0x00007ffb7e41e000 	C:\Users\Risky\.jdks\openjdk-21.0.2\bin\sunmscapi.dll
0x00007ffba60f0000 - 0x00007ffba6268000 	C:\WINDOWS\System32\CRYPT32.dll
0x00007ffba4f90000 - 0x00007ffba4fc0000 	C:\WINDOWS\SYSTEM32\ncrypt.dll
0x00007ffba4f40000 - 0x00007ffba4f7f000 	C:\WINDOWS\SYSTEM32\NTASN1.dll
0x00007ffb79710000 - 0x00007ffb79718000 	C:\WINDOWS\system32\wshunix.dll
0x00007ffba3cf0000 - 0x00007ffba3e3a000 	C:\WINDOWS\SYSTEM32\DNSAPI.dll
0x00007ffba4850000 - 0x00007ffba485d000 	C:\WINDOWS\SYSTEM32\DSPARSE.dll
0x00007ffb9d5d0000 - 0x00007ffb9d5db000 	C:\Windows\System32\rasadhlp.dll
0x00007ffb9cab0000 - 0x00007ffb9cb36000 	C:\WINDOWS\System32\fwpuclnt.dll
0x00007ffb5e6f0000 - 0x00007ffb5e87e000 	C:\Users\Risky\.jdks\openjdk-21.0.2\bin\awt.dll
0x00007ffba2680000 - 0x00007ffba2720000 	C:\WINDOWS\SYSTEM32\apphelp.dll
0x00007ffba2760000 - 0x00007ffba280a000 	C:\WINDOWS\system32\uxtheme.dll
0x00007ffba7cf0000 - 0x00007ffba7e4d000 	C:\WINDOWS\System32\MSCTF.dll
0x00007ffba66d0000 - 0x00007ffba6868000 	C:\WINDOWS\System32\ole32.dll
0x00007ffba4600000 - 0x00007ffba4636000 	C:\WINDOWS\SYSTEM32\ntmarta.dll
0x00007ffb68b50000 - 0x00007ffb68b68000 	C:\WINDOWS\system32\napinsp.dll
0x00007ffb6c2e0000 - 0x00007ffb6c2f3000 	C:\WINDOWS\System32\winrnr.dll
0x00007ffb6c2b0000 - 0x00007ffb6c2d2000 	C:\WINDOWS\system32\nlansp_c.dll
0x00007ffb9d230000 - 0x00007ffb9d246000 	C:\WINDOWS\system32\wshbth.dll
0x00007ffba0450000 - 0x00007ffba0457000 	C:\Users\Risky\.jdks\openjdk-21.0.2\bin\rmi.dll
0x00007ffb5e5e0000 - 0x00007ffb5e621000 	C:\Users\Risky\AppData\Local\Temp\jna-78970730\jna8916327077043612418.dll
0x00007ffba29f0000 - 0x00007ffba2a1f000 	C:\WINDOWS\system32\DWMAPI.DLL
0x00007ffad8e80000 - 0x00007ffad8f69000 	C:\Users\Risky\AppData\Local\Temp\sqlite-3.41.2.2-84c21a49-2445-4db3-a4fc-23e6bce67f22-sqlitejdbc.dll

dbghelp: loaded successfully - version: 4.0.5 - missing functions: none
symbol engine: initialized successfully - sym options: 0x614 - pdb path: .;C:\Users\Risky\.jdks\openjdk-21.0.2\bin;C:\WINDOWS\SYSTEM32;C:\WINDOWS\WinSxS\amd64_microsoft.windows.common-controls_6595b64144ccf1df_6.0.26100.8521_none_3e08b75ce33403b3;C:\Users\Risky\.jdks\openjdk-21.0.2\bin\server;C:\Users\Risky\.gradle\native\660c5614fbf4a5f2a75b1949f50a0caf5cd603558e7d8a26e50b933a0cfb79d1\windows-amd64;C:\Users\Risky\.gradle\native\0.2.8\x86_64-windows-gnu;C:\Users\Risky\AppData\Local\Temp;C:\Users\Risky\AppData\Local\Temp\jna-78970730

VM Arguments:
jvm_args: --add-opens=java.base/java.lang=ALL-UNNAMED --add-opens=java.base/java.lang.invoke=ALL-UNNAMED --add-opens=java.base/java.util=ALL-UNNAMED --add-opens=java.prefs/java.util.prefs=ALL-UNNAMED --add-exports=jdk.compiler/com.sun.tools.javac.api=ALL-UNNAMED --add-exports=jdk.compiler/com.sun.tools.javac.util=ALL-UNNAMED --add-opens=java.base/java.nio.charset=ALL-UNNAMED --add-opens=java.base/java.net=ALL-UNNAMED --add-opens=java.base/java.util.concurrent=ALL-UNNAMED --add-opens=java.base/java.util.concurrent.atomic=ALL-UNNAMED --add-opens=java.xml/javax.xml.namespace=ALL-UNNAMED --add-opens=java.base/java.time=ALL-UNNAMED -Xmx2048m -Dfile.encoding=UTF-8 -Duser.country=US -Duser.language=en -Duser.variant -javaagent:C:\Users\Risky\.gradle\wrapper\dists\gradle-9.5.1-bin\iq79hdu3mqx29lgffhp8bfmx\gradle-9.5.1\lib\agents\gradle-instrumentation-agent-9.5.1.jar 
java_command: org.gradle.launcher.daemon.bootstrap.GradleDaemon 9.5.1
java_class_path (initial): C:\Users\Risky\.gradle\wrapper\dists\gradle-9.5.1-bin\iq79hdu3mqx29lgffhp8bfmx\gradle-9.5.1\lib\gradle-daemon-main-9.5.1.jar
Launcher Type: SUN_STANDARD

[Global flags]
     intx CICompilerCount                          = 4                                         {product} {ergonomic}
     uint ConcGCThreads                            = 3                                         {product} {ergonomic}
     uint G1ConcRefinementThreads                  = 10                                        {product} {ergonomic}
   size_t G1HeapRegionSize                         = 1048576                                   {product} {ergonomic}
    uintx GCDrainStackTargetSize                   = 64                                        {product} {ergonomic}
   size_t InitialHeapSize                          = 536870912                                 {product} {ergonomic}
   size_t MarkStackSize                            = 4194304                                   {product} {ergonomic}
   size_t MaxHeapSize                              = 2147483648                                {product} {command line}
   size_t MaxNewSize                               = 1287651328                                {product} {ergonomic}
   size_t MinHeapDeltaBytes                        = 1048576                                   {product} {ergonomic}
   size_t MinHeapSize                              = 8388608                                   {product} {ergonomic}
    uintx NonNMethodCodeHeapSize                   = 5839372                                {pd product} {ergonomic}
    uintx NonProfiledCodeHeapSize                  = 122909434                              {pd product} {ergonomic}
    uintx ProfiledCodeHeapSize                     = 122909434                              {pd product} {ergonomic}
    uintx ReservedCodeCacheSize                    = 251658240                              {pd product} {ergonomic}
     bool SegmentedCodeCache                       = true                                      {product} {ergonomic}
   size_t SoftMaxHeapSize                          = 2147483648                             {manageable} {ergonomic}
     bool UseCompressedOops                        = true                           {product lp64_product} {ergonomic}
     bool UseG1GC                                  = true                                      {product} {ergonomic}
     bool UseLargePagesIndividualAllocation        = false                                  {pd product} {ergonomic}

Logging:
Log output configuration:
 #0: stdout all=warning uptime,level,tags foldmultilines=false
 #1: stderr all=off uptime,level,tags foldmultilines=false

Environment Variables:
JAVA_HOME=C:\Users\Risky\.jdks\openjdk-25.0.2
PATH=C:\Program Files\WindowsApps\Microsoft.PowerShell_7.6.2.0_x64__8wekyb3d8bbwe;C:\Users\Risky\.codex\tmp\arg0\codex-arg0svK8US;C:\Users\Risky\scoop\persist\nodejs-lts\bin\node_modules\@openai\codex\node_modules\@openai\codex-win32-x64\vendor\x86_64-pc-windows-msvc\codex-path;C:\Program Files\Microsoft\jdk-11.0.16.101-hotspot\bin;C:\Windows\system32;C:\Windows;C:\Windows\System32\Wbem;C:\Windows\System32\WindowsPowerShell\v1.0\;C:\Windows\System32\OpenSSH\;C:\Program Files (x86)\NVIDIA Corporation\PhysX\Common;C:\Program Files\Microsoft SQL Server\Client SDK\ODBC\170\Tools\Binn\;C:\Program Files (x86)\Microsoft SQL Server\160\Tools\Binn\;C:\Program Files\Microsoft SQL Server\160\Tools\Binn\;C:\Program Files\Microsoft SQL Server\160\DTS\Binn\;C:\Program Files\Docker\Docker\resources\bin;C:\WINDOWS\system32;C:\WINDOWS;C:\WINDOWS\System32\Wbem;C:\WINDOWS\System32\WindowsPowerShell\v1.0\;C:\WINDOWS\System32\OpenSSH\;C:\Program Files\dotnet\;C:\xampp\php;C:\Program Files\MongoDB\DatabaseTools\bin;C:\Users\Risky\AppData\Local\Packages\PythonSoftwareFoundation.Python.3.11_qbz5n2kfra8p0\LocalCache\local-packages\Python311\Scripts;C:\Program Files\Git\cmd;C:\Users\Risky\scoop\apps\nodejs-lts\current\bin;C:\Users\Risky\scoop\apps\nodejs-lts\current;C:\Users\Risky\.jdks\openjdk-25.0.2\bin;C:\Users\Risky\scoop\apps\composer\current\home\vendor\bin;C:\Users\Risky\AppData\Local\Programs\Python\Python311\Scripts\;C:\Users\Risky\AppData\Local\Programs\Python\Python311\;C:\Users\Risky\scoop\apps\nodejs\current\bin;C:\Users\Risky\scoop\apps\nodejs\current;C:\Users\Risky\scoop\shims;C:\Users\Risky\AppData\Local\Microsoft\WindowsApps;C:\Users\Risky\AppData\Local\Programs\Microsoft VS Code\bin;C:\Users\Risky\AppData\Local\GitHubDesktop\bin;C:\Program Files\JetBrains\IntelliJ IDEA Community Edition 2023.3.3\bin;C:\Users\Risky\.dotnet\tools;C:\Program Files\MongoDB\mongosh-2.5.8-win32-x64\bin;C:\Program Files\MongoDB\DatabaseTools\bin;C:\Program Files\JetBrains\PyCharm 2025.3.3\bin;C:\Users\Risky\AppData\Local\JetBrains\Toolbox\scripts;C:\Program Files\JetBrains\PhpStorm 2026.1\bin;C:\Users\Risky\AppData\Local\PowerToys\DSCModules\
USERNAME=Risky
OS=Windows_NT
PROCESSOR_IDENTIFIER=AMD64 Family 25 Model 33 Stepping 0, AuthenticAMD
TMP=C:\Users\Risky\AppData\Local\Temp
TEMP=C:\Users\Risky\AppData\Local\Temp




Periodic native trim disabled

---------------  S Y S T E M  ---------------

OS:
 Windows 11 , 64 bit Build 26100 (10.0.26100.8521)
OS uptime: 2 days 1:57 hours
Hyper-V role detected

CPU: total 12 (initial active 12) (12 cores per cpu, 2 threads per core) family 25 model 33 stepping 0 microcode 0xa201016, cx8, cmov, fxsr, ht, mmx, 3dnowpref, sse, sse2, sse3, ssse3, sse4a, sse4.1, sse4.2, popcnt, lzcnt, tsc, tscinvbit, avx, avx2, aes, erms, clmul, bmi1, bmi2, adx, sha, fma, vzeroupper, clflush, clflushopt, hv, rdtscp, rdpid, fsrm, f16c, cet_ss
Processor Information for all 12 processors :
  Max Mhz: 3701, Current Mhz: 3701, Mhz Limit: 3701

Memory: 4k page, system-wide physical 32676M (9826M free)
TotalPageFile size 34724M (AvailPageFile size 6230M)
current process WorkingSet (physical memory assigned to process): 2923M, peak: 2925M
current process commit charge ("private bytes"): 2962M, peak: 2968M

vm_info: OpenJDK 64-Bit Server VM (21.0.2+13-58) for windows-amd64 JRE (21.0.2+13-58), built on 2024-01-05T18:32:24Z by "mach5one" with MS VC++ 17.1 (VS2022)

END.
